"Data Source","World Development Indicators",

"Last Updated Date","2026-04-08",

"Country Name","Country Code","Indicator Name","Indicator Code","1960","1961","1962","1963","1964","1965","1966","1967","1968","1969","1970","1971","1972","1973","1974","1975","1976","1977","1978","1979","1980","1981","1982","1983","1984","1985","1986","1987","1988","1989","1990","1991","1992","1993","1994","1995","1996","1997","1998","1999","2000","2001","2002","2003","2004","2005","2006","2007","2008","2009","2010","2011","2012","2013","2014","2015","2016","2017","2018","2019","2020","2021","2022","2023","2024","2025",
"Aruba","ABW","Age dependency ratio, old (% of working-age population)","SP.POP.DPND.OL","5.2291284785869","5.22231680963919","5.25622066482351","5.30217007317689","5.38292675385709","5.50066674748454","5.65470878695937","5.88131506204787","6.18629173989455","6.54582663353311","6.93150284796261","7.31479590348087","7.6470760319457","7.91874677224996","8.16672314469671","8.39484165668607","8.64177222130833","8.91422718205833","9.15008368978985","9.32542275424061","9.49023026821888","9.73279065652097","10.0687867610408","10.3604264475743","10.547872596733","10.6727858607558","10.8001497940332","10.9802641490484","11.1777888446215","11.1393208505236","10.704911442692","9.95645334123709","9.44668184205918","9.35184240073492","9.33940774487472","9.3249502408899","9.29456035899157","9.32762918547463","9.41132297244352","9.51816302658356","9.71411394307592","10.0499678889742","10.4206486100104","10.7897885919426","11.1902690704023","11.5982468955442","11.9869014448625","12.3588286526078","12.7549933989183","13.1805724295765","13.6129931963207","14.0913020441172","14.6570060241791","15.295487154498","16.0046760366558","16.7914338422052","17.6559329274805","18.5827745152057","19.5828661740669","20.6479874145601","21.7012175057585","22.5907080566223","23.5192294269561","24.6358729936216","25.8044632475519","",
"Africa Eastern and Southern","AFE","Age dependency ratio, old (% of working-age population)","SP.POP.DPND.OL","5.63154467237812","5.60733259627163","5.5855463949743","5.57057514071277","5.56231078750241","5.56234143234721","5.56974933517969","5.58284456199671","5.60035949823624","5.61891357498186","5.63891741902026","5.66034603875986","5.6814948487877","5.69931843999193","5.71249385235141","5.72348301010311","5.73733721605394","5.75307869082316","5.76818127227649","5.78670656457196","5.79511025709638","5.7976048114692","5.80395642215081","5.80103380505449","5.79743453475376","5.79573181542161","5.79031084108497","5.7994210303684","5.80068069797986","5.78051044810724","5.75764368556834","5.74036195951615","5.73755578891613","5.71917508559774","5.70224703350598","5.70454651459045","5.72256320212973","5.73891460739258","5.72794381532512","5.71283653581504","5.70220353306136","5.69030538350102","5.67610561690698","5.66037934327913","5.6439521781123","5.62868335168023","5.61232104579478","5.59345473040454","5.56950691818474","5.54450560029203","5.52609411655137","5.51532941095865","5.51723355661823","5.52865848399897","5.54714770706973","5.56804904763911","5.59152162738095","5.62381960479071","5.66874673438908","5.72192420357706","5.75932501219472","5.77714314489251","5.80544611517879","5.85327490994489","5.90940515582509","",
"Afghanistan","AFG","Age dependency ratio, old (% of working-age population)","SP.POP.DPND.OL","5.11201905233701","5.09290674973051","5.06917574290293","5.04656900335327","5.02945951585938","5.01989044519751","5.01582479203084","5.01390445065547","5.01248531013096","5.00886640348956","5.00236018280387","4.99330965814889","4.98193176224362","4.97009804586322","4.9605227965993","4.95375897619434","4.94936349748289","4.94737887942241","4.94086745882622","4.92122814263453","4.89422495246609","4.86620101114549","4.81870229007634","4.75827707854952","4.67395898689905","4.56974700710311","4.50327398425093","4.47157082528498","4.4584083090799","4.46622971284846","4.47790881741105","4.49160395158615","4.50974098903797","4.53904164372607","4.57603372103597","4.61138198547922","4.64444093224788","4.67498487040001","4.70005695823933","4.72214961527294","4.74077396485904","4.75504748362933","4.76644897360256","4.77281869463128","4.77063070542604","4.76030753854437","4.74549781638364","4.72854695742565","4.71178807569322","4.69716506712254","4.6857602031036","4.67814503564169","4.67052179557662","4.65403911752632","4.62696994412791","4.58644314291051","4.54351582672391","4.51402627677695","4.49396889834487","4.47933729391896","4.43914504829198","4.37770795171109","4.35612777763319","4.37077621707188","4.388419486435","",
"Africa Western and Central","AFW","Age dependency ratio, old (% of working-age population)","SP.POP.DPND.OL","6.00968673701659","6.03815402923995","6.08583866136042","6.13326001267027","6.17539826928337","6.20371023029379","6.21919837471689","6.22459659485327","6.22687007328845","6.22986749944981","6.22501412297582","6.20771669482142","6.19083820416299","6.18346386252098","6.18108843095175","6.18229273638691","6.18564783163012","6.19839182350289","6.22086624398667","6.2433648941176","6.24936853646285","6.24191859412486","6.24482047553515","6.26258743881801","6.27709097060018","6.27978786459377","6.27660838905459","6.26662752486712","6.24895229839824","6.22483217599246","6.19793503160896","6.16518513341923","6.12454505503123","6.08189651668051","6.03817078777214","5.99321762705766","5.95006163538963","5.9082241894815","5.86357904484744","5.81954484713579","5.78074973483143","5.74821883832335","5.72277845319246","5.70062180088715","5.67809775348696","5.65672307840621","5.63849267330463","5.62338138654245","5.61267091522948","5.60313750541169","5.59513979965478","5.58809971467816","5.57813161770021","5.55723635096318","5.52022944828888","5.4845790562945","5.45661899736671","5.43141159475665","5.41240904237989","5.39950412997055","5.37962970801306","5.35875609840461","5.35196199025175","5.35486931780497","5.36273821626242","",
"Angola","AGO","Age dependency ratio, old (% of working-age population)","SP.POP.DPND.OL","5.67810009324261","5.72766182840252","5.7630219048421","5.79088079480342","5.81473338476244","5.82713251880659","5.82129187887472","5.79797287146247","5.7587964804951","5.70726234718851","5.63958385708434","5.54330187225644","5.41310378393078","5.26686137801","5.1243546224971","4.98674127908126","4.85466888831645","4.7311509785465","4.61870320706505","4.5194872186218","4.43264489384234","4.35969873634701","4.30126418806004","4.25140256613645","4.21140937931555","4.18868874473916","4.18515335868422","4.19186151780416","4.20913913347125","4.24478891684836","4.29553939420122","4.36824830969447","4.45301771144291","4.5453011089829","4.652014849535","4.76150385167441","4.86671766795428","4.96427061752311","5.04605367483191","5.11503759296303","5.17112346657499","5.21395522473265","5.24598736378975","5.26924037478177","5.28229913991508","5.28176337692903","5.27331157032931","5.26136834340825","5.25061394255842","5.24219089103205","5.23672806401739","5.23435822152868","5.23168950973095","5.21917693858738","5.1939935127494","5.17212078342062","5.16027800975551","5.15758844517842","5.16801296963736","5.18975971866823","5.21599287315968","5.2433838868343","5.28569257130962","5.34330628457074","5.40265925477314","",
"Albania","ALB","Age dependency ratio, old (% of working-age population)","SP.POP.DPND.OL","10.28647942506","10.154306928438","9.95162175192432","9.77983914844562","9.63365447607964","9.51539277159435","9.42331451239774","9.35006163158778","9.29046258061436","9.23185003217999","9.1651635179657","9.09758068365461","9.04396005101696","9.0135996005991","8.99321240726794","8.98538629623149","8.99102344320755","9.00906886589171","9.03832949579724","8.96740203368772","8.82035900978066","8.68761552680222","8.56100893034476","8.45746602725328","8.39392102395241","8.44638022994153","8.5336865185018","8.55535818446329","8.55656664760213","8.57624218057211","8.6862333139416","8.86161395571067","9.08171673275681","9.35791969044956","9.6604777905077","9.99089423994055","10.313422317311","10.6141911918562","10.9270388716792","11.2669916399622","11.6263082016232","12.0045944974343","12.4048139740253","12.8241109299367","13.2671845040829","13.7471071567236","14.2663678039037","14.8025264136888","15.3192410529438","15.7883182425033","16.2057091854072","16.5496727111853","16.8761785846272","17.2845427924315","17.7755468378006","18.3209237978045","18.868913223145","19.4491437718197","20.1296242402723","20.9507530206723","21.8088735207878","22.6610909294704","23.5463358952896","24.4569148737835","25.5490385989425","",
"Andorra","AND","Age dependency ratio, old (% of working-age population)","SP.POP.DPND.OL","10.6135458167331","9.86454652532391","9.22992900054615","8.67521910326432","8.10618630007111","7.65990466688837","7.4600539531023","7.44752877454299","7.51818916734034","7.62436463628031","7.69943624990347","7.74899828277046","7.79840848806366","7.83143648108274","7.86208473897879","7.95799797452161","8.12091584775777","8.3145856767904","8.53189514168251","8.78067163554141","9.09633520353349","9.42995755003032","9.73323198320484","10.0339311682016","10.3417415227551","10.7441431704759","11.1134702296096","11.6059222199599","12.2178400604179","12.8945931185145","13.3127097315436","12.9991585527107","12.9422865230382","13.3090148897137","13.7154554759468","14.336324487155","14.988400059596","15.5016351935858","15.9166509759618","16.4080796252927","17.0371305885325","17.7504801705397","18.3754406580494","18.0241040912997","16.9154872325487","16.2937322289529","16.1552191672674","16.2475854259642","16.6029349282609","17.1983469724441","17.6291116024751","17.6727533118511","17.6587877030162","17.7825587002485","17.9452728786617","18.0134777655487","18.1075351705531","18.3200361282553","18.6557962346099","19.0810488892097","19.6411355115158","20.1745877788555","20.6826613043026","21.3162124269056","22.0955795312341","",
"Arab World","ARB","Age dependency ratio, old (% of working-age population)","SP.POP.DPND.OL","6.55201342644319","6.62465423319251","6.71166513875465","6.78735935758844","6.84933216923229","6.89866313658545","6.92041259293487","6.91512018461177","6.89956330987487","6.87479191137103","6.84527390548841","6.81321639548709","6.77988454694815","6.73966138727798","6.69231213958465","6.65163489557735","6.61347859886077","6.55606774330573","6.47807429265133","6.39810474597185","6.3235375018621","6.25775743520393","6.19949177915091","6.14828337106284","6.11180768684529","6.08602424066849","6.07035981123592","6.06273357050112","6.05612156267649","6.05200226752497","6.03492640140881","6.02980837872874","6.03943019176596","6.06582416666035","6.09171377109975","6.1194019258454","6.15256430494132","6.18511019506958","6.20056843301181","6.19975275987334","6.18836247981289","6.16903131881548","6.14787109943232","6.12345240064217","6.09066899994447","6.0509078747024","6.00342366172637","5.94798743115968","5.9072421867419","5.88879695057016","5.90303930179","5.92937362589403","5.97472671610654","6.03630806721993","6.11122976675198","6.18842300434822","6.28943722937928","6.42917620315858","6.59678663175612","6.76084344673523","6.88496768852463","6.98229171169315","7.0645688602283","7.19977583468054","7.3493089358491","",
"United Arab Emirates","ARE","Age dependency ratio, old (% of working-age population)","SP.POP.DPND.OL","3.92289009549726","3.67819095238661","3.45587008508982","3.25787031230403","3.07960659873465","2.91439489258586","2.75869386455874","2.61297652108054","2.43718499159978","2.27438930711323","2.18116630186935","2.1501637627222","2.1650979695732","2.22454226824848","2.33576852692402","2.50208680053298","2.46240366116051","2.2357815501812","2.03159219852041","1.84306440686279","1.67777598484002","1.61662432314523","1.63552116934867","1.64917296113081","1.65904413191185","1.66722958394908","1.65013346963704","1.60682843455005","1.56143971396458","1.51846588251373","1.48062951237844","1.44920843436751","1.42445372259774","1.40477294751568","1.38629220583309","1.36562977671065","1.37279958273569","1.41481813826511","1.47303155025921","1.54834133326957","1.63707358305082","1.73384730303855","1.83485394133533","1.94174670639302","2.0605743460485","2.19755536899655","2.25436350690054","2.0918992450882","1.90587357173737","1.80359437165503","1.7403544703958","1.75101155322922","1.79561065593851","1.81571015343272","1.83265726414651","1.84245439827462","1.81781346515606","1.80887229441966","1.83531134154989","1.86744698747682","1.91077828079465","1.97775163351003","2.00249458778694","2.06871808394946","2.15162324109996","",
"Argentina","ARG","Age dependency ratio, old (% of working-age population)","SP.POP.DPND.OL","8.30679274738743","8.54201839177579","8.7698580916046","8.98792870727025","9.20288359444369","9.41750728895851","9.63690654336172","9.85346845268057","10.0562854274097","10.2399997225175","10.4304669908179","10.6323357202466","10.8263474428866","11.0152764027287","11.2113917729227","11.4222422216083","11.6440599069455","11.8787545045085","12.1191594478179","12.3426017297409","12.536174892269","12.7181811791895","12.8747891889234","12.9941779918746","13.098460403419","13.2225346727655","13.381051923641","13.5550305399106","13.7416597527443","13.9389674837017","14.1270679797528","14.3212270093465","14.5270114666655","14.7128960683514","14.8873200831267","15.0429732588397","15.1742697360222","15.2977390286372","15.3961806546103","15.4691295041642","15.536780754278","15.6034995940423","15.6661577646685","15.7037442216745","15.7354699936422","15.7937377274489","15.8706830163712","15.93391967577","16.0118370960437","16.1379071006065","16.2743145548326","16.4339146497796","16.6176610722898","16.8020097973001","16.9976536718042","17.2149420931919","17.428506034874","17.6360406247971","17.8664360458422","18.0994378665041","18.2822768577117","18.3808404939187","18.4528820822776","18.600375437612","18.8178147185688","",
"Armenia","ARM","Age dependency ratio, old (% of working-age population)","SP.POP.DPND.OL","10.0176394155952","9.67543572018418","9.32902629190804","9.00484784622674","8.74708266059637","8.5692656069251","8.46808088001957","8.44343159090874","8.47447472044753","8.53185892883661","8.60448202839236","8.66887802936769","8.7063569992452","8.72674761553264","8.73980746273016","8.74085490166493","8.68117021331571","8.55472635860485","8.39274815294935","8.28462750228754","8.20502827912354","8.04612400096182","7.86482165553528","7.7281683491867","7.60856112457345","7.49194279979075","7.41110663456043","7.39672186566773","7.45696661353162","7.576532101932","7.84377547681264","8.27434883830075","9.09116249435876","10.2566992207136","11.3577335436302","12.2807305818753","12.9729425871301","13.5882662509119","13.9186295503212","13.9916417743559","14.1601550296688","14.5669248346944","15.1157224022065","15.6446414144128","16.1035943261704","16.4324533577882","16.5581288587837","16.4184771795511","16.0632649243199","15.6399045640536","15.3275061207324","15.2071899840717","15.2554042984527","15.3767531899183","15.542233190204","15.8403518094083","16.2618213310109","16.7625534481544","17.2645182175621","17.8042980623195","18.2897095679418","18.7082798282625","19.2126210693179","19.6465364272266","20.4335707649427","",
"American Samoa","ASM","Age dependency ratio, old (% of working-age population)","SP.POP.DPND.OL","5.47253426775224","5.29821073558648","5.11130218782841","4.97100248550124","4.93377189083474","4.97204301075269","4.99416374854094","5.03841488071169","5.05287896592244","4.98484848484849","4.91346435904958","4.83446066215735","4.76652348621311","4.72813238770686","4.7502964817499","4.79057256308441","4.83019805053703","4.88054402118313","4.96031746031746","5.05096262740657","5.10226402712458","5.11301064555037","5.13502660375464","5.19305669086888","5.23647091361667","5.26245964710565","5.28819606677144","5.33022913858596","5.39573999842804","5.47105561861521","5.55942645494884","5.65131696828525","5.71839786569312","5.76354001789278","5.78766198704104","5.78553450788184","5.75366511718623","5.69167942827973","5.63155423383941","5.58950892171616","5.6454055363741","5.81349863087895","6.00071972650393","6.1716201251085","6.30584859986253","6.39021479713604","6.43941649300387","6.46732191109659","6.48573375603686","6.49677381163796","6.59639176779756","6.82420104761344","7.10334274952919","7.44023874951984","7.80743253295248","8.15952945413078","8.50928478385993","8.86141794926716","9.21097398781355","9.55778800112665","9.95035817519165","10.4280940672089","10.9572431397575","11.6270779999352","12.3860007243275","",
"Antigua and Barbuda","ATG","Age dependency ratio, old (% of working-age population)","SP.POP.DPND.OL","6.8695680061576","7.0820189274448","7.42657604290079","7.82238405282809","8.25050007693491","8.65218464576648","8.96683752238622","9.19948154548821","9.34461538461538","9.40748440748441","9.55337231028871","9.84543408740969","10.1988959957943","10.5896267235908","10.9763734699687","11.3415933172619","11.686092970709","12.0081190798376","12.3089193141034","12.5953998954522","12.8713635311367","13.1302121619224","13.398038823294","13.6664689600633","13.9208739297313","14.2019156993293","14.456627619452","14.6313189859382","14.7384216282205","14.7764911289701","14.7329983943647","14.502698535081","14.0748352171625","13.6183921511202","13.2127988580944","12.8307399763467","12.4431985169444","12.0786578779127","11.7634403975647","11.5104889225207","11.3447452884536","11.2231928500817","11.0943874519745","10.9388072769725","10.7766118087811","10.6085032993401","10.4594976942439","10.3575543713092","10.2947661803877","10.2834120108592","10.3530170147076","10.4993000466636","10.6807896635404","10.8867512731388","11.1368575811813","11.4676070146587","11.9092775748836","12.3931557396192","12.8403886619631","13.3198928868232","13.8858658164595","14.5030937285158","15.1761228594064","15.9321879414848","16.7363319703165","",
"Australia","AUS","Age dependency ratio, old (% of working-age population)","SP.POP.DPND.OL","13.9151776134795","13.9225968707054","13.9156124926634","13.8894706103672","13.8361041250644","13.7731190276733","13.6981887105408","13.6047192917686","13.4849759619388","13.3671316482304","13.2834747865477","13.2473494733191","13.2965795167311","13.3968092641594","13.4961093360454","13.6457986049863","13.8466786199035","14.0398202091362","14.2501704191164","14.4908857169712","14.7185258307829","14.8983687218664","15.027910269191","15.1370307683211","15.2659338310298","15.4465156908951","15.689866481456","15.9281492578669","16.1297533377425","16.3126047294318","16.5291684019817","16.8131613577418","17.0988166420432","17.3674286399555","17.5983132475683","17.7827746880806","17.9502558769531","18.0959580722704","18.224404660748","18.3330089340904","18.4404914467146","18.5772011959242","18.7127323974033","18.8398708904641","18.9836966228745","19.1310333967163","19.2717494706077","19.3981662950467","19.5189082391702","19.7257997705892","20.0725746708257","20.5282558448571","21.0375343205585","21.5386207048104","22.023452328806","22.5076119973565","22.9691602900349","23.3956977573784","23.8439530509551","24.383152985158","25.0972747499351","25.8365969160502","26.3953996352404","26.9162142219747","27.519057179328","",
"Austria","AUT","Age dependency ratio, old (% of working-age population)","SP.POP.DPND.OL","18.5889712246832","19.048128520604","19.4695948727504","19.8337155417274","20.2863991264322","20.7528923017784","21.2113823305597","21.6833472645249","22.122658212248","22.5251750651696","22.848406567065","23.1061243539318","23.3043409294624","23.4644310301501","23.7042855873643","24.0028978396431","24.153958518156","24.2311440141736","24.2923418753771","24.2757299557391","23.9810564052571","23.2566113867622","22.4022555318663","21.5887108665938","21.0687725171319","21.0118230709443","21.2023535540955","21.496289542305","21.8043510515571","22.0209258364594","22.1456331259918","22.1881819587581","22.1673237572508","22.2178870386116","22.3897784251986","22.5990946204571","22.7544960691028","22.8554705891266","22.9175536033103","22.9102271874287","22.86869068553","22.8344591635677","22.7628149593534","22.7242497283164","23.1247243722882","23.9218490166299","24.6909931169087","25.2382480438271","25.6126857720541","25.9909604632212","26.1541616403599","26.2297760150434","26.568481889328","26.9914648694755","27.318129486323","27.4580985301057","27.5567053741573","27.7872565537207","28.0845637081627","28.4231538747662","28.8540609192752","29.4105369475508","30.0463466946349","30.7690996579744","31.6215972647535","",
"Azerbaijan","AZE","Age dependency ratio, old (% of working-age population)","SP.POP.DPND.OL","8.4250583867563","8.45905022942524","8.46636333256214","8.4453447015702","8.41115160407978","8.36843411731221","8.32226609654013","8.27219452245743","8.20856584770996","8.12198511913939","8.01775806847484","7.90152800362463","7.77310477982058","7.63283917785837","7.48252773891391","7.32230711534305","7.10956748349445","6.85404465283806","6.60349440090911","6.40791044670482","6.26141362086862","6.11825772321425","5.97263627100153","5.92133711508697","5.88843967714982","5.87504246229372","5.86269791072219","5.8349426138399","5.89736587156897","6.08714077366797","6.36975925984428","6.66488086438758","6.97707801266277","7.40494894506013","7.79230757839192","8.09616318704143","8.25234697677974","8.29181306617261","8.34274093160361","8.41961672270512","8.63005351996707","8.90168125881978","9.18303606670041","9.42917773736412","9.57093062897039","9.60726491342304","9.54260215563431","9.32890942329932","8.97667201686161","8.55708754849313","8.20031567067559","7.96573599282772","7.88215414407112","7.93265094933928","8.0275133076286","8.19052038402182","8.45991738356804","8.77853818175382","9.11542958513083","9.49171613914909","9.87193498007914","10.2523156445265","10.8021840953996","11.5019744121837","12.2870081142983","",
"Burundi","BDI","Age dependency ratio, old (% of working-age population)","SP.POP.DPND.OL","6.10778904054948","6.12670318059093","6.1591520569635","6.22513557937422","6.25267122300231","6.24511070841503","6.23045684118149","6.2221881727253","6.22394479260739","6.24156095121302","6.26122048234134","6.26486403474158","6.346843519702","6.42014467039716","6.39404384626558","6.38601887119829","6.39262503374918","6.37563947702364","6.33821206365089","6.33143766349394","6.22453219131018","6.12880071667599","6.12501666444474","6.10870563778222","6.10108023793872","6.09931942085447","6.09867174313748","6.0545687433448","5.98550330760833","5.91265077523872","5.82138492044443","5.7116212276096","5.5583402951824","5.70987701195861","5.64377278367447","5.28714611098112","5.22134536276691","5.17590846604605","5.06490738425339","4.94947015525533","4.86379707912171","4.78067242305169","4.70879920633674","4.64308871780784","4.57316182194278","4.51515418593954","4.46971672860984","4.43118482465361","4.38795758135832","4.34606219936303","4.32055271818834","4.31003085276233","4.30603897152064","4.31030586219825","4.30564851347226","4.38203842943666","4.53751479858361","4.65689096882295","4.73304468913439","4.77851062610224","4.81160185640227","4.82540970645175","4.8245196125139","4.81592281877078","4.79788121222979","",
"Belgium","BEL","Age dependency ratio, old (% of working-age population)","SP.POP.DPND.OL","18.6364880774057","18.9295209601197","19.228135704008","19.4361698139905","19.6799556417332","19.9795517423119","20.2963431227428","20.6280019448853","20.8611794582942","21.0389569779747","21.2259015681497","21.3994198259478","21.58291739742","21.7485637893987","21.8635344131199","21.9322261989246","21.9456490893901","22.0036476138395","22.1011815243303","22.1626299416259","22.0638669969284","21.7014395050053","21.1721798671226","20.5867352706555","20.2632409704356","20.3868818410235","20.7138867981696","21.0782189944362","21.4884010713049","21.8918869523219","22.2929232851508","22.6899685049682","23.027487344722","23.3269681315097","23.6430113013696","24.0418778592771","24.4625914603035","24.842928935269","25.1634200778072","25.4124015245279","25.6222560431933","25.7799337248938","25.8990161417701","26.0303575107711","26.1866876328982","26.2321228108993","26.0746344195063","25.8850353706051","25.8449174038091","25.9045227223584","25.9578775632003","26.2288294286833","26.6896584699116","27.1405902034258","27.6172977436503","28.0118130969984","28.3891844174902","28.8394533978878","29.2765038481693","29.6972645744296","30.0489982917654","30.4579943766813","31.0301816008501","31.6929144636952","32.4025966172098","",
"Benin","BEN","Age dependency ratio, old (% of working-age population)","SP.POP.DPND.OL","10.9364942018964","10.7701619913756","10.629494025169","10.5036044551988","10.3918840028314","10.2922678052328","10.194109610734","10.0963026655202","10.0011791692264","9.90775638863633","9.81437947403734","9.71950698862401","9.62206922059609","9.5204201626024","9.4102463385893","9.29063117420069","9.16104443061828","9.02263679271275","8.87862151148563","8.73006411618662","8.57910064832006","8.42685649240766","8.27497593817245","8.12368096427085","7.9744944023113","7.82860122541721","7.68743010788404","7.55124671370903","7.42102262201767","7.29488801469965","7.17055964985194","7.04930049456735","6.93253750509119","6.73009520973411","6.58673739167933","6.55225858835224","6.48572689962708","6.40258973371776","6.31648504300337","6.23233072285175","6.15297948943975","6.07894341622403","6.00940081795013","5.947421214825","5.89805378134833","5.85380922669105","5.82486515288516","5.81361359047742","5.80393983049662","5.79075510991406","5.77666835953234","5.7612144358467","5.73868575091903","5.71921139178504","5.69712208930196","5.67097048784857","5.64971913433023","5.63172052147014","5.61766496035373","5.60784930683602","5.59776150965385","5.58533851884417","5.58684408386955","5.60659782608136","5.63560990550894","",
"Burkina Faso","BFA","Age dependency ratio, old (% of working-age population)","SP.POP.DPND.OL","4.59227602128414","4.68492815297115","4.77945881294473","4.88751293756521","5.009108831476","5.13333268918072","5.25982418485441","5.38959461206357","5.52019984587068","5.64908477682538","5.77579293472802","5.90156850771834","6.02401626873464","6.14250490122868","6.25836258941897","6.37121442224206","6.47985122688925","6.5800783737593","6.67237346992506","6.75643828708061","6.82879295735362","6.8906453104749","6.94193804826309","6.97888332576533","7.00223190798792","7.01537767469341","7.02008238159273","7.01488019891181","6.99513892281922","6.95933802099991","6.90750855742333","6.84739355245205","6.77668387998206","6.68751041093125","6.58179039788174","6.46543463328029","6.34645110969297","6.22471564319543","6.09371392987326","5.95888216808494","5.8284306359989","5.70627288644226","5.59671955609244","5.50055716106383","5.41581776690012","5.34207554507686","5.28214246444557","5.24070595899134","5.22039191738327","5.21641316418253","5.22153230294905","5.22714239567419","5.21801633830734","5.16323873251404","5.07683805173432","5.00087646500176","4.93980781308108","4.89216736712978","4.85790805701075","4.83430113076264","4.81197292163086","4.78475045661167","4.76634323413435","4.76684003311447","4.77399368355209","",
"Bangladesh","BGD","Age dependency ratio, old (% of working-age population)","SP.POP.DPND.OL","5.30405274895297","5.28756951931438","5.28860607233469","5.3101737134468","5.35405547417189","5.40639799727864","5.46534707984148","5.53585322989267","5.61213008520188","5.69458635217797","5.76567686865053","5.69577932552109","5.65442085515595","5.75929112448353","5.86486339734746","5.98499377208465","6.11372023781683","6.24109050260193","6.36414573419595","6.47941488172274","6.5832692655661","6.65779239138689","6.6968726235894","6.71759999774748","6.72782445667134","6.72676608186451","6.71321477181679","6.68275793141332","6.63643468366044","6.57834821707246","6.50902652065697","6.42244417613743","6.32799155116521","6.2379732490545","6.1481436902179","6.06217767281237","5.98604139561545","5.92329582936759","5.877767091761","5.85048846946689","5.84539079116541","5.86789252454913","5.91576715658698","5.98364295448218","6.06403552107259","6.15323814564069","6.25483192391766","6.3719037093988","6.50584958273277","6.65505567963701","6.81767435451691","6.9977307992859","7.18427722271008","7.35009257974433","7.49808224678947","7.67049516937057","7.88083150095721","8.13253782885509","8.42340995776793","8.73026000966038","8.99007678263529","9.19731840432484","9.42496463313091","9.67649438187319","9.91940845499206","",
"Bulgaria","BGR","Age dependency ratio, old (% of working-age population)","SP.POP.DPND.OL","11.2105567728889","11.4822954037836","11.7063342548642","11.8725727919745","12.0558304933848","12.3961096918257","12.8095425263241","13.102029336741","13.4384260021265","13.8094819168243","14.2115851480649","14.6560906979674","15.0721941131105","15.4647984154785","15.8490679396828","16.267454612648","16.6688739804309","17.071722705356","17.2438732625255","17.47511117266","17.9415303766376","17.8900809351615","17.3221264310057","16.7431977274269","16.588088320386","16.9534547445416","17.4968059366757","18.0232006262237","18.508131320007","19.0896773409199","19.8065788373174","20.4936579536219","21.1295024667873","21.6823341419126","22.1279929085326","22.5462251625529","22.9157671808832","23.2601566932634","23.6570840780349","24.1063598831407","24.4799142278556","24.7188621199174","24.9044673883938","24.9864102483246","25.0406936254597","25.128847688917","25.2571907341642","25.4408247493891","25.7120999745836","26.060509394781","26.5326291420906","27.2477535029216","28.076436035197","28.8982361986538","29.7739429603305","30.675328073494","31.46232838734","32.1279732745267","32.8088484425256","33.4917780909335","33.9484978540773","34.0103893114017","34.0277801361838","34.3118894334567","34.6960740519605","",
"Bahrain","BHR","Age dependency ratio, old (% of working-age population)","SP.POP.DPND.OL","4.84399203363576","4.83379501385042","4.83738248544568","4.85725101109716","4.89651300121977","4.96215306980656","5.04372773124798","5.128879298621","5.23968884062873","5.34802378454005","5.39438634358592","5.28562398929577","5.04005391578722","4.78255315525023","4.54102719351357","4.31613767127894","4.11201640932141","3.92452548676905","3.74638616288027","3.57205120835316","3.41829713130269","3.33804137135392","3.32702906066337","3.32877675363224","3.32900621304439","3.33268410915622","3.3349415656315","3.32564128290024","3.30889234562483","3.2960416302693","3.28917562204382","3.28916423231173","3.31258704866302","3.35468566032897","3.40172116263069","3.44012046286547","3.45362620196114","3.43413777883234","3.38763178987607","3.34416738006043","3.30876077740309","3.2282226215004","3.10884464195868","3.00989000359537","2.94421934359261","2.89328149644848","2.83929215321887","2.78666144421163","2.74808185353024","2.7270023061632","2.77601197825002","2.88830641934779","2.9589666574199","3.15698118162644","3.40760985473819","3.36625827591475","3.27951147288891","3.3655938437504","3.58266646950194","3.90723397914868","4.26791907999961","4.48469160322949","4.51929731822383","4.70204200719243","4.97664833489824","",
"Bahamas, The","BHS","Age dependency ratio, old (% of working-age population)","SP.POP.DPND.OL","6.74229085186282","6.56967727641976","6.42442063992159","6.3106989597311","6.25071232286905","6.22858733944288","6.21490467937608","6.19866558034043","6.17704382086049","6.16280347138306","6.15327117133521","6.15467299245724","6.18601258813042","6.2551541417367","6.34637081609628","6.45504581053892","6.57030329443288","6.68533481427018","6.8034270909876","6.92331961289281","7.03977923343362","7.15898654107768","7.28195420585214","7.39396629374829","7.49037985293557","7.57073809906424","7.63954958752333","7.71260342233923","7.79284167973034","7.88465642938183","8.00310415428307","8.14666371380266","8.3102566551018","8.49565829617461","8.69911063897485","8.91850773577562","9.1527686452667","9.40094112561767","9.66155486106064","9.9366023446614","10.2203822977471","10.5265116452152","10.8556633353379","11.1931620218913","11.5427639348792","11.9061941540394","12.2598096192818","12.5712492366153","12.856952561733","13.1972421473257","13.5593971631206","13.8782266291426","14.175184025887","14.447119478549","14.6902018118286","14.9015226119233","15.0851754892621","15.2566684751507","15.4334427485697","15.6137157727","15.7852290478439","15.8977826634074","16.0750800501684","16.3848277928805","16.7479478855069","",
"Bosnia and Herzegovina","BIH","Age dependency ratio, old (% of working-age population)","SP.POP.DPND.OL","5.93956171329876","6.01139674466968","6.01660424190929","6.06559560334976","6.22157461016082","6.46897782895519","6.76084873140246","7.04625367503043","7.28664683587739","7.50372338609852","7.7333635206784","7.94150429861321","8.10377220611255","8.26043783004483","8.44205360159536","8.64920698840345","8.86673246073751","9.0682313435915","9.22250216399029","9.29580969758788","9.26637505336846","9.10519249949126","8.84480446138642","8.6088324023704","8.48079650134157","8.47815469288852","8.58097634207101","8.74482241987659","8.94713746001194","9.21128418126417","9.55339415285026","9.98418896081847","10.8950163537958","12.1745632834302","13.3578101328883","14.1058097065616","14.1753848535148","14.332076583772","14.7558392485029","15.2961930133737","15.8786584770223","16.4855040010583","17.1180696332787","17.812778342346","18.605661907661","19.364084662538","19.9271592459089","20.4203895058472","20.8919079375288","21.332503057901","21.807045210388","22.3530666971797","23.0004082854302","23.6905464349968","24.4014571761682","25.1995802505214","26.0917940644821","27.0890111452414","28.2359629195353","29.4669521066141","30.5809285754514","31.4058127985666","32.2087785754222","33.2256702472957","34.3419830169952","",
"Belarus","BLR","Age dependency ratio, old (% of working-age population)","SP.POP.DPND.OL","11.7007719246257","11.9381694220632","11.9848198586699","12.1166029286694","12.309590104341","12.6625956658221","13.0335505753096","13.2430210898151","13.5781513598559","13.9047460880034","14.1898775279534","14.415558212121","14.6258754449684","14.8172111003737","15.0097743373026","15.3020144587049","15.5463647458597","15.7584239533769","15.9611972325549","15.9806220307354","15.8152863204479","15.4883620053587","15.0817630350029","14.8531318163183","14.7315670350792","14.630072132692","14.6038073208683","14.7723440880825","15.1547666571394","15.574663678058","16.0495360694166","16.5710709677803","17.131116603431","17.736914078252","18.341112715849","18.9607753590095","19.4130998325267","19.7422350103406","19.9459939375299","19.8903489156621","19.9214614304864","20.1352508344238","20.4182269746927","20.6969367305364","20.9386426398654","21.075429451529","21.1126983112422","20.9774854701905","20.5478392254549","20.0468706094928","19.5845965807101","19.287521185567","19.35427593428","19.6155107105587","20.0621893233807","20.5902221395108","21.0753708617432","21.6059969766904","22.1081421342864","22.7212029935499","23.4066157675259","24.0359749199446","24.8097885482559","25.7489733289136","26.7528481097664","",
"Belize","BLZ","Age dependency ratio, old (% of working-age population)","SP.POP.DPND.OL","8.18082109292673","8.30825314738671","8.43174550090922","8.56842798896256","8.71106968450487","8.83079128668711","8.9262689016528","9.00706098471077","9.0533208606174","9.05521875684756","9.02739506853212","8.98757828448843","8.98247034806229","9.00746502315311","9.02838181759608","9.015737530008","8.97822445561139","8.93403265125212","8.86170350079596","8.76694389880331","8.64346062859074","8.52870907611121","8.44913769959474","8.3812613062192","8.32987475891702","8.29466634776369","8.24256180458869","8.16566695229934","8.07512260365582","7.99460939877407","7.93702922886231","7.89739780020223","7.69346567245065","7.34383381284439","7.06839466464857","6.92695674421155","6.90036705948471","6.93885100765939","6.98839556409782","7.02708532339075","7.06073832951099","7.04758920751116","6.98542530123789","6.92410472146155","6.87284346678062","6.83118609029495","6.79166641927957","6.74644795589103","6.70390133734833","6.67144446346055","6.59306612688347","6.48327708344758","6.41008338554972","6.36711807321089","6.35041839113698","6.36048746951126","6.37867312422473","6.41494279251221","6.49214199538187","6.60831235736012","6.73303681853448","6.85471252059619","6.9566684888085","7.10225346584117","7.34502292581012","",
"Bermuda","BMU","Age dependency ratio, old (% of working-age population)","SP.POP.DPND.OL","9.07642074166213","9.02841081738074","8.94461629105907","8.89722966934763","8.87553409525133","8.88468809073724","8.91400491400491","8.98693851545078","9.11749152331477","9.29538882970629","9.48689663397037","9.71250514433535","9.98220588664275","10.2454982340339","10.5187568219682","10.8040344179156","11.0391439031259","11.2203521635283","11.3959488389965","11.5552898334103","11.7645473411853","11.9831291209525","12.1224123362907","12.2371036936277","12.4027388733271","12.622858025009","12.8820402739446","12.9838933980632","12.8764459513363","12.7486704746898","12.6354757787574","12.7502481299475","13.0693069306931","13.4054392599908","13.801807866141","14.2617046818728","14.7575982920335","15.0543789353177","15.1404295492093","15.2063721940623","15.4851439182916","15.9552280311457","16.3874103216848","16.8269230769231","17.2812976570082","17.7130458868064","18.1593875386247","18.4777624942687","18.6383017327406","18.7981925679473","19.259176114042","20.0681961882395","20.9404916206199","21.8325145664344","22.6729271644526","23.4831951113051","24.3751586623895","25.2773467355305","26.1594471755867","27.1517178897484","28.2240596250146","29.3632626366439","30.6437969924812","32.0692107134392","33.6324694282911","",
"Bolivia","BOL","Age dependency ratio, old (% of working-age population)","SP.POP.DPND.OL","9.4019286211353","9.16967638779067","8.93917556449121","8.72564277634637","8.53951073825656","8.37301573168169","8.22023712507419","8.08382403436222","7.96306143932494","7.85633458986663","7.7631465427716","7.68266332953688","7.6129051966748","7.55384150854384","7.5071741087255","7.47258957717982","7.45239802560586","7.44475681027788","7.43990132339305","7.42923778569251","7.41150778964659","7.386911883752","7.35283842979668","7.31360776083448","7.28090636454515","7.26019301737247","7.24808729420411","7.24453962380179","7.25322445225448","7.27868539686509","7.32143149805033","7.38038283411673","7.45474347701804","7.64600095054408","7.93609720373236","8.20756903415057","8.46191655791984","8.69748851840037","8.91136730648678","9.10179355294327","9.26628427655431","9.39809442834356","9.42103063038145","9.35393175884877","9.28576736686604","9.22075241641793","9.16032105666175","9.11140912095429","9.07989952830648","9.0662270968785","9.07017037958614","9.08539083745825","9.1017421899402","9.09587306684545","9.05989572396249","9.02841681680411","9.01631885421019","9.01387142652194","9.02161888446861","9.04093200011477","8.92774238554768","8.66825168673634","8.55806902228028","8.63118355552824","8.73672466206501","",
"Brazil","BRA","Age dependency ratio, old (% of working-age population)","SP.POP.DPND.OL","4.74422091871099","4.81602770142223","4.89608805739162","4.97551701185221","5.04734311020504","5.11585272713239","5.18548817103543","5.25154739727303","5.31432853911712","5.37601141049597","5.43730894431075","5.49936810017819","5.56313259488355","5.62850406041272","5.69493283726298","5.76258653043961","5.8289955183843","5.8910434214752","5.94912453182287","6.00514436120336","6.05870627731915","6.10972011502358","6.16141853992947","6.21650285863233","6.27610626749169","6.34140836402592","6.4161132749505","6.50347009488751","6.6034121767883","6.71255164480878","6.82361249614837","6.93565919347692","7.04930527626576","7.16568768791675","7.28487266265595","7.40178278721379","7.51674767985211","7.63100816817836","7.73767959605619","7.83587925490092","7.93220434397092","8.03501787966254","8.15002932903742","8.28186916269744","8.43526156880175","8.60565567522607","8.79236542167364","8.99752728002274","9.21870099294769","9.45760463136831","9.71490148180701","9.989980432061","10.2910049602004","10.6261168301056","11.0072481437228","11.4254652033893","11.8604268136993","12.3179673512207","12.8053633893132","13.3105476119749","13.7823454162982","14.2363505448809","14.7410682664371","15.3155231428833","15.9472851362189","",
"Barbados","BRB","Age dependency ratio, old (% of working-age population)","SP.POP.DPND.OL","7.80659745976977","7.80353842869028","7.86457877700989","7.96932431163842","8.11279018991646","8.3004373509031","8.53231029142616","8.79392424855854","9.05985866703617","9.29619172233317","9.50188995067606","9.68468006211988","9.82377355922977","9.93972040528408","10.0688030412551","10.1879706704926","10.3238787055304","10.4826463156942","10.6275723447022","10.7697348523037","11.1103505780742","11.6728981158066","12.2884043124055","12.9323098564222","13.561940627282","14.1791314183945","14.764722118881","15.3131750752494","15.8570831092788","16.3967236424684","16.5852294031174","16.4903539634938","16.4671202611391","16.4733300317534","16.5226268227324","16.6069281287577","16.6691647834709","16.7329715310675","16.8135049153077","16.8833618132669","16.8541186142639","16.782381740332","16.8160562283883","16.8217080296873","16.77304059229","16.7403837690344","16.696019149087","16.695333290063","16.8384657987987","17.1201577173837","17.3734697801611","17.5733888530945","17.8549425336194","18.2014266484361","18.5998783422813","19.0319821769842","19.4486152160284","19.9276944855205","20.5102561808162","21.1897909484803","21.9909095713757","22.8348711422208","23.5806443031577","24.2301108640356","24.9971927685718","",
"Brunei Darussalam","BRN","Age dependency ratio, old (% of working-age population)","SP.POP.DPND.OL","7.03157164835641","7.03451772360471","6.99312185607227","6.88850663344999","6.73894156310203","6.55113585346143","6.33348061040682","6.12736826881358","5.9239436191403","5.72560316888729","5.35077288941736","4.91049279249078","4.78295716021614","4.83902946789264","4.87351146394929","4.87700050896341","4.85717677274542","4.81650903546187","4.78583700310038","4.75444244997198","4.70342973657502","4.64948353748206","4.57495900877297","4.49185578182877","4.42950733346756","4.37385923518675","4.31467387438651","4.25788420966107","4.20924283991359","4.17003529034328","4.13407126422486","4.10709753827933","4.08102122460009","4.05403864789375","4.04550152832514","4.05840416927782","4.08505295054663","4.11050501495689","4.13116799563293","4.15215593620792","4.17252481028774","4.19102924397207","4.21654827189585","4.25430410365001","4.31407192698198","4.39729982707471","4.49337775249858","4.6002045377069","4.70284237726098","4.77642980935875","4.82283006645886","4.8843846426578","5.0208714655526","5.22660125227008","5.47078538636318","5.75223849290106","6.07652954182335","6.44412829057299","6.84449471385708","7.26787865241093","7.7122204070603","8.14309148956244","8.54046142261388","8.98534165225889","9.49820520714091","",
"Bhutan","BTN","Age dependency ratio, old (% of working-age population)","SP.POP.DPND.OL","4.39381348479592","4.36550128213147","4.33845711823014","4.31615743516988","4.29864733820792","4.28421723138883","4.27567460054366","4.26954468456445","4.26986383871749","4.27193330209873","4.2782178160285","4.29146655569177","4.30605079071287","4.32426734134514","4.34906893172166","4.37839280946872","4.40947596768555","4.44412490491122","4.48182291947454","4.52622415669206","4.57625545344844","4.6278184719892","4.68211489287359","4.74187085837571","4.80380357182905","4.86928329749156","4.93846272931341","5.01058237181675","5.08600900336881","5.16483693118801","5.25231107942107","5.34879365868784","5.44932348619301","5.55528035639392","5.65590838961389","5.75979499539799","5.86363293014152","5.9654480328042","6.0640575596883","6.25252190671204","6.5258525724683","6.78439026578949","7.02466598150051","7.24311495931567","7.43401236026812","7.55787777829154","7.60712828831906","7.63574319719218","7.67723721953266","7.73712902616941","7.81320758003275","7.90108577424187","7.99839565903975","8.1077340076522","8.22599573293632","8.35646729398757","8.50252830657715","8.54013833984428","8.48639355404976","8.47969895843659","8.5230554176093","8.60453617657872","8.7090985384842","8.82468508439157","8.94559516061105","",
"Botswana","BWA","Age dependency ratio, old (% of working-age population)","SP.POP.DPND.OL","8.49957729722699","8.43942606007701","8.33504306662737","8.21471155403118","8.09393054696346","8.0784797329997","8.19607927679328","8.36420509420091","8.55222968845449","8.7118604769116","8.82573765437696","8.76388839269765","8.44503012048193","7.998491762704","7.5708403971906","7.19099971810051","6.83842077527426","6.52175005401711","6.19351222588103","5.93782426250334","5.89309574971622","5.8877504826441","5.84373805828726","5.84839678679787","5.87632518464012","5.9250620390912","6.00013553119759","6.0969696969697","6.18755321999819","6.23968762422815","6.24934179592188","6.22485790104557","6.16140089521563","6.07554563386854","5.98950210759894","5.916530078039","5.8620405569221","5.82263551825811","5.79306163411332","5.76596241971595","5.73540394275133","5.70416218600249","5.67846600571889","5.65463314135881","5.62732293679422","5.59573048699133","5.56033237401708","5.52410521718227","5.48854753193306","5.45700042214896","5.43545723934435","5.43042570523783","5.45969611125418","5.5185831218984","5.61213256144456","5.73552868385695","5.85395870367838","5.95803154709847","6.04595307954572","6.11521264923905","6.15234479439602","6.0886312522608","6.09164361516966","6.22699039233259","6.32240473829283","",
"Central African Republic","CAF","Age dependency ratio, old (% of working-age population)","SP.POP.DPND.OL","7.92734105055962","7.89755309127151","7.8895326684779","7.89661741255643","7.89048786932814","7.85295018953222","7.79895278261171","7.74057787402928","7.68200555477046","7.6294268079992","7.59128559438776","7.57130784960147","7.5663045867354","7.56883687459758","7.57181777767844","7.57251356768462","7.57455572942023","7.5680578172345","7.53754153865446","7.48037871843529","7.39656347911352","7.28397539044013","7.1430495508236","6.97861948718404","6.8005191748682","6.6171348464504","6.42982307992153","6.23991703969217","6.04472836346885","5.84380993330671","5.65774296529726","5.4926453194138","5.33891755006629","5.19593686505894","5.06219747661866","4.93950213201619","4.82588655331626","4.71867326161617","4.61932858682507","4.52693696681781","4.4368960357369","4.35191254911601","4.27488896685978","4.2104395143675","4.15909844936223","4.11497488751515","4.08355207210127","4.06878492378696","4.06352402096025","3.81053488673968","3.5600248348042","3.60192330292698","3.67434633573545","3.75215072906251","3.84173602335614","3.98423397430532","4.14960805261895","4.29139944565422","4.43129867521903","4.48551885818785","4.50135426806043","4.55514367197222","4.40715381162791","4.2990584983042","4.4038227118303","",
"Canada","CAN","Age dependency ratio, old (% of working-age population)","SP.POP.DPND.OL","12.9907415105594","13.0400450399511","13.0587216859786","13.041286422602","13.0117222619839","12.9830838933139","12.9378152304061","12.8824565148406","12.8439801944178","12.8344196630313","12.7962464097399","12.7431807038203","12.7542042868046","12.7983444441259","12.8360338159643","12.9033763578532","13.0287376716247","13.1960527538589","13.3920423747574","13.6099599345855","13.8237686708277","14.0203805172391","14.2034161926198","14.3898578151398","14.6303496705261","14.9411963842113","15.2875919309792","15.637636758391","15.9495133793021","16.2274020548245","16.5177990250484","16.8121478036651","17.0802795031379","17.3079335078204","17.5018013021198","17.6833533273044","17.8620816084295","18.0353317763443","18.1824483642443","18.2860489013958","18.3663785182498","18.4357847531014","18.5034961320171","18.5954614756905","18.706609284488","18.8409849545639","19.0394136029885","19.3030646853921","19.6113883470983","19.9561301483974","20.3517712526114","20.8677195198989","21.5255099255067","22.2317032546435","22.9295596532934","23.628805646746","24.3182237048516","24.9861815767739","25.64886923064","26.3697715591015","27.1936414105089","28.0993647538034","28.9121642638266","29.6279601722539","30.4192175943975","",
"Central Europe and the Baltics","CEB","Age dependency ratio, old (% of working-age population)","SP.POP.DPND.OL","11.3842822178619","11.6687200906171","11.9235930395843","12.1838258438874","12.4691149719763","12.8075876089164","13.1726864001177","13.5124837491119","13.8432667983484","14.1379479862626","14.4037397610599","14.6793066366962","15.0123179345407","15.3684010451888","15.7320880411224","16.1101464517043","16.4595187448389","16.8192780664889","17.1238494716613","17.3570405893355","17.3912297696132","17.1073364205941","16.6247153422053","16.0540373284415","15.7530371626788","15.7791718484719","15.912478383834","16.1335753978907","16.4350703827962","16.7036323055921","16.9422152356254","17.2104737609272","17.4824186152082","17.7813249989221","18.0912408460218","18.425247113322","18.7530370523236","19.0514052765694","19.3242524497896","19.5625708519054","19.7936545166447","20.0090582051456","20.2329524269463","20.4330042639892","20.6291735311312","20.8319154498862","21.0287638052972","21.2113242273941","21.3984388118836","21.6103105770544","21.8425018176053","22.2225656999533","22.7742893548978","23.3974753579337","24.1323901295886","24.9495917742748","25.8004653110818","26.6688860844215","27.5401939070102","28.43493996603","29.3062524887833","29.9805281678824","30.5091914564563","31.1075765652715","31.7986932367881","",
"Switzerland","CHE","Age dependency ratio, old (% of working-age population)","SP.POP.DPND.OL","15.5536204740506","15.6400396034725","15.6621074104159","15.6653896327399","15.8077292116915","16.0891870230483","16.3956054898186","16.6940851927644","16.932173773751","17.1497722552345","17.4999632176639","17.9046794899228","18.2195841009363","18.5419986528487","18.8985144395003","19.3467132979844","19.8408535496475","20.2601192408121","20.5789202613358","20.7934218278645","20.8568211739055","20.7684226974334","20.6457715782525","20.5486143772661","20.5149273609294","20.6164791418695","20.814745815364","20.9878777518967","21.1324206982102","21.2618080109768","21.339441383639","21.354862780167","21.4019077891243","21.5059791724026","21.6387161675413","21.8005716533941","21.9925581118613","22.2113508464569","22.4224830890231","22.6098929836817","22.7856126357942","22.9137280074814","22.9630818411157","23.0127800317481","23.1361041193933","23.3108011254702","23.55428544511","23.8353283711227","24.0934785553056","24.4074911155421","24.7439091161553","25.1194735733784","25.5482654953989","25.9297862184629","26.2794976198995","26.600375792311","26.8890664365194","27.2172858671818","27.5986069356356","27.9908017758454","28.3270521862764","28.6818891760097","29.247291506466","29.9970867108759","30.7842677220695","",
"Channel Islands","CHI","Age dependency ratio, old (% of working-age population)","SP.POP.DPND.OL","20.115680346765","20.3159683209559","20.3790506123334","20.4210836277974","20.5204529819548","20.6670855586972","20.8026027557065","20.9138411369735","21.0632853378146","21.2684209195925","21.5175566383684","21.7530158809366","21.8751158967005","21.9221274411556","21.9474534970687","21.9323912836616","22.0308453025665","22.2906807852692","22.5259672887936","22.6393892705305","22.6115052489968","22.4204183719873","22.0781255245107","21.6749364637541","21.4151127282178","21.3348703662194","21.2765509103169","21.2094069614848","21.1533112889768","21.1019081675275","21.0288845022761","21.0002301449913","21.01824149214","21.0124604351136","20.9938548214089","21.0057984390361","21.0254662804799","20.997433003386","20.9971351265319","21.0485125268716","21.1118784530387","21.2251551575143","21.401583566833","21.5944137329066","21.8050325972863","21.969204905819","22.0151019095021","22.0134391722819","22.1017522344241","22.312990401726","22.552618810023","23.063100862871","23.8635534476468","24.571001331218","25.1634641653766","25.7620022753129","26.3774506231324","26.9883123637127","27.5408849202368","28.0216279196781","28.502876462088","28.9047969006596","29.2879262572665","29.8216578942609","30.4567242470833","",
"Chile","CHL","Age dependency ratio, old (% of working-age population)","SP.POP.DPND.OL","5.85925570249794","5.99220233634272","6.11883862702564","6.23681665081589","6.34040679484288","6.43143077006786","6.51470085821267","6.58895092125325","6.65255734238402","6.71422681487415","6.772873897833","6.8271167217116","6.88621166946144","6.9564713879967","7.03401160563613","7.11938626061404","7.2174831362035","7.32676733598347","7.43817599984071","7.54986110203469","7.66340518142567","7.77123375324056","7.87508634165849","7.98521086199378","8.10944638451989","8.25496235363995","8.42193039650407","8.60929337083763","8.82794754041084","9.09500450731605","9.40526179435151","9.75718981949089","10.1470910509974","10.5468686079768","10.9244286831621","11.2661939954306","11.5740485431416","11.8483443388202","12.0987866255226","12.340025063748","12.5779902806082","12.8099601708401","13.0321763289584","13.2335202094718","13.4211414924211","13.6040918063906","13.7795985913216","13.9589598959431","14.1520806732981","14.3677032860814","14.6037929078793","14.8630145956136","15.1600365224894","15.5119874376647","15.9117216217289","16.3486104257685","16.7814216590287","17.1574888237141","17.5018022354169","17.8713690943583","18.3102493821331","18.7918794175431","19.29158977992","19.8677499182616","20.5157339576198","",
"China","CHN","Age dependency ratio, old (% of working-age population)","SP.POP.DPND.OL","7.1202030354051","6.91202779634624","6.80204878276269","6.74818248979032","6.68984754648705","6.64005591752369","6.62146060924671","6.61110716642259","6.62022312249159","6.65207373585594","6.68085455591828","6.72407658099456","6.75941727172121","6.81390266999895","6.93619662913053","7.08133419354455","7.21150674122128","7.28533665202906","7.29883315156746","7.33346804988949","7.38609432401262","7.43049191546648","7.48430991423781","7.51606331810249","7.53593431483804","7.58371688648312","7.64859370836334","7.72231937209932","7.81425994136013","7.94975352579518","8.11631110135323","8.27447769568534","8.44667037129978","8.66066195616354","8.87951753961636","9.1005945326547","9.31560192180929","9.51684122628328","9.75871403617088","10.0195169763491","10.2537068693229","10.4573858613371","10.6238297448667","10.7699657260215","10.8858354156327","10.9859070267137","11.1311997267598","11.3093975872181","11.4806163821237","11.6643228478839","11.8870971882945","12.1693852973614","12.5172449405952","12.9340399474292","13.4243128881013","14.0355167465737","14.7333475757794","15.5392612055647","16.4153050771481","17.2944746246392","18.2208231849821","19.0800204763786","19.945983165379","20.7196179586136","21.1537871680053","",
"Cote d'Ivoire","CIV","Age dependency ratio, old (% of working-age population)","SP.POP.DPND.OL","4.43343227289521","4.46538296061047","4.49768465532296","4.53488854197838","4.57307676042921","4.60536018736468","4.6337894918533","4.66078765722627","4.68658725474333","4.70949045115644","4.72673856483661","4.73732741938917","4.7426477482365","4.74603162825669","4.74979209475038","4.75410480928934","4.77398769734171","4.80789056936665","4.83831260345284","4.86356571814163","4.88265184193068","4.8949615085009","4.90070226118586","4.90087727000806","4.90514802375915","4.91371878797854","4.91811992840326","4.91804926256899","4.91139848801267","4.91035484458303","4.91640545000767","4.91765097216572","4.91507053891042","4.91035334730962","4.90197840483334","4.88745663225836","4.8667384521068","4.84010473510719","4.80614889323629","4.76290117430501","4.71464754416408","4.66658334187947","4.61778919052998","4.56560180020967","4.50804349909216","4.44547533476919","4.37807108759986","4.3078658917503","4.26757236336831","4.26871745347039","4.29486524355611","4.34981632564674","4.43776321603321","4.56454171330405","4.60892869399685","4.56044742984608","4.52667536267998","4.50734745162115","4.50089664228843","4.50689015643299","4.51180728965001","4.5170272665513","4.53873918074995","4.57346383046123","4.6160361706237","",
"Cameroon","CMR","Age dependency ratio, old (% of working-age population)","SP.POP.DPND.OL","6.92260016070689","7.00321094494494","7.07887233824219","7.15216501477442","7.22524549414404","7.29005377772869","7.34589385499287","7.39598949520317","7.44047913795023","7.48009964650002","7.51507622227399","7.54687422654432","7.5751676793139","7.59821589536104","7.61531908371463","7.62573413582275","7.63970555225755","7.65771469668005","7.66015229201625","7.6525469012666","7.60390893848613","7.53157578518563","7.54865084862129","7.59016655666954","7.5675976501164","7.52427159787367","7.47229811838959","7.41476289804996","7.3585835887873","7.30090113971504","7.23680520870088","7.16956101237976","7.09963489798523","7.02483458510722","6.94537608381869","6.86289234888942","6.77632602396393","6.68586402830084","6.59708436058419","6.51211204240043","6.42789968652038","6.34360677784498","6.25967835533162","6.17752945549374","6.09547858350775","6.01274360271898","5.93246057804286","5.85394377199674","5.77836767079023","5.70826131233944","5.64366684021462","5.58276793989752","5.51841440674141","5.44262571427799","5.3517063113871","5.27038138169851","5.2130099675959","5.17145637584406","5.13915943503137","5.11143453570557","5.07843064743573","5.03677540080181","5.00768525276205","5.00290433905904","5.01192529728269","",
"Congo, Dem. Rep.","COD","Age dependency ratio, old (% of working-age population)","SP.POP.DPND.OL","5.5754905872516","5.51613273489809","5.45841145193413","5.41062942865488","5.37340527435133","5.34512973925748","5.32869280292427","5.31938545922808","5.3125577102896","5.31022494542099","5.31340986885635","5.32502419320394","5.34218850181097","5.35937073687791","5.37742118903784","5.39683667514702","5.41854321112262","5.44206330382743","5.43704386880986","5.41279506353055","5.40669314970589","5.41034600347832","5.41093863091756","5.40537223667678","5.39435462782153","5.38574781218689","5.38665433158764","5.39212372045283","5.40061085922332","5.41629990322355","5.43013556312568","5.4485610698846","5.46980606354876","5.48662144172551","5.45243352944544","5.44352474601132","5.53079035240021","5.63883235113391","5.69959173840177","5.72497806916679","5.75605710134804","5.78789074899719","5.82405726298798","5.86706894860077","5.90851643201803","5.94296456773957","5.97779023607687","6.01759832196905","6.0593648225521","6.09801187005261","6.12657849627223","6.14608974989812","6.16457932869731","6.17202689392539","6.16294967070331","6.14538588039047","6.1121711427176","6.07799771500397","6.068064582019","6.07374115917291","6.06762869473592","6.04663182117851","6.03293196274713","6.03492115732172","6.04340836466739","",
"Congo, Rep.","COG","Age dependency ratio, old (% of working-age population)","SP.POP.DPND.OL","6.59364457810112","6.65858311284664","6.73286665551506","6.80149520473096","6.85639233665967","6.89604059536931","6.91984393687376","6.93350071005279","6.93865878373942","6.93831629130644","6.9330597787692","6.9215488754366","6.90516144305384","6.8844200659643","6.86029037376848","6.83070284863715","6.79108199597466","6.74581715752347","6.69186370162023","6.61368645648445","6.51844154282665","6.42865366701207","6.38740708530085","6.41219625167469","6.47561439748518","6.54146505773592","6.57967482631943","6.59461983769638","6.57474990009666","6.49719453047149","6.40116246487387","6.32478062799064","6.28439995075533","6.25768937362136","6.21426480015672","6.16326188756024","6.10570288807257","6.06092184057434","5.99522888801942","5.89572081811407","5.74578663887983","5.62110008506127","5.58351856871781","5.5333630868366","5.44428148938233","5.34132905655115","5.23431960291369","5.13383625343077","5.04707449498482","4.94047329561894","4.84467674414752","4.79574528546486","4.77800329871159","4.78025576429412","4.78564073170793","4.80065626286187","4.82617057064713","4.8560870525888","4.8897935442511","4.92993867502267","4.97377277256576","5.02625690726503","5.09871210028092","5.18598307973269","5.27784197932822","",
"Colombia","COL","Age dependency ratio, old (% of working-age population)","SP.POP.DPND.OL","5.66412306008913","5.64497706865346","5.62962467524797","5.62065137342405","5.61230665258405","5.60182389829083","5.59582409376041","5.59414658350855","5.59352015585014","5.59575013986317","5.60475112550083","5.62369677024392","5.64687999947781","5.6720892384776","5.70866405303263","5.75791738247121","5.82335309031892","5.90078813500539","5.97862074596253","6.04692263875584","6.10019478543292","6.14670181554375","6.19198967987894","6.23087256437882","6.26267180532942","6.2765091879107","6.29987418343645","6.34909879387451","6.40061022948369","6.45698395038273","6.51803786719745","6.58635183677178","6.65507272635774","6.7202846379302","6.78387335772559","6.8442032282132","6.90819800640757","6.98106222553088","7.06191700563684","7.1453370152512","7.22794921328351","7.31038439125097","7.39578002152932","7.49088422753992","7.59875770943461","7.7200918488127","7.87214736222525","8.05859340431914","8.27547011669811","8.5119599629921","8.75860246102977","9.03029827735918","9.33207018423786","9.65331770624246","10.0102949728029","10.3932508904202","10.7555364534612","11.0838203638353","11.4020815414158","11.7530250139278","12.1139013479028","12.4500625656322","12.8591309406264","13.3883569844965","13.9792885392632","",
"Comoros","COM","Age dependency ratio, old (% of working-age population)","SP.POP.DPND.OL","6.50037374380554","6.61833938186173","6.75690387197445","6.92144565266435","7.10877047928032","7.30528328523307","7.46235626333354","7.56514991673714","7.65754606572642","7.76740379476216","7.90009612408153","8.06075507614213","8.25323603375658","8.46758776829022","8.69476581214005","8.91487391215208","9.08198701494791","9.17875361276488","9.19844689799531","9.12753864760031","8.94976392020078","8.801632903477","8.73921641684102","8.66655158780981","8.59011533551165","8.51862562107311","8.45215879751527","8.39770980595033","8.35568812403761","8.31581031767734","8.28787127348873","8.34065284026745","8.45029445992171","8.54746702951643","8.63028809279639","8.6979990139576","8.75251635368319","8.78570077548704","8.78724638615377","8.71948631698078","8.57124293914865","8.37451612543367","8.15692578392293","8.02692466529478","7.99217132593882","7.99530623812886","8.02932353743243","8.04438107840305","8.00358414317329","7.89961554020821","7.76133705363434","7.62317383655496","7.50877397601603","7.47715864360261","7.54567336744149","7.66243928365789","7.78717508334897","7.83532785865665","7.82195224034892","7.82381304065527","7.80180905835356","7.74353201070564","7.70474607050902","7.69521782582835","7.65697419423667","",
"Cabo Verde","CPV","Age dependency ratio, old (% of working-age population)","SP.POP.DPND.OL","8.02076585494923","8.20173020077199","8.43966330325841","8.78723125899437","9.14215539958553","9.49840003324606","9.85379951723971","10.213657834642","10.5735363033061","10.9155597031248","11.0829424937677","11.1646078080722","11.3494051346274","11.5401512642528","11.6803196267446","11.785916997763","11.8478282656191","11.8406730993957","11.7536567820318","11.575006626027","11.3679699632404","11.1429784059779","10.8768265910135","10.6179055967301","10.3771366555123","10.157709313598","9.96543043745577","9.79716451831557","9.65638450903677","9.53181945612559","9.4192079229191","9.3396280669835","9.29412903192947","9.27031681979044","9.25839021959468","9.24999174571131","9.2435622070856","9.23198328468495","9.20315087225686","9.15173918776932","9.08519749351057","9.02460527370362","8.97540967688059","8.92635101019616","8.86404296653484","8.77229158963566","8.64250030251171","8.47689694033742","8.27371593291405","8.03262205340185","7.80234070221066","7.65240186440782","7.58802183890334","7.59142029262866","7.66317751351095","7.80439104069378","8.00929228846188","8.2650013415774","8.54393577142183","8.83508259614049","9.11672223176271","9.31518602751479","9.51734753812813","9.81294668223779","10.1460590549849","",
"Costa Rica","CRI","Age dependency ratio, old (% of working-age population)","SP.POP.DPND.OL","6.0106242610652","6.03008342098059","6.05559660525909","6.08321558472259","6.10751517743179","6.12760754909449","6.14311222244594","6.15548220636433","6.16402762315847","6.17364142016303","6.18997585783664","6.21457222462411","6.24716996764852","6.28549654838656","6.32843541662021","6.37663553246013","6.42883735443507","6.4804387580179","6.52959514917229","6.57566020313943","6.61953915485804","6.66137755946796","6.70507542015698","6.76197888752868","6.83655539347496","6.92497676531561","7.02665005632812","7.14295257142226","7.27809541397283","7.42758677460398","7.5776379464747","7.72539917354247","7.87170617803486","8.0124795932577","8.14037175889722","8.25641421329612","8.36498061035999","8.46746009876349","8.56984811686048","8.67833212917784","8.79754797116355","8.93406239998812","9.0929153618398","9.26866706591774","9.45494419777664","9.65232068591899","9.86418544207097","10.0909655719676","10.3320382319821","10.5913719962057","10.8737722596252","11.1875725659446","11.5342092787039","11.9149232871703","12.3224539020151","12.7474902840448","13.1893616474862","13.6546419840032","14.1579581905208","14.6956052046087","15.2446934847753","15.78411256193","16.3459335951446","16.9960923429693","17.7238768534232","",
"Caribbean small states","CSS","Age dependency ratio, old (% of working-age population)","SP.POP.DPND.OL","7.14396927936762","7.30381267284053","7.44050760672625","7.55777208242541","7.67471886510069","7.7859235419613","7.90211746768922","8.01784973706475","8.12335249054614","8.20841327133396","8.22259695617359","8.18249098969484","8.15461303455634","8.14066819736657","8.13690874359522","8.13990774632211","8.15125172872774","8.16986117032543","8.19347814188631","8.22589847765023","8.24475498270868","8.23972326027674","8.23217540727183","8.23286356974547","8.24438187962143","8.26647441788373","8.29231342814574","8.32041172246669","8.35457179926","8.39845026800306","8.42746866695856","8.43176961296017","8.41451456748869","8.38535519861087","8.36223029621149","8.35704876908701","8.37135613640286","8.40005181270203","8.45954461979413","8.54900649189843","8.64495864158816","8.72867309485862","8.80891600295465","8.90438293599451","8.9849648962592","9.08073175930499","9.17103267371651","9.28605474974434","9.43512455915653","9.62681497378878","9.83809398913302","10.0502510799543","10.2829342254432","10.5221278417847","10.7921020637437","11.110862139618","11.4737573392778","11.8648973228105","12.1619873676837","12.5550188222287","13.0737406926766","13.4562161581604","13.841242563536","14.3286536691153","14.8612575151842","",
"Cuba","CUB","Age dependency ratio, old (% of working-age population)","SP.POP.DPND.OL","7.18246891770274","7.21101635346598","7.27053481810848","7.36524230668584","7.49897515533345","7.66834508023264","7.87893396758346","8.1343943229189","8.41390695770033","8.69056099534965","8.9582801274195","9.27456198348404","9.63549108130452","9.99236269031376","10.3488087442855","10.6994340945855","11.036857723198","11.3502098478021","11.6268196608709","11.8650162913796","12.0702123639776","12.1481338933642","12.1283350934571","12.1285465976106","12.1369304426725","12.1387491373487","12.1285664467009","12.1110249079385","12.0991796431724","12.107838284114","12.1479681161143","12.2108457553403","12.2853103045556","12.3725143258953","12.5462337089753","12.8110084639698","13.0943743680743","13.3796753302029","13.6612616395695","13.9474364271987","14.2464586526737","14.5906179524927","14.9777752151376","15.337432492991","15.6772925752982","16.0517069796424","16.4333363121812","16.834346006118","17.271839467787","17.7100151959742","18.1488169125866","18.6088769268686","19.1194886147757","19.6485726073018","20.1207779001573","20.5528281687256","20.9697237299682","21.3928663504177","21.8761696659062","22.3791271427649","22.8231448226659","22.9883135101557","23.1943735701201","23.7156412840763","24.3173104324761","",
"Curacao","CUW","Age dependency ratio, old (% of working-age population)","SP.POP.DPND.OL","7.73783169515039","7.82845672590878","7.91790121681098","8.0116687101002","8.10799607588465","8.21454752789769","8.33724721890474","8.46610641287347","8.59359743793368","8.72228816479688","8.83816908454227","8.93364380021213","9.0442823087481","9.18761279835539","9.33088930660471","9.44660094122497","9.52563337125863","9.55874192617584","9.54648676058822","9.50661196700563","9.45913953037901","9.42290160493565","9.42276101557464","9.4681526705046","9.55502421430164","9.67045545826974","9.81056429788513","9.96991965114871","10.1314819365938","10.3024250179458","10.4872223800356","10.6906027522254","10.9284951974386","11.209537124988","11.531029476134","11.885464434254","12.2769821161654","12.7071706409606","13.1746578290436","13.6793978254809","14.2027571629328","14.6238397361039","14.8668222900581","15.0381101995694","15.2189209433234","15.4488242594647","15.750896267061","16.127626459144","16.5728044400914","17.0813256967383","17.6673767195557","18.2743700687198","18.8363072148953","19.4023112169912","20.022801767137","20.6877421296122","21.3759970147861","22.0738932776867","20.7882909683384","20.3842068637146","21.7111479059673","22.3274631577952","23.0188679245283","23.7780925401322","24.5742183832504","",
"Cayman Islands","CYM","Age dependency ratio, old (% of working-age population)","SP.POP.DPND.OL","12.3823467893746","12.1713930863175","12.1156211562116","12.1273575339688","12.1648659463786","12.2485207100592","12.3399301513388","12.4857251617815","12.6282409998135","12.8284671532847","12.6396648044693","12.0832655716377","11.5732368896926","11.1157776844463","10.7375553818087","10.4475796643153","10.3019943019943","10.2938022732147","10.3696202531646","10.4965490797546","10.3488898957861","10.0076982294072","9.71336293903916","9.43655519926706","9.19939249294858","9.00795828759605","8.85613668970914","8.80397639018329","8.7872315177406","8.70452227133628","8.48960292300253","8.23362401135672","7.98331415420023","7.76297239528855","7.60244039634806","7.47771541762958","7.3876858754388","7.36527851258408","7.40700417347124","7.44168179913396","7.43684742337487","7.40258895466077","7.36309972368752","7.30597761805113","7.23830734966592","7.17258955118222","7.10140166447657","7.0215865448285","6.96696080443259","6.96673384588589","7.03489637493652","7.17650383908804","7.37518650292666","7.56806335428738","7.79719440626568","8.08169002086971","8.37788919633012","8.69060942110082","9.03257945601275","9.41734681922912","9.78834966319657","10.2302415186543","10.7777120023679","11.362684201898","12.0258504622565","",
"Cyprus","CYP","Age dependency ratio, old (% of working-age population)","SP.POP.DPND.OL","10.1168442589023","10.2623207513672","10.5565257221379","10.9260265947109","11.3046904919161","11.6719536460999","12.0276408098898","12.3794773642696","12.7516955221366","13.1636161259954","13.6245934740055","14.1333807034462","14.6768539461081","14.9088648107688","14.9307797943807","15.0487361311391","15.0648279027301","14.9858682485946","14.8959920247682","14.8143812363566","14.762218392775","14.7475384499229","14.7540050151659","14.7435952841931","14.704804829111","14.6596199823833","14.627407690165","14.619062889431","14.6382331149158","14.6883990002969","14.7712567704741","14.8758011214268","14.9692333152795","14.9854832632738","14.9257211438528","14.8481777445064","14.7735473703248","14.7166142484606","14.6816998053745","14.6663283025614","14.6732411821672","14.6981164485075","14.7117816083415","14.7219834345922","14.7572642083278","14.8210779192204","14.9239681096901","15.076173531363","15.2736002186584","15.5094897216239","15.7866552558287","16.0841750923526","16.3987207408903","16.745426533228","17.1082848989089","17.4776194014107","17.8483841575361","18.2098755051821","18.5681800273677","18.9315211272561","19.3232944182746","19.7428728473554","20.1433885127982","20.5727192148738","21.0876448700777","",
"Czechia","CZE","Age dependency ratio, old (% of working-age population)","SP.POP.DPND.OL","14.4339687946063","14.7709654483585","15.0446245031392","15.335717559487","15.7167290310588","16.1515583867532","16.6054089173744","17.067552307797","17.5009398673766","17.8745325205907","18.1862466942685","18.5148262716563","18.9230873089646","19.3467608355221","19.7829878405007","20.2385691865068","20.652912962325","21.0111856023158","21.3105741482428","21.4804069672879","21.3012584207256","20.6911057011312","19.8702296048779","19.0038154352878","18.4133297081992","18.2975195500683","18.4282531216896","18.635210997805","18.852056372634","18.9822987931203","19.0218185554685","19.0513393003714","19.0941306716767","19.1428259669775","19.2030060586675","19.30411442333","19.4524485071963","19.5881896155905","19.6799820975297","19.7244247446025","19.7212250813578","19.6810048767853","19.6233393093798","19.5703179389559","19.5878543323492","19.7346894444949","19.9893814997563","20.328617183048","20.8167724407581","21.4320287059777","22.04072126632","22.872961451277","24.003403106615","25.1238697640274","26.1604668747413","27.1604607965973","28.191499359573","29.2279176610866","30.1918502088294","31.1016030374541","31.8570586506378","32.3960941870763","32.2950105465412","32.213467884019","32.6948860839892","",
"Germany","DEU","Age dependency ratio, old (% of working-age population)","SP.POP.DPND.OL","17.0663616293489","17.5423315293713","18.0176548506692","18.4258314832683","18.8853287598261","19.3321736670288","19.8200287209983","20.4430743751042","20.9526703138584","21.2453016901881","21.6258691394579","22.0311919253879","22.342675265459","22.6319839889762","22.9589687824457","23.300291031015","23.5293040879193","23.7401871683434","23.9091199257748","23.9340576541361","23.651219064563","22.969743392209","22.1395025436473","21.3466900879314","20.8868917132487","20.9215401841313","21.1447253988164","21.3537450305009","21.4764625342511","21.4867974632205","21.5324981300112","21.6474067145618","21.7482171921737","21.9319733433002","22.2314804945516","22.5274290462335","22.7517138485108","22.921963937823","23.1981406984113","23.6549966586161","24.2477248722868","24.9108166139553","25.5882956322125","26.3396505481219","27.2704634909127","28.2958968695441","29.4080511154121","30.2789123501651","30.7991869707201","31.2252210513745","31.2836478267731","31.1406005583242","31.282652731417","31.5565826945796","31.8220023900549","32.0268681402872","32.2482094758743","32.6342617227857","33.0059176113602","33.4240838892073","33.9237851682177","34.5810372816215","35.2968937255501","36.0064221663456","36.8802967502303","",
"Djibouti","DJI","Age dependency ratio, old (% of working-age population)","SP.POP.DPND.OL","4.39574773364638","4.43554275938328","4.47421940423496","4.51039475429719","4.5439867967853","4.58547197389442","4.64274752435262","4.7026619711812","4.76246299932593","4.82188436355565","4.87693412548149","4.92792737532969","4.97851414389779","5.03077104836371","5.0822256815551","5.1339470085627","5.17613408269771","5.21739130434783","5.25894324096702","5.29710512950736","5.33138049014783","5.36580152328237","5.39929290475805","5.43254952748002","5.4644017710512","5.49300855301254","5.51909027948437","5.54562240473226","5.57177653561503","5.59713986368988","5.6204381926739","5.64364067595612","5.67054829198559","5.69837603840433","5.72180475528767","5.74613741079345","5.75475849307804","5.68816562639442","5.59238643764246","5.54291824633032","5.52528400992574","5.51403003321542","5.5155335434489","5.58041467547229","5.68822198305025","5.78592428200572","5.85006655979788","5.89805976182333","5.95573996187479","6.02571038462529","6.11423613725258","6.2151929268881","6.32749030758183","6.44804176502512","6.56841578577149","6.66810356440445","6.73588582856666","6.78326494260755","6.82737770670774","6.88212987765772","6.93634322402938","6.99049253475202","7.0808952958212","7.20933763773082","7.35197046347293","",
"Dominica","DMA","Age dependency ratio, old (% of working-age population)","SP.POP.DPND.OL","10.9353344826421","10.9884949518666","11.0837110103972","11.2281399046105","11.3988271726955","11.5961040238743","11.8311883452015","12.1032585696149","12.4038804711074","12.7253926194015","12.8776748642606","12.7903704861654","12.6812589675489","12.6319871144783","12.62252042007","12.6603250778416","12.7678646460685","12.8843297948408","13.028902046665","13.2263729246488","13.4559459247033","13.6291029010151","13.7086159765111","13.775573774577","13.8786968406018","14.0519283847488","14.268695905864","14.4716078755068","14.6968664850136","15.0225423894933","15.4955089077465","15.7992146662331","15.6967325474167","15.5221515068968","15.4153118533846","15.4114040465972","15.4778486425726","15.5759066663419","15.7580174927114","16.0419244486498","16.4058519542907","16.6300118423279","16.6056866824497","16.5158424497318","16.4551043785212","16.4197759466716","16.4408994017741","16.5171983199001","16.6261534998875","16.7753752680486","16.9890515001443","16.5682810682701","16.2262018603842","15.0659855257556","13.9954994374297","14.0393324647931","15.3805928002175","17.0120235354311","17.1610395711876","17.3849775304943","17.6680113294996","17.9694906489701","18.2070100235977","18.4304942486247","18.731711577936","",
"Denmark","DNK","Age dependency ratio, old (% of working-age population)","SP.POP.DPND.OL","16.4950511819446","16.7027357625085","16.8866807982989","17.0892851449553","17.3271255385585","17.5707109867512","17.8208999011859","18.0999339101312","18.4287248783047","18.7561526508183","19.0456458188752","19.366602062738","19.7208789093106","20.0690252141691","20.4752169875316","20.9174222422008","21.2863677657375","21.6206617863954","21.9275851002858","22.1366417784764","22.2552935277693","22.3054130719675","22.368851824735","22.4708251619294","22.5528351223014","22.7019320780739","22.9020567637129","22.9967852673495","23.0658205074921","23.1438846522361","23.1431258958347","23.0975335545811","23.0358855418544","22.9191461012861","22.7826867074412","22.6078993201547","22.4353770779068","22.3311095221601","22.2632987884915","22.2245931933636","22.2215825026653","22.2487127135661","22.3107215980864","22.4297004679733","22.6013252629187","22.8189387377058","23.0736498064264","23.412632373091","23.8789359369471","24.5053735056221","25.2977157681948","26.2152206030886","27.1511653887084","27.9389362630433","28.5624180835741","29.0522368255997","29.4676533467749","29.9032046622709","30.3719939261675","30.8727053737307","31.4020237570544","31.8477329673783","32.0953129222584","32.4244515147016","32.8922948462902","",
"Dominican Republic","DOM","Age dependency ratio, old (% of working-age population)","SP.POP.DPND.OL","5.33146539295699","5.37381278467653","5.41478899102227","5.45281566868042","5.49117440563559","5.527136734943","5.55470557048342","5.57450736857805","5.58720577559889","5.59386770824081","5.59580951216281","5.5949452908213","5.593062374488","5.59121351098602","5.59042357038695","5.59166481180517","5.59545156906051","5.60147333039089","5.60985416108249","5.6191867762205","5.63211805358311","5.65158851434638","5.67727891255932","5.71005047034221","5.75027405836302","5.79787680634498","5.85217217966503","5.91227139360626","5.97712977611952","6.04747176469147","6.12412779378126","6.20629389305638","6.29303307399529","6.38387283523154","6.47800713377596","6.57512369855666","6.67603839304035","6.78005410399881","6.88508145736984","6.99048194382954","7.09787004874677","7.21273669834459","7.33472880048088","7.45108039447944","7.54416827966214","7.61381378328751","7.67008041681523","7.71751553262439","7.76396430370333","7.81917707060331","7.90080177202362","8.02249644752636","8.18547247988098","8.38522894051131","8.59966849252241","8.82833179861422","9.08948395828987","9.38380625640634","9.70869465382686","10.0542334946613","10.3957202462373","10.7262233242968","11.1218500453694","11.5729193737849","12.0220538903728","",
"Algeria","DZA","Age dependency ratio, old (% of working-age population)","SP.POP.DPND.OL","6.08256245716565","6.3862504413398","6.89671618408433","7.3686435098954","7.73299533054878","7.99493973215058","8.03881129931477","7.89424308388944","7.73436551234956","7.56603720115261","7.40148634762292","7.24520048407725","7.09562050888005","6.94800258619084","6.79653980500532","6.72052196958848","6.77594254260618","6.77578194941259","6.66219197111221","6.54725481696819","6.45384767972968","6.39293436861342","6.34866360553594","6.29548431037054","6.22991501885926","6.16076963391417","6.0966633555206","6.03844727958521","5.9837166386809","5.93926007763458","5.89906876306472","5.87006925710653","5.97229575795691","6.1730379081315","6.36602631073018","6.56592456883759","6.76183605969111","6.9511045704557","7.05161833413968","7.06657671349252","7.07966465755911","7.09382168436175","7.1105335090449","7.13092640079938","7.1549851356749","7.18225094962735","7.20823850612242","7.22513310622356","7.22930924311667","7.22729390700423","7.23387875926996","7.26594864393901","7.33901673155769","7.47152271006351","7.66465522831431","7.90229857214742","8.17181949211754","8.46490756177809","8.77252354354205","9.08218314490603","9.31673652508281","9.5356442814051","9.82496617862081","10.1246021758787","10.4332525229666","",
"East Asia & Pacific (excluding high income)","EAP","Age dependency ratio, old (% of working-age population)","SP.POP.DPND.OL","6.67788324967556","6.54090181496514","6.48176015600284","6.46553203890725","6.44522695823253","6.42997372697355","6.4406639652276","6.46075905345716","6.4920160383269","6.53580997243321","6.57558276644213","6.62417419837514","6.6626123862554","6.71305967303751","6.81346711041048","6.93024875986061","7.035867746207","7.09928450996863","7.11771650329763","7.15082949639298","7.19512738499948","7.23062512368749","7.27071507318591","7.29339572090172","7.30775805441436","7.34409685971684","7.3946595268031","7.45238661732569","7.52477319204522","7.63172055439122","7.76280103902828","7.89048390514156","8.03034326307074","8.20192345918875","8.38027486760078","8.56129740056371","8.73896690117045","8.90940636918556","9.11077177437966","9.32692391440899","9.52457484985108","9.70158372733906","9.85461865805137","9.99321702847863","10.1080644064575","10.2091471858069","10.3357597377993","10.4771838338615","10.6087659073714","10.7480470356109","10.9160851028856","11.1286477158863","11.3905908500222","11.7050616955113","12.0775037776198","12.5420414878949","13.0683164190734","13.6703326768777","14.3294034228775","15.0002071545208","15.7018289388936","16.3438628342789","17.0045743670541","17.6334854389964","18.0499687334151","",
"Early-demographic dividend","EAR","Age dependency ratio, old (% of working-age population)","SP.POP.DPND.OL","5.84169801235624","5.91527275142113","6.01121563224554","6.11685953044176","6.21209927282675","6.2864346109999","6.34597419884242","6.39418486296043","6.43943784383977","6.48837220305266","6.53305896888016","6.57163443866091","6.61522500982775","6.66428965386531","6.70707167898101","6.74320285676385","6.77365813466941","6.79593165072113","6.81417384991367","6.82723746751178","6.8289797305858","6.82401983897811","6.82068742613484","6.81905785103767","6.81827354300841","6.82100804500969","6.82675519592245","6.83547595914066","6.8478117609061","6.86377035168432","6.87611049847028","6.89475878195424","6.92531292855603","6.96231709883228","7.00647392969945","7.05289883834286","7.09672232154624","7.14080516810901","7.18278283116734","7.22446224995322","7.26746543821924","7.31466752547614","7.37167803939746","7.42953435184323","7.47728552289062","7.52013857921151","7.55940510054075","7.59415490110982","7.63146921846305","7.67286848176127","7.7230872564972","7.78544869841593","7.86264459087785","7.95002260663524","8.06598960530163","8.21343142690871","8.38237671745189","8.57415653599647","8.78698872011671","9.01617829868768","9.21821091692258","9.35179459808185","9.51957811239101","9.76973223151741","10.0279746661287","",
"East Asia & Pacific","EAS","Age dependency ratio, old (% of working-age population)","SP.POP.DPND.OL","6.94786395046963","6.84746310888689","6.80747881046712","6.80192595891835","6.7925979546974","6.79096128986044","6.81688378183388","6.85527603483345","6.89857897293108","6.94766176240978","6.99167742206608","7.05464859891854","7.11503530062688","7.18565662914282","7.29888021788788","7.42486296612949","7.5448584174089","7.62979788488604","7.67356788893419","7.72865642113926","7.79210178625668","7.8490992343343","7.90983908318281","7.94824945638614","7.98380735042875","8.04506286270396","8.11627330747764","8.1963494491868","8.29132388364974","8.4228999337632","8.58295233949887","8.74714262776657","8.92445314657274","9.12921534786547","9.33987673977123","9.55255772682746","9.76394189254711","9.96932296877284","10.2022157507662","10.4491102037807","10.6849952514765","10.9055401288123","11.0996482993667","11.2734228654051","11.4277871178232","11.5811901607604","11.7629302367457","11.9560286791018","12.1362881116301","12.3129126326407","12.5014061162321","12.748175107184","13.070605717835","13.4495495130291","13.8781658926272","14.3824491524454","14.9355482706695","15.5529077992954","16.2175962588705","16.888541635202","17.5955262592253","18.2503558837195","18.9073292606353","19.5357621987364","19.9806477976732","",
"Europe & Central Asia (excluding high income)","ECA","Age dependency ratio, old (% of working-age population)","SP.POP.DPND.OL","9.8372909617263","9.98047641860048","10.0613028370163","10.1575002990684","10.274503925764","10.4649382539251","10.6545829864995","10.7897254594219","10.9769075928135","11.1520394208241","11.2632348218928","11.3648669385599","11.485724805754","11.5851921131974","11.6946253875979","11.814818689829","11.9312618279893","12.0663242641649","12.1739607751427","12.3171760086525","12.3295883599647","12.0857743910124","11.789679584183","11.5621193061125","11.4189766535096","11.3051907016122","11.2287310042383","11.2176501591134","11.2855249954091","11.4143746531287","11.5843943297315","11.7787628550703","12.0342266227743","12.328350328585","12.6476203443345","12.8608560551107","12.9722906916678","13.087619577797","13.1212317749045","13.078020541389","13.0965027818484","13.2310647929687","13.4617654749364","13.7244564433204","13.9394201054397","14.0584048272154","14.1078727711785","14.1060575076607","13.8997379534695","13.6178595122258","13.3762136445345","13.1873725781614","13.1690394491923","13.2289177283813","13.3707103629675","13.6272994372411","13.9242596368466","14.2689679683795","14.6276624540348","15.0637676975985","15.5431617965834","15.9427252145768","16.2430764729062","16.6123206536701","17.0798347559288","",
"Europe & Central Asia","ECS","Age dependency ratio, old (% of working-age population)","SP.POP.DPND.OL","13.1969192854148","13.4408410197004","13.62496091545","13.792362632747","13.9908386282774","14.2609024807454","14.5465882963865","14.8263244283394","15.1143047507365","15.3690863159064","15.6184380801545","15.8605446016676","16.1099191646924","16.3475692310336","16.5929737522259","16.8453799896624","17.0711564619476","17.3111200543761","17.5412889692358","17.7367552954223","17.7728369725712","17.540753952675","17.1882470340487","16.8540893046787","16.6475528392906","16.6328385727514","16.7277772292047","16.8637318856544","17.0588204222824","17.2886742271909","17.5457640574264","17.8384135123469","18.1671218077477","18.5097298736747","18.8799688385355","19.1682962373338","19.3628883165372","19.5619958647878","19.6913042688278","19.7633631716845","19.8824388135364","20.0809430723458","20.3323182024934","20.6047573213747","20.892747077443","21.1570547355838","21.3680692987655","21.4765010335552","21.442909301028","21.3996364122882","21.3848698637096","21.5009418292816","21.8549818390433","22.2738214753027","22.7504329603665","23.2580999320673","23.741564732312","24.2482621510919","24.7588354957368","25.3038958601861","25.8453593981678","26.3116929336091","26.8224264569691","27.4504011650501","28.118635449473","",
"Ecuador","ECU","Age dependency ratio, old (% of working-age population)","SP.POP.DPND.OL","8.92467897614091","8.80573819485953","8.67770154442789","8.53684760596811","8.3875586691821","8.24272320371726","8.10768403678512","7.98173483230377","7.86262681885207","7.7463890520084","7.63463486378931","7.52671024870435","7.41952753404067","7.31819436291662","7.22378853459344","7.13029163161361","7.03994602691675","6.96209453728566","6.89533101950343","6.82669203654238","6.7517185239195","6.67367259358712","6.59276699879427","6.51128963321701","6.43755640934552","6.37602523124532","6.32983946698838","6.30193835683821","6.2923057137047","6.31481328082309","6.3806938509932","6.49088200581014","6.62554878745044","6.7725813313219","6.93590704281604","7.10560327034941","7.27760603888812","7.44891568036049","7.60579493065227","7.74014714157687","7.86019008347528","7.97955755231297","8.10670091069432","8.24112354946905","8.38059890918829","8.51872179297019","8.65170486971535","8.7869402294284","8.9428852500404","9.11902694958753","9.30019810275752","9.47028436064045","9.63687108382388","9.83798027028625","10.0783935702262","10.324636920303","10.5542896832542","10.7678628155725","11.0001244721145","11.2697116186031","11.4495006166191","11.5599416884375","11.7815729993469","12.0965454474112","12.4166360262669","",
"Egypt, Arab Rep.","EGY","Age dependency ratio, old (% of working-age population)","SP.POP.DPND.OL","6.73448064327297","6.8279345394903","6.89559733817606","6.94967864813482","7.00136986878347","7.05051051856986","7.09158192637207","7.12355362149396","7.14808742122192","7.16819896495899","7.18766056023811","7.20882049695845","7.22985567516523","7.24800377636323","7.26447070493275","7.27791851530462","7.28654067397442","7.28772111320192","7.2823530977353","7.27606897048626","7.26665794022738","7.25391292865759","7.23801379259343","7.21455780971165","7.18841419053223","7.16561517167132","7.14873825693961","7.13272235896915","7.11165891446754","7.08719736520608","7.03377009386785","6.98322898029514","6.95226409672985","6.9222194721871","6.90447219261678","6.89230327455852","6.88759897875033","6.88960100586403","6.88137962629815","6.85823774011785","6.8195207771389","6.77028916634008","6.71711649484969","6.64958839177529","6.56500074317417","6.4723759634556","6.38822554451636","6.32476752959616","6.28794321108333","6.28354104638759","6.31986851418943","6.38516908928163","6.4783022469015","6.58389969244239","6.68550128712773","6.80516609988622","6.94309086801381","7.09697045251357","7.26668451982911","7.44924287915129","7.58665174911614","7.63834702066039","7.74772796448056","7.93940459919248","8.13543188265904","",
"Euro area","EMU","Age dependency ratio, old (% of working-age population)","SP.POP.DPND.OL","15.650518012319","15.9518036488168","16.2246766245962","16.4315615598861","16.6792447067167","17.03406952783","17.3977206393166","17.7906466254596","18.1420732539991","18.4265691253231","18.7761692928871","19.0902547277261","19.3669920714178","19.6304139316941","19.8886327040343","20.1450623822372","20.3539192267077","20.5620712645152","20.7729880421911","20.9136307477545","20.8364860959406","20.4961494630567","20.0640085244092","19.623778996288","19.335792648631","19.4127747634501","19.6949709660779","19.9918788289332","20.2905518839986","20.5466771878065","20.8123287427266","21.1095384561357","21.4040482602586","21.7226117979728","22.192228408678","22.5647350105008","22.8096658577766","23.1395626271495","23.472128329726","23.8258131770391","24.2083871638041","24.6113379549989","24.9777305833977","25.2975340732767","25.6658290732978","26.0942453605383","26.5193147484137","26.81814477664","27.0623450199988","27.3772117534205","27.6577776264827","28.001828260539","28.5559471198088","29.1852887891667","29.8258114869871","30.3899943467641","30.8911905596759","31.4054657428902","31.8988362454315","32.3932885109116","32.8858854617959","33.4281639075504","34.0091968168614","34.6378141748629","35.3971656832949","",
"Eritrea","ERI","Age dependency ratio, old (% of working-age population)","SP.POP.DPND.OL","5.03837859874303","4.97096700477016","4.91079106892763","4.86273689839206","4.82289152388498","4.79507437154446","4.76963146829958","4.74543453094474","4.732555205145","4.72242069000041","4.71677368935587","4.71656113969133","4.71669624721169","4.71331917763176","4.70085935542897","4.68448190540044","4.68817383081423","4.70910512304922","4.73420151736595","4.76277073377524","4.7943043359381","4.82876778870826","4.86448822306989","4.86840405658729","4.84691740549047","4.84002753998275","4.84694938340597","4.8952762216121","4.9827280302582","5.07457950158717","5.17769519226014","5.28050811707924","5.40624804476857","5.48046832571303","5.55685065833657","5.51943504574036","5.5157266514569","5.69425031058992","5.87555741201782","6.01399757282609","6.13913651007232","6.21131751046488","6.24129624525114","6.22540756420408","6.20844718893216","6.28633827760239","6.41989665424164","6.56713411475819","6.64058138978527","6.71770748641708","6.80746830479181","6.87831439803549","6.97462853137083","7.05722047956531","7.1749781063206","7.28784390667722","7.34617789023289","7.39735642693904","7.40749048032313","7.40353352761818","7.37034324431731","7.3061434616031","7.26151094939234","7.26055124848922","7.28905104547999","",
"Spain","ESP","Age dependency ratio, old (% of working-age population)","SP.POP.DPND.OL","12.6680750940062","12.9636197770065","13.1911143656177","13.3110736248436","13.4064893561388","13.7129937632745","14.1047291273654","14.4053225584487","14.7337413265381","15.0255573020938","15.3619608655652","15.6742546294442","15.9213826175072","16.1812419090073","16.3216270509063","16.4947425986184","16.7569406455855","17.0029080929074","17.2441329332052","17.4599815309278","17.6786502585165","17.8371846362183","17.9543438733792","18.0816237067134","18.220042712521","18.4270109359476","18.7307450850949","19.1158239789352","19.5231304023493","19.925990311312","20.3169504083285","20.6626186595198","20.9720735085585","21.2935690503636","21.6451862340468","22.0386004628542","22.453957511402","22.8885789521411","23.3417370707384","23.7393682567178","24.1095136314901","24.530049867535","24.6957668816659","24.4961400231909","24.1356841263481","23.9974789143982","23.9925912732585","23.8243600525508","23.8763223879005","24.2467512804068","24.7740949344745","25.3142334183364","25.8678392737669","26.6124143353727","27.3726154630625","27.8985100219629","28.300560152026","28.6958690580307","29.0363941379669","29.2912365372295","29.5280163415616","29.8942224729884","30.4880565881728","31.2519979239585","32.0712005028159","",
"Estonia","EST","Age dependency ratio, old (% of working-age population)","SP.POP.DPND.OL","16.1880094271709","16.3091292446091","16.3291768866858","16.3927436188677","16.5594447382212","16.7749706749665","16.960671959339","17.1572400117559","17.4230029174023","17.6299244163915","17.7794518630124","17.9747990130621","18.2039257691738","18.3679632761537","18.5134956054854","18.6626445130344","18.7677606490275","18.8805023825988","18.9578641448075","18.9925156415032","18.9258540675855","18.6266234428202","18.1769511200992","17.8332940923049","17.5427752592154","17.1898885440444","17.0202676595595","17.0291143078269","17.1203876998258","17.3208872098945","17.5650839757484","17.8974033830475","18.5106786863268","19.2715006375639","19.9249510685954","20.5415968791628","21.1507956099247","21.7163549811515","22.0768518912131","22.1224603137872","22.2533990206401","22.6290557169241","23.1111877306841","23.6166193812509","24.1007221420562","24.5675881116144","25.1332878843498","25.6321789745808","25.7756273098619","25.813979035109","25.9051225013889","26.2280943412138","26.8429071153228","27.5471858468875","28.3143365756633","29.0163718090505","29.6709664149502","30.2962037159544","30.7618163433052","31.2502367379406","31.8807083520298","32.3398081919745","32.6751321608146","33.1351197606175","33.7703993677409","",
"Ethiopia","ETH","Age dependency ratio, old (% of working-age population)","SP.POP.DPND.OL","5.13477663721202","5.08757944676439","5.03512931650901","4.9916353779216","4.97468398106588","4.9910792801082","5.02647402465351","5.08219287935759","5.15874084593878","5.23156028643699","5.2953403076496","5.35551406472512","5.40529803687986","5.43871111846438","5.45136323071659","5.44972558823822","5.45840978604234","5.47219844221376","5.4783568036824","5.48208084146019","5.48613339675517","5.48891500339119","5.48514566557533","5.44091935530185","5.36244472324875","5.30480254682815","5.2716810080653","5.27815429081331","5.31874983289402","5.34815851312029","5.36079514385963","5.38740077272622","5.40555100352683","5.39687820288239","5.38553648587304","5.34009068535397","5.28446469408974","5.26852784045611","5.27214080695966","5.26504204121705","5.26663706782069","5.27689227446435","5.27455446427606","5.27088201460225","5.27055596669157","5.27549894855572","5.28162973305159","5.28322763431366","5.28755580778772","5.3013464563979","5.32231052064965","5.34866838127307","5.37887075689279","5.40302806752253","5.4190929891968","5.41394890276207","5.39478565290047","5.38842935107786","5.39612955081909","5.41556721801467","5.43384894019026","5.44251443212072","5.46515340367129","5.51886869123526","5.59691374919611","",
"European Union","EUU","Age dependency ratio, old (% of working-age population)","SP.POP.DPND.OL","14.7756836116793","15.0703317326033","15.3369033717409","15.5534166069774","15.803453453958","16.1455770037573","16.5012542867717","16.8738345784292","17.2150856008038","17.4984581828197","17.8243305851106","18.12920971446","18.422636236642","18.7140336500689","19.0061772836478","19.3031800829329","19.5580593841119","19.8158552077244","20.0623969286424","20.2384969283343","20.2059137476401","19.9021721901076","19.4810714074659","19.0284107375269","18.7502216602124","18.8269575438264","19.0835812361197","19.3652605067539","19.6582988480186","19.91529948145","20.1755469531451","20.4557200181127","20.7282171363106","21.0226039936646","21.4338527941202","21.77807963923","22.0249002577179","22.3292030296018","22.630466607475","22.9417760410672","23.2768879394912","23.6232145651019","23.9449711561889","24.2257132540049","24.5449450434408","24.9121301521646","25.2762814413484","25.5497124260864","25.791536023849","26.0974951314101","26.3892423137188","26.7609789034244","27.3336289082312","27.9751417930094","28.6444102990051","29.268501589122","29.8443331908837","30.4277010303832","30.9976592220188","31.5744413112585","32.1483133050322","32.7187745162767","33.2788099036041","33.8915901919783","34.6246134645753","",
"Fragile and conflict affected situations","FCS","Age dependency ratio, old (% of working-age population)","SP.POP.DPND.OL","6.88731602414768","6.94518530828672","6.98001303193664","7.01898239561011","7.06372998477923","7.13923855616207","7.21343716108013","7.26433710117021","7.34242400464876","7.41925500905414","7.46731841784855","7.52160636318293","7.5973592390085","7.66066946143825","7.72279727895372","7.78757541761433","7.85337657913133","7.93002067721072","7.99017645852017","8.01647756185502","8.00090918702952","7.9437537443894","7.86909930211158","7.81455543623578","7.77990819198337","7.73642046549562","7.70353173140566","7.69614387316121","7.70375409302727","7.7123578046119","7.70237523297492","7.70100078465689","7.69608663627141","7.69223441250999","7.68887274661581","7.6406927152796","7.58579090704294","7.55237461845611","7.47976628694861","7.37740413568522","7.30559347156073","7.274632600981","7.27357572716566","7.28530583700543","7.2843049881776","7.25744732536931","7.22016585368693","7.18276029613226","7.11412359231854","7.0436466882096","6.98280592294643","6.93024383999032","6.91599169133772","6.90854506966906","6.91636179889101","6.95031732729401","6.9818001411572","7.02008504125174","7.05818479999865","7.09496388916074","7.11752492296494","7.11593994774707","7.07281554023829","7.05157074207143","7.09402566410795","",
"Finland","FIN","Age dependency ratio, old (% of working-age population)","SP.POP.DPND.OL","11.7235598284217","11.8363553794897","11.882898790134","11.9836313175476","12.1919122836475","12.4040521242413","12.6245919550631","12.8512883573191","13.0656227056909","13.4000907945176","13.8161082000292","14.154432121235","14.4916605722423","14.8803662348664","15.2987603040048","15.7486650136389","16.2017816077161","16.6632918729229","17.0695868598788","17.4085822175598","17.6823211393003","17.8463515389803","17.9913370529893","18.146083190817","18.1941133190149","18.3311727910652","18.6542135135636","18.9629342230571","19.2893164268741","19.6136220963916","19.8890211980776","20.1468164545055","20.386630617302","20.6337793026202","20.9463209158263","21.2962607220818","21.596250040245","21.8217051322978","21.9559032220948","22.0801497004428","22.2867158118788","22.5292790502818","22.793393224355","23.1296281890496","23.560311919758","23.889294516878","24.3732600853749","24.7775172183315","24.9811348280901","25.4001839381882","26.0781191631635","27.1287355282711","28.3376672599692","29.5690940765756","30.760997945958","31.8584462878774","32.8167500146524","33.7493447906474","34.6872492375658","35.5470495181139","36.3638702840905","37.0920910316799","37.7394987249251","38.3460525556987","38.8765090304458","",
"Fiji","FJI","Age dependency ratio, old (% of working-age population)","SP.POP.DPND.OL","6.77349480628169","6.44883019335529","6.15540602820536","5.89157506547184","5.65896443834272","5.46758577054039","5.30984507746127","5.17837584102644","5.08108190395001","5.0015553481758","4.93312482884857","4.88316168067698","4.84683959593755","4.80646702771583","4.77139488686833","4.7622641746782","4.76595536353567","4.77376196779306","4.79735651174485","4.82650483625254","4.85338452595006","4.87692679746809","4.88875129210206","4.904067651253","4.92439250269202","4.94741210648011","5.00848088841657","5.05324010602322","5.05788643319214","5.07083414449673","5.0751538294564","5.06933946763063","5.06706408345753","5.06977770068718","5.07964122295733","5.09680158446323","5.11993695238213","5.18137339316646","5.28368315762733","5.40075143935075","5.52311918963429","5.64507793928347","5.75848414196366","5.87103527763999","6.0005000566611","6.14022941984684","6.28934896308033","6.45153466066986","6.61510537495557","6.77411484910679","6.95349914245436","7.16741696501365","7.37454794893651","7.5817837321216","7.80425272698671","7.99316346698432","8.17093555135173","8.3880463172703","8.62841113831558","8.87910380323419","9.11176129114888","9.26366503588546","9.39534026407474","9.5712928160197","9.76663813673618","",
"France","FRA","Age dependency ratio, old (% of working-age population)","SP.POP.DPND.OL","18.5735023861265","18.7330586962712","18.8997130956725","19.0089645643666","19.179310149541","19.4166943090788","19.6984482575197","20.026963994801","20.2936599679537","20.472372681789","20.6353980710953","20.814592919783","20.9829592288349","21.1488373675557","21.3194306301955","21.508038022207","21.6377907915635","21.7702243017573","21.9438029618594","22.0639434555482","21.8637403899888","21.2392922772213","20.557046997139","19.9867340205832","19.5572274436606","19.5852860176199","19.9499839775974","20.274605365486","20.5808733720092","20.8816547643492","21.2248370255604","21.6184630758416","21.9913054127312","22.3469338037621","22.7159774640949","23.0985410953939","23.457743838302","23.7882311756171","24.0962595213676","24.3706974400408","24.6040042583603","24.7954958564477","24.9477711089087","25.040210951183","25.1590771458885","25.265680743455","25.2561649414524","25.2890466951257","25.4630170062984","25.6976738947315","25.9439893809411","26.4831239219727","27.3249374613418","28.1795459733674","29.0643577099352","29.9691649530843","30.7903475113013","31.5247668711496","32.2283943292714","32.9295024945655","33.5646318689425","34.1156814854036","34.7084265800964","35.3839754108932","36.0997054234682","",
"Faroe Islands","FRO","Age dependency ratio, old (% of working-age population)","SP.POP.DPND.OL","13.4069088389587","13.5245702040618","13.6339649796114","13.7528366111952","13.8822871522438","14.0277522514244","14.1418265958895","14.2298881552351","14.3118040089087","14.4227369165488","14.5346291918396","14.6174096931509","14.7081315319908","14.8233422638982","14.968008255934","15.1539840312856","15.3747185590222","15.5998573183782","15.8522328735095","16.1163191123015","16.374159119095","16.6574412339939","16.9372372807653","17.2040329188785","17.4916681283985","17.7624309392265","17.9501177112832","18.0929013175585","18.2160928663558","18.2930410100812","18.6173358743511","19.2401023834059","19.9409554482018","20.69261394838","21.3896848137536","21.783196239718","21.8602091359384","21.8878991961764","21.8417945690673","21.7118997912317","21.5615196932729","21.3718066782632","21.2492037415764","21.14370468029","20.9319743397701","20.9110066461339","21.1389212262321","21.5284731418973","22.1113801452784","22.7240490006447","23.4217601140155","24.1814749723361","24.8743966111713","25.6342494714588","26.5380535666932","27.2331729184521","27.6736745886654","28.0324059131108","28.2115708787888","28.3713936660088","28.7290256790581","28.9825909326504","28.8022100111101","28.5355029585799","28.4728745890089","",
"Micronesia, Fed. Sts.","FSM","Age dependency ratio, old (% of working-age population)","SP.POP.DPND.OL","6.63348416289593","6.65523005190464","6.66980204369576","6.65666291525989","6.5911306042885","6.51060140301096","6.43250267543189","6.35415506810674","6.30120177559638","6.25306866802272","6.20294989270021","6.16386038324865","6.15009746588694","6.13748214002223","6.11397036026539","6.05511240029007","5.96343757347755","5.87714032530086","5.82942205682228","5.80643422967074","5.76938151603041","5.71739791265579","5.66412963417628","5.61145602892552","5.56323427781617","5.52273081982564","5.48905424350264","5.44605051832384","5.41034174851855","5.39075530140577","5.36899724368182","5.33368714342577","5.58820819898664","6.1396146222119","6.57938147910191","6.61454792658056","6.35154108444207","6.08828757653565","5.84102672269726","5.62848178267273","5.58487942096779","5.72910969072809","5.89338873728603","5.99009366272162","5.99686317926008","5.91553613857592","5.77808365833142","5.62730908979878","5.4898790365636","5.37199542159481","5.32927293490674","5.400900150025","5.54164907412992","5.75317413919743","6.01427570894244","6.30574569591371","6.61455644863948","6.9258345086977","7.27381805943723","7.67760758570387","8.09259447158243","8.497466021654","8.87906789875452","9.22300965879865","9.56413024947434","",
"Gabon","GAB","Age dependency ratio, old (% of working-age population)","SP.POP.DPND.OL","12.8291881203374","12.9360924709272","13.0318236676618","13.12288214544","13.206806816862","13.2694938440492","13.3167281121656","13.356123471085","13.3868040761579","13.3719798662742","13.3207254817054","13.2795881470389","13.2453306396459","13.2073076109191","13.1580410250709","13.0965991455469","13.0246814002258","12.9405055169628","12.8461687933156","12.7448863188864","12.6347921132764","12.5155743680647","12.386504370402","12.247374845665","12.0991586209414","11.9436310884708","11.7815929465292","11.6112256411562","11.4349140862218","11.2543287428525","11.0694264769297","10.880580022998","10.6877263111446","10.4916798325338","10.2934693620505","10.0913382298274","9.88594344730212","9.68078271447088","9.47703640584865","9.27482666563087","9.07388435078268","8.87539004338316","8.68143906789242","8.49147518609776","8.30000452199953","8.10537336375355","7.91187538592383","7.72470824205685","7.54875314957788","7.38814446813291","7.24516968785078","7.12017190776884","7.01078554108782","6.90601189328929","6.81640731547652","6.76228646181738","6.73664557950953","6.72754219354919","6.72972336408421","6.7406838286423","6.74634061887587","6.75103085454287","6.77417718810335","6.81636780735452","6.86917526025979","",
"United Kingdom","GBR","Age dependency ratio, old (% of working-age population)","SP.POP.DPND.OL","18.0052585263904","18.1146782938854","18.168839745418","18.3326465568954","18.6381911430843","18.9740251094133","19.3070027782793","19.6743932565804","20.0661384581142","20.4541312064233","20.8561635249451","21.2507955645521","21.6051072936543","21.9333749902923","22.2604009594896","22.5468511506935","22.7581799342762","22.9484562156032","23.1487450034514","23.3126418286961","23.4174901224822","23.4169013957098","23.2564896389149","22.9591057301413","22.8191175941221","23.0314538307332","23.3334675737808","23.5505614638003","23.9259371391192","24.2784391358255","24.4261220784734","24.5791480801617","24.7088452452028","24.7715545433944","24.7915997881691","24.7919649902199","24.7613298471139","24.7042601779213","24.611989056853","24.4894454943092","24.3798919178771","24.3222603622768","24.2949023425826","24.2919216881843","24.2947848045532","24.2283963922568","24.11995306204","24.1072449980886","24.2466529753894","24.5034007984281","24.7915439530878","25.2596313867542","26.0082192507616","26.7118018356341","27.2278741375818","27.6148274119397","27.9357658270104","28.2812702483576","28.6623391144953","29.0585518127533","29.3337816380253","29.5030172797067","29.8395129838191","30.3666928153824","30.7979309692315","",
"Georgia","GEO","Age dependency ratio, old (% of working-age population)","SP.POP.DPND.OL","11.6930123855894","11.5368152963899","11.3752560652123","11.2334821918811","11.1395981925891","11.1002013160857","11.2638248602705","11.603892036426","11.9318647350564","12.2411142047108","12.4951552711043","12.6239247992669","12.6770696049809","12.7695499781732","12.9026217297496","13.0508775155847","13.2022652138271","13.3397626574666","13.4917759683991","13.6526805053435","13.7183605674911","13.6633094961748","13.5420707737006","13.4024042982577","13.2827340630961","13.1827588345565","13.0924474910578","13.0233995658366","13.0317264153842","13.2065057950921","13.5787238570473","14.0719058192359","14.6647787400333","15.3769336229883","16.1008795402005","16.748553007424","17.3381051342796","17.8569515919537","18.2930198422155","18.6542811213162","19.0305741422479","19.5272675971287","20.12293349175","20.8058767999852","21.4297684691781","21.9283298259366","22.2434085514836","22.1334444607411","21.6024727721872","20.8827812632437","20.3161048455366","20.097272502912","20.2003379940347","20.5588036766593","20.949437169233","21.2865526375759","21.6407790349877","21.9792150306713","22.3579229767586","22.8003267728678","23.2210059521166","23.4795849621647","23.6784143762677","24.0682771447832","24.6016491110194","",
"Ghana","GHA","Age dependency ratio, old (% of working-age population)","SP.POP.DPND.OL","5.66811310038606","5.80791543897178","6.19579479543624","6.52000479635477","6.77410681143586","6.94301578468924","7.0453255031987","7.10226575486117","7.1281444697101","7.10352945869097","6.94423775646635","6.55105912364703","6.11569011597884","5.81957368384156","5.58571682504398","5.39803460929879","5.20836252957997","5.13898816280082","5.22524657879473","5.33938883831883","5.24208941053217","4.96178820061618","4.85504698804358","4.92815541937604","4.96819542081702","4.95070527689022","4.95686429860469","4.96849248340588","4.97318970352095","4.98087279080542","5.00660884580864","5.05436373244014","5.11454892482967","5.17697602138834","5.23823023993662","5.31280068233073","5.4076657492877","5.50146273431178","5.58918077438475","5.67701569540038","5.75333916971895","5.80972503337885","5.85321892889687","5.89125974195296","5.91874723016405","5.93246483306994","5.94123680235771","5.94526592392493","5.93311867428963","5.90502941579182","5.8766553583841","5.84855838422834","5.8163960528297","5.79339530530208","5.78749175653019","5.78760034025104","5.78625641256034","5.78864414161553","5.79995537431681","5.82321219444882","5.84874371888525","5.88199702828208","5.94481810092698","6.03399332576016","6.13215751117643","",
"Gibraltar","GIB","Age dependency ratio, old (% of working-age population)","SP.POP.DPND.OL","12.7237272790584","12.8332642630198","12.915078933043","12.9534713439393","12.949967511371","13.0614319293565","13.2404181184669","13.3000426283418","13.2431788395091","13.2380396732789","13.352435530086","13.6446159083173","14.0133137763737","14.3329411105508","14.6433737621008","14.8554721977052","15.0514110697878","15.2872126514863","15.4548401037165","15.5695048017598","15.6296611975282","15.6607369758577","15.89887343312","16.3966643650077","16.9051687313114","17.3784740852023","17.8856526429342","18.3539496527778","18.7704739025988","19.1312942726923","19.3067667512971","19.4996116720293","19.8256717743726","20.2249058276091","20.7117949853324","21.1687306501548","21.4439358005626","21.7458308107216","22.1727172717272","22.6327944572748","23.0333992529114","23.3435717419921","23.6402243153482","23.8630254811311","24.0314191699395","24.1568914956012","23.9841376113715","23.5","23.0525115287351","22.9292830630983","23.567279767667","24.4064212246467","25.0059606122741","25.6402973062538","26.2502350065802","26.858423608517","27.2374619008035","27.3008085763605","27.2354096019989","27.1144169765916","27.0086129322535","26.8226104485134","26.8180322474498","26.9865488857659","27.2102431169239","",
"Guinea","GIN","Age dependency ratio, old (% of working-age population)","SP.POP.DPND.OL","7.87825015477824","7.74635955481328","7.62375569247775","7.51171894200013","7.41618111687237","7.33470679458003","7.26624511397522","7.21420028004678","7.17558036661336","7.149318518829","7.13665036248258","7.13777643527034","7.15159923833947","7.17705062756843","7.21679716603453","7.27299648256284","7.34443700781131","7.42806961581402","7.51871582134079","7.60878424644028","7.69218512794309","7.76677561796843","7.83184901242927","7.88717986987113","7.93251402105798","7.96600394105361","7.98612427306202","7.99414360703899","7.99296610453826","7.98777005026774","7.97510990845105","7.95400391831548","7.9298121762302","7.89948948813564","7.86532008667617","7.82415946425214","7.77646390146109","7.78031334253802","7.79003335170708","7.75847297333926","7.7395445190277","7.76524404654171","7.75792467539156","7.67961169148981","7.59999921827686","7.52394012846747","7.44249463315117","7.34672279841237","7.24382698755813","7.1428530508495","7.03769343846993","6.9291646673921","6.83270108825806","6.75225847643209","6.67155758438068","6.59554215531617","6.53433801679997","6.48053808971291","6.43144541996446","6.38550878881132","6.33023283431756","6.27302730401048","6.23835010065047","6.22073409031956","6.20935500027283","",
"Gambia, The","GMB","Age dependency ratio, old (% of working-age population)","SP.POP.DPND.OL","4.76596200256052","4.76763514215466","4.77598506006259","4.79775727594277","4.83677729828062","4.87772383337056","4.9124364705162","4.94508982416048","4.97508635154268","5.00370552921695","5.03118373887158","5.05774176738557","5.08444630576041","5.11051834120628","5.31538972693342","5.69821071264828","6.09409161161327","6.5092492847297","6.93396532876097","7.35092481952391","7.74666015949716","8.10592684685061","8.42615073664942","8.7539291856948","8.81964861957691","8.62290388359793","8.45220749427588","8.30682829418252","8.18192416962735","8.06524151339886","7.94924426198918","7.83387136152782","7.70013986986022","7.48086664141253","7.21922916182203","6.98864823455672","6.77420696475416","6.57344438119776","6.38416163215644","6.20289199861546","6.02929950098474","5.86553015956549","5.7108079910352","5.56743552379431","5.4397266311271","5.32752621377362","5.23078971239288","5.15218016667248","5.09344810893861","5.05259541526949","5.02710878874789","5.01362993075805","4.99982537374614","4.96493336761557","4.90355041310922","4.85721777149833","4.84680920351803","4.85996594988421","4.89437800294652","4.94905526129721","5.01222608351189","5.0784189728844","5.16715181339982","5.29008620803186","5.43150476061397","",
"Guinea-Bissau","GNB","Age dependency ratio, old (% of working-age population)","SP.POP.DPND.OL","6.83843301288248","6.92608094145667","7.01865907745602","7.14187446763047","7.37337347614834","7.69030562529558","7.90948049905641","7.93082554083488","7.827631195125","7.8396229122882","7.89957717709323","8.00795246279021","8.17278384556769","8.27383557361676","8.51637893006701","8.86357169750044","9.16139322898824","9.39334022967435","9.53936572913092","9.47578340649586","9.4779467571021","9.69335195411104","9.89301726189214","10.0753923479331","10.2283487969698","10.3455567378789","10.4284856469407","10.479292119694","10.5063307599946","10.5105897575592","10.4971025841817","10.2188919700277","9.71571752018176","9.26951312221302","8.86423608257777","8.48558646701832","8.13229659329711","7.79773395728681","7.48727208145868","7.20139838588516","6.93638181550758","6.69237414280904","6.46615961575249","6.25677268733019","6.06227324720528","5.88402338427596","5.72429922056673","5.58154666005701","5.45474613963418","5.34697537075432","5.25959127678698","5.19170878585392","5.14532464508568","5.12025135799052","5.11624880487224","5.13236446410758","5.1653648951096","5.21063342807562","5.26246546507039","5.31838647098745","5.34897863453589","5.36295807389029","5.40214053187011","5.45440769662306","5.50109060389548","",
"Equatorial Guinea","GNQ","Age dependency ratio, old (% of working-age population)","SP.POP.DPND.OL","10.0235911572921","10.0164589701387","9.99678477268343","9.96723551215069","9.89745433804109","9.79027755067435","9.67024911621088","9.54386288773385","9.42570061594468","9.3190463972155","9.21555835507964","9.12698867215687","9.06213735626121","9.00588804888464","8.9463957922582","8.88281820780788","8.80999686290913","8.74475314811113","8.6976884220386","8.62665782493369","8.56019339242546","8.52891057070617","8.50200549115668","8.30414154553649","7.98257982579826","7.72843062286253","7.53827980475628","7.39972278312057","7.28913772316636","7.18758986484328","7.09338345341269","7.00277174320174","6.91361069502425","6.82308010923668","6.73045927283215","6.63599449865741","6.54095629897909","6.44603268539172","6.35106686960223","6.24833984347695","6.1672905572837","6.13796463838946","6.15334223473777","6.21324680379399","6.31674789569838","6.32102009158855","6.21618047658089","6.11574763950512","6.01478832044655","5.91101563222503","5.8066815581837","5.71263083860825","5.63398545786552","5.57447138414299","5.56289739129159","5.59589274990285","5.65128280826856","5.72408101351285","5.80213592438531","5.87510132569272","5.9411982175014","6.00366485040042","6.07193614567664","6.15267682110319","6.24784596392946","",
"Greece","GRC","Age dependency ratio, old (% of working-age population)","SP.POP.DPND.OL","10.8967610880444","11.3284709236075","11.6798523008565","11.6808548392522","11.6817042539949","13.0804569531944","13.52278047953","13.9024942052009","14.3260595262006","14.9177441764053","16.4087010919918","16.6566168275728","17.1517544912646","17.672195007818","18.2052472868424","18.6381666540194","18.9982207236856","19.4032081893263","19.8563742222305","20.1409826333509","20.0375558663007","19.9174209434276","19.9258101905039","19.8439764255707","19.6970955190809","19.6647880267247","19.7455187458376","19.8139730987999","19.8801301855557","19.9853928989347","20.3683051897549","20.9852606768466","21.5418853889026","22.075324437896","22.623541467712","23.1258586185313","23.6087178977369","24.0509951819637","24.4798718106674","24.9163360978396","25.3534855466444","25.7683879120197","26.2318853108803","26.7158028018098","27.1410317274481","27.483167045616","27.7275838559945","27.8926884260982","28.0725084251966","28.4027131134176","28.9355270010858","29.6261792035129","30.3927287216601","31.1945667531886","31.9815431678696","32.713766269677","33.3505055933744","33.8784511452943","34.3558336019507","34.8041078249776","35.3006788331396","36.1728657951338","36.9148929690617","37.3159535313729","38.0958702317535","",
"Grenada","GRD","Age dependency ratio, old (% of working-age population)","SP.POP.DPND.OL","7.97167755991285","7.87182017073485","7.8069432684166","7.74307083150022","7.61869251802138","7.52472379691315","7.49290957624291","7.43991640543365","7.38470519556334","7.32697045609822","7.26803701580542","7.39190227723173","7.71908067129398","8.06614516288741","8.43640790042015","8.84790110939968","9.29993402925996","9.80414924910977","10.3729784105858","11.0156674164275","11.7426827603689","12.2140221402214","12.230530661948","12.0999814160937","11.9996359333758","11.9358468325267","11.8838290778275","11.8454683614258","11.832223565675","11.8499444612744","11.906587545006","12.0083398143398","12.1585801544313","12.3695438135871","12.6295453429166","12.9224684578676","13.2382194684494","13.5548625998831","13.8750726697242","14.1870231454767","14.4917407878018","14.635939797866","14.6229739252995","14.6027984822808","14.5786479693081","14.5582314829512","14.5326068448834","14.5041795968576","14.4847757405185","14.4813289326532","14.5205072453982","14.5686413574382","14.6083798364328","14.6820915513302","14.784396923117","14.8998502916731","15.0648917615677","15.2760751864338","15.5192368839428","15.8126861415626","16.1286658926859","16.4626944437464","16.8790646968159","17.3840169112037","17.9144551982516","",
"Greenland","GRL","Age dependency ratio, old (% of working-age population)","SP.POP.DPND.OL","3.74943104233045","3.88591012105467","4.03364045425327","4.15715175420386","4.24647815952164","4.32286555446516","4.42923676456611","4.53283575296955","4.63760549899939","4.72719700124948","4.79441117764471","4.90393554384878","5.02286500353199","5.11328952565622","5.17043677681643","5.19730835559463","5.20618049404586","5.23323053199692","5.27327743806342","5.28878544741839","5.28485423648388","5.25427124173654","5.20160392069503","5.12945774303859","5.05925492905352","5.04439380843875","5.06088676103247","5.08561997111615","5.14696477450052","5.23322537043177","5.39366053169734","5.61754222842089","5.8676001880976","6.11916688636963","6.35281070947641","6.59085512255613","6.80720825308039","6.99335723323492","7.16578947368421","7.29098220621862","7.42194655989113","7.56202104169373","7.64772551645974","7.7399064154031","7.86339977148661","8.10448930096253","8.45798753878364","8.814106606796","9.15955351280368","9.45697366763261","9.70285628457706","9.95213649778042","10.2019576260686","10.417859187178","10.5981583609912","10.841804797436","11.1811811811812","11.5230360455206","11.8349455864571","12.1620600166293","12.5832996768982","13.1278222042834","13.7580489783501","14.6483032509356","15.8043685199002","",
"Guatemala","GTM","Age dependency ratio, old (% of working-age population)","SP.POP.DPND.OL","4.30220831360594","4.34373794823216","4.3783454379255","4.39567424409623","4.40072449281436","4.40884850518092","4.41924578882039","4.4230363986734","4.41660850645721","4.40160349316635","4.39298815024941","4.4140621179114","4.464706443134","4.53171573602039","4.61562156115955","4.71355421610752","4.80695055692142","4.9123146514605","5.03699521238428","5.15364056185433","5.24664965383536","5.32111737367258","5.44128833091795","5.58840270562285","5.69141032712949","5.77919006982157","5.89545450373353","6.04394532237235","6.20488808275624","6.36690894794212","6.51196704617325","6.66462997550711","6.81506627095076","6.94605346510574","7.02148097720392","7.03778892014186","7.05805913708736","7.08627539943236","7.10792492620386","7.11946139884231","7.13101644960593","7.13060531772072","7.1086815312958","7.0721061711406","7.0274671515693","6.98233745227111","6.94124615983387","6.9085862548799","6.88620432336271","6.87134078785135","6.8607060784872","6.85617872197162","6.86376690383237","6.89115188405185","6.93561229973097","6.98548628804058","7.03884381892451","7.10841874270917","7.19927671735663","7.30418232637222","7.37243018693789","7.36332329868898","7.38937008507723","7.50028033277051","7.62791398832328","",
"Guam","GUM","Age dependency ratio, old (% of working-age population)","SP.POP.DPND.OL","2.66752449767396","2.69004706972661","2.68182793391976","2.67408179816939","2.66816395283549","2.67688088968204","2.69859047780055","2.72912507460843","2.76879181820008","2.80309578062387","2.85582680792262","2.93589647692423","3.02165855076677","3.12103482306499","3.24613230422458","3.39661993279592","3.55742026748971","3.73956019894273","3.9330378223583","4.14203819764161","4.32083580534533","4.42368302566411","4.5185620397065","4.61016409957318","4.70644133963427","4.82245174441006","4.93665092976202","5.06438671797331","5.22396556828274","5.45418153918004","5.77608253732322","6.11678579912324","6.41873866182905","6.66807232091086","6.87881910829352","7.08185601973177","7.28234171690721","7.47817195785759","7.66679537061788","7.8553896402343","8.09541334159758","8.39695391398947","8.70698244807235","8.99496625100103","9.24087715805342","9.41977785942402","9.52822067520024","9.58650808399926","9.63224841693282","9.71976171025215","9.97768714450317","10.4507055116672","11.0372692951103","11.6777748237516","12.3597575578932","13.0682713794286","13.7958115183246","14.5526474809276","15.3431119769285","16.1657189277011","16.9895924520961","17.7991861786328","18.6644018442126","19.5862376948916","20.5192158385093","",
"Guyana","GUY","Age dependency ratio, old (% of working-age population)","SP.POP.DPND.OL","6.89493201483313","7.14910605797605","7.17819328061484","7.21235308356419","7.2480270909865","7.28141837916157","7.3057483188998","7.31762293816502","7.31067981617968","7.28026363969242","7.27084542520007","7.25642139484046","7.20563357035774","7.15670811412274","7.11925272113895","7.1001276673354","7.09614980874499","7.10159410184833","7.10829829695988","7.10399961003193","7.09143805150153","7.04243742165837","6.95333664545037","6.85984049145126","6.77473651381869","6.71072711104642","6.6729348798944","6.66261452916413","6.67080206500217","6.68234839063684","6.67756224569155","6.66738768456368","6.64459868623052","6.59677979844782","6.54324708886121","6.48612371320648","6.43439013650374","6.40199405651585","6.39729086920143","6.41752317060856","6.4534112957744","6.49990562352125","6.54334337144599","6.60350530257954","6.68405103772496","6.75893416723954","6.83155054260255","6.91658535016138","7.02193327659647","7.14820796098662","7.30224923472783","7.49167428015679","7.67329064346705","7.83940799554834","8.03109502195318","8.24699450868708","8.48312322082147","8.74145181157881","8.76995652936704","8.92855440727629","9.29944250937947","9.43159752532773","9.66602070236801","10.093214827661","10.5061528181334","",
"High income","HIC","Age dependency ratio, old (% of working-age population)","SP.POP.DPND.OL","13.0547923169461","13.2686419774514","13.4181971088828","13.5431129494096","13.6874168612099","13.8947596805579","14.1177774472617","14.3384552197689","14.5508502215014","14.7293117187766","14.9161843440391","15.0967735946639","15.2931353473954","15.488114956805","15.6871690421408","15.895194794582","16.0941798123239","16.3102091540005","16.5337340549757","16.7295341174917","16.8320858946228","16.7842482315852","16.6613569201355","16.5347540995097","16.4956553480061","16.5969534685082","16.7703511255736","16.9720550638542","17.2049269583652","17.4598503619265","17.7380860808308","18.0309900080603","18.3326517125613","18.6273342967951","18.9243865383186","19.1789196438366","19.3810427808055","19.5807633635348","19.738083299201","19.8684340455106","20.0328286402813","20.2402721743351","20.4662612532728","20.6936159740759","20.9473458207987","21.2257257446949","21.4937309306839","21.7138063041914","21.8927577912167","22.0744644277711","22.2662374852669","22.5745491075822","23.1071492981318","23.6913814399051","24.297469737903","24.8668956060877","25.4066316232525","25.9856064028397","26.5906522145212","27.1978191158457","27.7958024084813","28.4149409259762","28.9575298509309","29.5827594347204","30.2742666162662","",
"Hong Kong SAR, China","HKG","Age dependency ratio, old (% of working-age population)","SP.POP.DPND.OL","4.81186778779961","5.08582494661956","5.29489715906369","5.33741995178845","4.59150992372509","4.19893769580737","4.41475851367271","5.29653418456683","6.58510763313352","6.88368630884943","7.2628850574662","7.5521664656482","7.71200560067074","7.85572822816235","8.01171980028459","8.20722552991987","8.45101918420129","8.70218675904987","8.93179542164041","9.15082498569319","9.4092781656531","9.68537495330804","9.93370442507153","10.1616557982518","10.4102793074366","10.7409330405275","11.0881453506346","11.3987499619896","11.6918847720105","11.9709166580797","12.2844662828294","12.6149407319184","12.9223859736975","13.236293810877","13.5761591726814","14.0041636545785","14.3972431433229","14.6501821073456","14.9170163486252","15.196600619721","15.4523305334508","15.7552675251126","16.0957959235288","16.4152872958382","16.684795462795","16.9026039213829","17.0573705984851","17.1434933260442","17.241412733334","17.431018547806","17.6975492678807","18.0613987910373","18.5780562822445","19.2461409263807","20.0753270117974","21.050020851249","22.0591303759373","23.0546376854958","24.144043429983","25.4413059333564","26.9326403824183","28.5630138763059","30.2384291836748","31.9932342251397","33.9201492765885","",
"Honduras","HND","Age dependency ratio, old (% of working-age population)","SP.POP.DPND.OL","6.49665426349941","6.49868373002593","6.51674545730721","6.53500802974005","6.53204747327791","6.50437857618154","6.46095890640107","6.40517365316153","6.34054700501628","6.27315868166157","6.20824631558962","6.14325294639481","6.07678149196251","6.00904311180298","5.93881663308298","5.96482761809043","6.08850565122865","6.21401743632614","6.327626817129","6.41017185971776","6.45843570521881","6.47492440277007","6.46499153581138","6.44625320283847","6.44002625813042","6.45439109644637","6.48439904905413","6.52648094290525","6.49238977701532","6.37865846551488","6.26368238801431","6.15008491513466","6.03750896852188","5.92913117108067","5.83399802872314","5.75371807185396","5.68643544415652","5.63160408826775","5.57601707900244","5.52302477129115","5.4782079680617","5.43619379246175","5.39876999988408","5.36335847289518","5.32614570668538","5.28620956252865","5.24720681510576","5.21358548891812","5.18903727808117","5.17680631580844","5.17898070422964","5.19837171870308","5.24335457425873","5.31751968397951","5.42310358687909","5.55042544062616","5.6854761546768","5.8274546905361","5.97566395454571","6.12853458543412","6.25783704337683","6.34510330728118","6.46523862674347","6.63367111360935","6.80056133721","",
"Heavily indebted poor countries (HIPC)","HPC","Age dependency ratio, old (% of working-age population)","SP.POP.DPND.OL","5.63541065424634","5.6330471912305","5.64134784613961","5.65300096736649","5.66777708146024","5.68378692495689","5.70138346337325","5.72165029350941","5.74430135889631","5.76649631395528","5.78533525119186","5.79687748722666","5.80718700501756","5.81999766308884","5.83179551372026","5.845311690384","5.86260946963728","5.88569398933137","5.90891358271989","5.93121415119219","5.94758991346674","5.95526634827882","5.9606125318144","5.95872221928227","5.95095385758501","5.94247951956778","5.93525743625595","5.94093439320451","5.94159037832588","5.9249453071534","5.9074989690561","5.88666608305547","5.85528624189908","5.81960878855647","5.77337688316758","5.7263904677943","5.70198009464324","5.68479725488008","5.6599623559758","5.63670977501043","5.62024251491769","5.6055054282492","5.5889439566642","5.5689616632648","5.54660272504615","5.5236172733262","5.50214784770651","5.48196733098526","5.45969107786899","5.43853717642038","5.42364913975553","5.41362836255461","5.4100566398812","5.40647634009305","5.39664808053279","5.38680561302969","5.38007131015493","5.37811122428392","5.38528680024703","5.40095590544047","5.40610452062067","5.39743540304502","5.40466110832721","5.43421621774222","5.47166207439728","",
"Croatia","HRV","Age dependency ratio, old (% of working-age population)","SP.POP.DPND.OL","11.0510745575351","11.2296799190046","11.4220511091535","11.6446666211452","11.9285661621053","12.2725333150745","12.6504419488957","13.0238967883118","13.3598794248819","13.6696421965479","13.9872465858531","14.3355108618096","14.7143215625275","15.1139516786494","15.5251290603693","15.9314453196845","16.3132486943829","16.6591895548764","16.9598693253949","17.1494502194981","17.0801307812512","16.6789958245323","16.0882899837382","15.5607814942797","15.3568901027429","15.4845588399525","15.7316467418367","15.9947202856736","16.2712963678824","16.5716668175734","16.9074902879265","17.3760688146362","17.9744568907805","18.612521419203","19.2846030304268","20.0262165576423","20.8020344905701","21.5337727797443","22.245970470499","22.9605520037547","23.6973122245702","24.3656941819391","24.9352938741621","25.4293913058007","25.833833159221","26.2014168269159","26.4707498991136","26.7164025859894","26.9091635952339","26.907556246578","26.751218479008","26.8243973374439","27.2285587570068","27.6953278505705","28.2945585198332","29.0736218010925","29.8921217318283","30.8382222589394","31.9126879887339","32.9516011246356","33.9159159759646","34.7936463356279","35.5690002006303","36.1883732962491","36.8709578578729","",
"Haiti","HTI","Age dependency ratio, old (% of working-age population)","SP.POP.DPND.OL","5.83453019321662","5.88028679405092","5.95167914458579","6.03812716119366","6.14234641320626","6.26459728835875","6.39519351318576","6.53437758216296","6.67714770165875","6.81541167539357","6.94488612257304","7.06399733266113","7.17185635488598","7.26837167101576","7.35403827823873","7.42875231163766","7.49205418993395","7.54316614002432","7.58070835994284","7.60246691379179","7.60897727328279","7.60181641163038","7.58166100202319","7.5500830736319","7.50787607144521","7.45555276182764","7.39396812768032","7.32395283266998","7.24583723718461","7.15933364857467","7.06601937939618","6.96835916886457","6.86806217813001","6.76911436725162","6.67783823908398","6.59943971914547","6.53361115554316","6.47900298122195","6.43675569912155","6.40832487524317","6.39307555053904","6.39150351708874","6.40465070670211","6.42668127110694","6.44552986636801","6.46180685900194","6.48168038656724","6.50498297326614","6.53284213988075","6.56388538519198","6.54173187005008","6.51805249075872","6.54891489258785","6.58955480387149","6.63113414183994","6.67667434244184","6.73587996352583","6.80609696527204","6.8854705280465","6.97061311602081","7.04236612292162","7.09055074217339","7.14773153494362","7.23739166630643","7.33973752512942","",
"Hungary","HUN","Age dependency ratio, old (% of working-age population)","SP.POP.DPND.OL","13.7666602936579","14.1251981042798","14.4668497628073","14.8148816717496","15.2171345587538","15.6121010645016","16.0100687908987","16.4086329870068","16.7304249255075","16.9296792203465","17.0745513192529","17.2681153367777","17.5896968418728","17.9998871432549","18.4571988687055","18.9304644203232","19.3628714636881","19.8289481326181","20.2698832319819","20.6446744457137","20.6901126593751","20.2171233979413","19.550421496863","18.8470639484404","18.5430393952107","18.7496673420868","19.0859631026734","19.4641376627664","19.8384456443632","20.0696023474958","20.2097724243282","20.3753315178424","20.4897278822682","20.5997605319663","20.7562142078857","20.9728360881848","21.1731143253504","21.3427112171018","21.5493947432749","21.7148522385002","21.8421667357314","21.9532878261138","22.0729068641847","22.2063967366233","22.3420586017769","22.5300942227005","22.7421280327499","23.0102708115871","23.3226338455918","23.6794261229856","23.9799031465032","24.3009890438737","24.7945009628493","25.3850448358636","26.0666470016553","26.7683139588547","27.4991992586725","28.1620133651853","28.8419976794288","29.77020722","30.7423992607338","31.3779824517705","31.7812568439725","32.1801263965165","32.494481686451","",
"IBRD only","IBD","Age dependency ratio, old (% of working-age population)","SP.POP.DPND.OL","6.97513378349802","6.97574607309628","7.00924217619609","7.06835438084865","7.12192660778412","7.17628310018456","7.23517728196117","7.28292007963947","7.342079042528","7.4093315347322","7.46243401331131","7.5238590157466","7.5912721418296","7.6617002548953","7.75713799896486","7.86016092171449","7.95568378708719","8.02853423053738","8.06812090606124","8.10807967022829","8.13205259694724","8.1092587660147","8.07255930553317","8.03853737754011","8.01627018826979","8.01109806246603","8.02116619184727","8.0494829286743","8.09938829516825","8.1809047337946","8.28031280103344","8.38317810519463","8.50563071481932","8.64730007697342","8.78843298914901","8.92188516227375","9.0433885276237","9.15576684061453","9.26551911043659","9.36710005692129","9.46714535625455","9.57261946033686","9.68367168740517","9.79506297967083","9.88869601499907","9.96577597359143","10.0458813721957","10.1203138509473","10.1696138781872","10.218196472531","10.291850728574","10.4124085665662","10.5864076823215","10.7969142067914","11.0640098040742","11.4041675864536","11.781400819152","12.2031493619009","12.6567520535797","13.1266913151966","13.592699524817","13.976681362598","14.384838419777","14.8366109473573","15.2134943598637","",
"IDA & IBRD total","IBT","Age dependency ratio, old (% of working-age population)","SP.POP.DPND.OL","6.76533206882022","6.76433562000101","6.79302442240073","6.84471342100414","6.89320754470269","6.94300138192797","6.99720753786987","7.04302859291389","7.09854650860652","7.16045144655431","7.21004547542666","7.26231117666536","7.3192719342767","7.38145710901028","7.46349935847817","7.55200489576647","7.63465250213244","7.69955450572141","7.73806851316747","7.77613552079261","7.79832020255046","7.78052513592527","7.75114746250399","7.72364632530473","7.70624924621193","7.70251311733576","7.71042857361001","7.7334689396552","7.7734234652644","7.83769047966614","7.91571679309656","7.99539216266762","8.09004923361417","8.19944060768416","8.30607766455014","8.40488440673229","8.49486393401552","8.57763334130095","8.65735835028734","8.73085301777695","8.8038206725878","8.88190397504778","8.9657117671375","9.04990226122847","9.11893327101032","9.17413259293307","9.23055161389362","9.28043415727795","9.31076850248366","9.34187488427856","9.39392551623732","9.48489113801675","9.62025430783265","9.78446706950099","9.99115880253277","10.2531347450179","10.5419540532354","10.8634916266754","11.2086158545504","11.5636129137417","11.9066463251318","12.180288153443","12.4746594499739","12.8047716827727","13.0787841515866","",
"IDA total","IDA","Age dependency ratio, old (% of working-age population)","SP.POP.DPND.OL","5.7267927260566","5.72994867250047","5.742531995495","5.76294594111148","5.79063158658786","5.81994374389305","5.85147870707591","5.88666436400515","5.92363489125857","5.95936775575801","5.98982290289312","5.9942967324084","5.99765088632194","6.02008920412685","6.04188285193392","6.06652346408555","6.09399321256615","6.12389160034147","6.15485207559183","6.18341167843058","6.19926399613986","6.20668981993579","6.21516422099088","6.22183839801314","6.22913224904095","6.23537157567521","6.23812702994129","6.24325067573426","6.24453325383778","6.23822099342897","6.23010519946377","6.21844156058222","6.20471662182089","6.19018914459259","6.16689737562267","6.13738877788874","6.11265533717272","6.0889826734388","6.06355146767257","6.04279918762024","6.02793904170422","6.0181433003893","6.01531390014311","6.01537316757337","6.01277628123952","6.00913177498042","6.00598621709337","6.002095095495","6.0020239066382","6.00906244149011","6.02413428406183","6.05068046205896","6.08883701422179","6.12577209385299","6.16289956232789","6.20374251704793","6.24966924771988","6.30224666660248","6.36503901251494","6.43151392171304","6.47694618541704","6.50658878811822","6.55868887485172","6.63240337852962","6.70780794618947","",
"IDA blend","IDB","Age dependency ratio, old (% of working-age population)","SP.POP.DPND.OL","5.65186747878382","5.68421977023175","5.72401823790382","5.77302010485259","5.82644765970173","5.87588587537621","5.92432332514031","5.97265474798038","6.01816799471508","6.0573188932517","6.08506207319745","6.09850218439613","6.10387347771246","6.10736128866023","6.10770566283542","6.10626737749558","6.10580111506119","6.10811729733577","6.115567353903","6.12021534890388","6.0918040918738","6.05641645440799","6.04562458998406","6.04831986590565","6.061014820459","6.07278665225529","6.07934667695783","6.08448843509354","6.08979165402686","6.09692169461676","6.10093345764871","6.10559559935592","6.12610944158022","6.15097010972711","6.16558863485032","6.16848666581087","6.1580415848981","6.13826968011122","6.11276626543822","6.08898183545135","6.06563677390502","6.04302746535222","6.0301969668921","6.01973323462321","6.00224970601037","5.98194600021587","5.96208732846342","5.93913643610001","5.92120752981106","5.91300571875442","5.91357861442057","5.92601768650042","5.94554588075193","5.96204590488266","5.96803033829614","5.97991643335194","6.00131290588608","6.0268274555041","6.06694793657807","6.11532238458473","6.13758100134296","6.14781586630364","6.19017516158125","6.25394386160874","6.31478591004845","",
"Indonesia","IDN","Age dependency ratio, old (% of working-age population)","SP.POP.DPND.OL","4.23357386465499","4.37771731229201","4.52335977897965","4.6703560411402","4.82232569084744","4.95423706176051","5.08948494182395","5.25193445596747","5.41027177560042","5.55896978215034","5.69643713350485","5.82230487928352","5.94071978509602","6.05335773934333","6.15848181668934","6.25537759142583","6.34299289316545","6.42026104870754","6.48453560154956","6.53301087445999","6.56458437868008","6.57886187263138","6.58094570510717","6.57848773912718","6.57538168986879","6.57476872302605","6.5801048303274","6.59397007853991","6.61832441023689","6.65823768753238","6.71637348606536","6.79129022627127","6.88209185424621","6.98535273271417","7.09546771349498","7.20909005808668","7.32481184429984","7.44189669710496","7.56093486969594","7.68204623297009","7.80951880069408","7.94607272599144","8.08680676850844","8.22365818571774","8.34791388492726","8.46411621560027","8.57254922040668","8.66853150568927","8.75285761604214","8.82440575363353","8.8843636472831","8.93762534344079","8.98164135748601","9.01716935047299","9.04291888407228","9.0838257161931","9.1663169371872","9.28361959747885","9.43481281546814","9.61947648774002","9.78113237612511","9.87189859305212","10.0508673607854","10.362938068806","10.7006546661457","",
"IDA only","IDX","Age dependency ratio, old (% of working-age population)","SP.POP.DPND.OL","5.76163914904287","5.75121688043166","5.75113899412359","5.75826584435806","5.77401369368082","5.79401996602326","5.8177500259063","5.84688379465764","5.879930246288","5.9140664117413","5.94569313570137","5.94584866410381","5.94807765941392","5.97924087508276","6.01097863619737","6.04777151595213","6.08838915461015","6.13142824667864","6.17373094088694","6.21397421110086","6.25201829801452","6.28170041315799","6.30048877958125","6.30935536033804","6.31398882978339","6.31765300475963","6.31877451050782","6.32417140117748","6.32370914139758","6.31081002503141","6.29683953094315","6.27704176747656","6.24552621524647","6.21051326824658","6.16757518461204","6.12127187267954","6.08905129956162","6.06324407500419","6.03775696152364","6.01852661955525","6.00805543701587","6.00495763802786","6.0074099205803","6.01305343685129","6.01839682328559","6.02369487171633","6.02955813513069","6.03602292107807","6.04576766654011","6.06125975459864","6.08438637694625","6.11867967549891","6.16692504225008","6.21495009784618","6.26887108498073","6.3251213106436","6.3837647591803","6.45042173892164","6.52499124016645","6.60067815625737","6.65811340852014","6.69795525874207","6.75505628181441","6.83364507922191","6.91649974308709","",
"Isle of Man","IMN","Age dependency ratio, old (% of working-age population)","SP.POP.DPND.OL","28.2170593439722","29.0042140889936","29.2869634077936","29.5196677892947","29.9201091192518","30.505409333118","30.9981143532871","31.3273835711143","31.7136418361992","32.2478736330498","32.8895404499761","33.415015795223","33.7432092996086","34.0127204394334","34.2981352248027","34.5694016562562","34.7480549901007","34.7789068937105","34.7270615563298","34.6399851376098","34.4524901021046","34.2283776144714","33.8796140297136","33.3561800319854","33.1587602783049","33.3181726298767","33.2165469606347","32.6959378294232","32.0079522862823","31.3653828132321","30.7995960708712","30.3567391599222","30.0060523189348","29.6566772053257","29.2850514780611","28.8947310767883","28.4223064428803","27.7699620582342","27.0768263284771","26.4607008064017","25.9217922441608","25.6076823046914","25.5423926586634","25.5692042876144","25.6478186881188","25.7633077305208","25.849441256418","25.9186682343281","26.0646352723915","26.3508322663252","26.7418460032272","27.4984605353715","28.6625018266842","29.8140427258975","30.8270816657049","31.8029767721567","32.6267019667171","33.2576144774452","33.802550421917","34.2690788105635","34.6967293602236","34.9953762243569","35.4434684046472","36.1874112636062","36.9706284153005","",
"India","IND","Age dependency ratio, old (% of working-age population)","SP.POP.DPND.OL","5.8787900417636","5.98419514811402","6.12345020224113","6.27725205825901","6.40286142367976","6.48418587694977","6.53562931904358","6.55990479424957","6.58109356088875","6.61964391582099","6.6586133025737","6.70878849363388","6.77269192047468","6.83702936937455","6.89319068022303","6.93362087767935","6.96545373847543","6.98587535023706","7.00130954205567","7.01144827950541","7.01692563703238","7.02519342729497","7.03204089817693","7.0348233388435","7.0344962794722","7.03335114603597","7.03144604297949","7.02919279075356","7.02756211021025","7.02843707248025","7.03438410238117","7.04700873664111","7.06598462895876","7.09074538359737","7.12179466659357","7.15528029406372","7.18924839258131","7.22585103450818","7.26470724610156","7.30518025880582","7.34653079538106","7.38964284086494","7.43989763750713","7.49282370529032","7.53499082137635","7.56868087880033","7.59765244485906","7.626189156999","7.66169656295134","7.70331417311134","7.7537122163073","7.8187352403354","7.89781181625837","7.98839036172002","8.13279560233489","8.33495531190129","8.5515603801864","8.78174521944322","9.03074254846896","9.2965077293909","9.54352404153678","9.69042628572764","9.87859325809253","10.1760245971185","10.4742211819038","",
"Not classified","INX","Age dependency ratio, old (% of working-age population)","SP.POP.DPND.OL","","","","","","","","","","","","","","","","","","","","","","","","","","","","","","","","","","","","","","","","","","","","","","","","","","","","","","","","","","","","","","","","","","",
"Ireland","IRL","Age dependency ratio, old (% of working-age population)","SP.POP.DPND.OL","19.3688433986577","19.5085296955002","19.4250617933066","19.3067848481384","19.2846589895737","19.4220764716755","19.4776011821098","19.408052285271","19.3590966930563","19.2929856777349","19.2777851970039","19.2347359795698","19.0063020545723","18.7107781064857","18.4982982344766","18.4125435840505","18.3962821555655","18.3900087500659","18.376123195396","18.3323968917206","18.2744040365423","18.2114240137432","18.123066302494","18.0252044606456","18.0178413462063","18.058752825653","18.0906245558804","18.2026682775236","18.4110707812466","18.5599124658711","18.5434523319327","18.4155502277741","18.2544211976622","18.0721086903921","17.8944800958501","17.6994661168347","17.4849359219478","17.2925214963143","17.1045326065011","16.894337331046","16.69155593263","16.5202913136731","16.3824485292462","16.3106669568128","16.2649618120993","16.1061839883118","15.8148902811713","15.6389745903645","15.7910640451489","16.2438657757017","16.8484959871777","17.5074446317746","18.1882478927597","18.8452823763621","19.454639290689","19.9937661279546","20.4600912612172","20.910234042169","21.3530080731835","21.798268341024","22.2878772740152","22.7326358963056","23.1896759383277","23.7491070753008","24.2433006735515","",
"Iran, Islamic Rep.","IRN","Age dependency ratio, old (% of working-age population)","SP.POP.DPND.OL","7.88812911116682","7.74168735907133","7.58562600978583","7.43384671519227","7.27946813461547","7.12283540547864","6.99140667800856","6.88900268068965","6.80358289210482","6.72614649137784","6.65014905942712","6.57741614957912","6.50698181041751","6.43242541762542","6.35094993377812","6.26330918562594","6.18436440379384","6.10978446434426","6.02837506069139","5.95488807908208","5.89615273763671","5.74127299439511","5.59888864523157","5.56463135689855","5.57042555360964","5.61249192007837","5.6794865971772","5.77854046677019","5.90838852476483","6.04232854240214","6.14329745275427","6.2254666982387","6.3270356707208","6.51061200689998","6.67300311728597","6.73886568548406","6.78931055922951","6.80566672152549","6.79128789577246","6.76976359177597","6.74420024393445","6.72252328260376","6.78030326779443","6.82982734248663","6.80599730383174","6.7870314398256","6.78513478491715","6.83865644215434","6.94410307353857","7.07258114919439","7.22647739400766","7.40813275311899","7.61560870519685","7.84537158439599","8.14872592002641","8.53181837194809","8.93238653012797","9.33970407913464","9.75212743986881","10.1576571036537","10.4778613494491","10.725242871787","11.032576380602","11.4319710586764","11.8854065944813","",
"Iraq","IRQ","Age dependency ratio, old (% of working-age population)","SP.POP.DPND.OL","5.91109991102276","6.18139080065164","6.45487837627907","6.72181096135008","6.98460189733506","7.25143574572324","7.51161632759399","7.75101034340944","7.96486704674172","8.15844120833515","8.34885835809443","8.53455646964753","8.72974881423141","8.93338741179931","9.09417403965179","9.21189108090772","9.28650589245298","9.27871536803302","9.2106778476952","9.12713761013979","9.03092487947671","8.9249819229064","8.81213778065653","8.68511103290559","8.53336158841845","8.35879266119339","8.16641381492249","7.96254581181249","7.73502296404101","7.47668424972025","7.2115935215659","6.97285386866437","6.7819036206115","6.61763649870809","6.46719254120655","6.32531205069972","6.19612170670712","6.07837574881439","5.97122296806197","5.87339639368858","5.78537900054767","5.70934640200114","5.64436970588606","5.58876902676219","5.54148815301486","5.50037428124666","5.46339593062321","5.43196006018048","5.4083356968952","5.39131595706611","5.37810342409267","5.36507044389926","5.34364818697102","5.34139096301913","5.35919345003649","5.38210022838748","5.42909271704029","5.51565265047365","5.62892625434752","5.74191752583558","5.77934635810546","5.7739693248785","5.75715803686103","5.70760459600566","5.69024220068562","",
"Iceland","ISL","Age dependency ratio, old (% of working-age population)","SP.POP.DPND.OL","14.1197256910131","14.3411271395324","14.4983062951775","14.6168791167133","14.7046517466132","14.7933417199949","14.8155095259787","14.7734136328224","14.7936666036991","14.9039396167727","15.0291479446106","15.0969153214201","15.0841089917379","15.0566504208429","15.0629680185704","15.0801678845341","15.2009621237992","15.3880519404428","15.5503756251398","15.6816486054361","15.7556540181853","15.738375415717","15.7156290378228","15.7542777596462","15.8107912628381","15.9333615332053","16.1638695284947","16.2974070285348","16.2710914637943","16.3267185131079","16.5059367518139","16.6327623770719","16.7778167778168","16.9840276712038","17.1871068906403","17.4503663333546","17.6730154701614","17.8038257852447","17.8302730869005","17.7908362668736","17.7647489122899","17.7852150378529","17.8661014331439","17.9034971599749","17.8788430999922","17.7014571383493","17.3797634173487","17.1406650591386","17.1450031256706","17.5370662386982","18.1298471916235","18.6625194401244","19.1992575649631","19.7023028000484","20.1861491038633","20.6860455017119","21.0323876610713","21.1116323318588","21.1709299261262","21.3971787497354","21.8330197169271","22.3564503499439","22.7194546449249","23.0470924912882","23.4935756718639","",
"Israel","ISR","Age dependency ratio, old (% of working-age population)","SP.POP.DPND.OL","8.40883336514088","8.73643947007417","8.96379155933756","9.15865784216769","9.36537289168868","9.58797997097622","9.82506294119294","10.0640222626878","10.3064182785495","10.5712135295995","10.8746480170347","11.2278299334642","11.619330505869","12.0398164362484","12.482163780146","12.9676349814173","13.4428584948679","13.8999953469594","14.3454585722417","14.7767992217381","15.1344162612618","15.3156372217628","15.3545436225004","15.2880627375364","15.1743605150814","15.2189065844216","15.2921797781844","15.3130082344184","15.3716786061556","15.4287650935361","15.5323644579617","15.618550791103","15.6715784398667","15.7456796398033","15.7918382490921","15.9681531763694","16.0835380566198","16.0089011299182","15.9215385047318","15.7849085431985","15.6915938375832","15.6871987926964","15.7854988775808","15.9150348639893","15.9860918395047","16.001578707038","15.9750557182506","15.8856291223268","15.7810876266204","15.7808251137962","15.9306335682776","16.2842209122246","16.8112608378845","17.2983583299554","17.7019511867013","18.1395767350235","18.6179522204504","19.0719041983318","19.4711556474056","19.8124532127233","20.1174168793692","20.3780790923791","20.5415495129112","20.7033101139389","20.9078999772061","",
"Italy","ITA","Age dependency ratio, old (% of working-age population)","SP.POP.DPND.OL","14.5151989909067","14.7650258123643","14.9519417953588","15.0798526493139","15.2635623496311","15.5160766614902","15.8117935268251","16.1434342705935","16.4580919135965","16.7924141613181","17.2029776721429","17.6473811400791","18.0489791580391","18.4034337071731","18.7768164813832","19.1344415019166","19.448305841871","19.7666741714003","20.1063757621136","20.4110659208613","20.478160238215","20.3464191851173","20.0967712064297","19.6714230220342","19.3260184109352","19.483111525976","19.9147879074342","20.3789752954428","20.8857733757532","21.3537241216622","21.8215100790837","22.2470080099615","22.7130699976167","23.2323473569746","24.3879488308069","24.931260082738","24.876878986781","25.4416735381672","25.9356298350983","26.4414606104043","26.9843954242755","27.5298686178572","28.0755001602697","28.5527297552558","29.0589964598802","29.6393710627223","30.2146907734138","30.568365751013","30.7201052953077","30.9430823382519","31.2326756343854","31.6788405703935","32.2867062041103","32.9423183657478","33.653380830921","34.2778491987872","34.7850585973695","35.2208453809116","35.6479156493325","36.1726489982207","36.6475591282456","37.1323464529951","37.576636464576","38.0578365792292","38.7896110976605","",
"Jamaica","JAM","Age dependency ratio, old (% of working-age population)","SP.POP.DPND.OL","7.76773838258904","8.16687983649837","8.52766172093039","8.88563448227876","9.29874462197823","9.76954583332412","10.2878622025805","10.8563891142496","11.4248409222378","11.9121136496213","12.2688449362619","12.611187113597","12.9103988572523","13.0773174543366","13.2214824553103","13.3869396191132","13.5798773280147","13.8032467361103","14.0080033601189","14.1260478392831","14.1356711449996","14.0486355337588","13.887079691651","13.6659307393887","13.4443689904525","13.2739754228162","13.1551222188281","13.0842507619409","13.0171530123917","12.9274913104909","12.8102737780336","12.649181863675","12.371053448601","12.0093681583001","11.6681273451553","11.34527941675","11.0464750963291","10.7789064993086","10.5239243099128","10.258059706672","9.98475604940986","9.71951850708116","9.46868463418377","9.24849367675296","9.0783876824269","8.96173254320053","8.88714678509903","8.84819692391421","8.84470717670482","8.87196816678316","8.92191836406995","8.98407252285591","9.04470596176166","9.09252694964751","9.09781897587095","9.12348517621749","9.22166336304494","9.34049959336353","9.48003833243022","9.6605548682956","9.87516412592166","10.0659585677734","10.3414030653544","10.769558772669","11.23248696326","",
"Jordan","JOR","Age dependency ratio, old (% of working-age population)","SP.POP.DPND.OL","8.42433219746655","8.29634517858273","8.13948174215072","7.95767754700806","7.76864817084195","7.58332062233069","7.39621560659494","7.20889805342569","7.02692381134237","6.85175559085484","6.67966838759016","6.51672652166472","6.36709383316791","6.22557264378108","6.08578468040543","5.94151127138309","5.79235163644664","5.63992672872439","5.48828651157117","5.34380179026257","5.21229714572712","5.09520004938718","4.99022276426642","4.89740907660484","4.81971371625294","4.7570143218099","4.7085201793722","4.67475655038277","4.65366514758884","4.64081682979386","4.46821023147182","4.298645074709","4.24866959945687","4.21088706111258","4.19841577089182","4.22049118491003","4.27785134012639","4.3644617919739","4.46888530596692","4.58288182060543","4.70728071261874","4.8419011455741","4.98186432007814","5.11937262177061","5.24495041545233","5.35744539440582","5.45034111903121","5.52191228560603","5.58814724910368","5.64751862747153","5.70433320742085","5.76516645636023","5.84034658729842","5.716697885532","5.42920032051843","5.36359715541341","5.49326054068488","5.65195151087872","5.82458748767678","6.00093286540193","6.16365202110958","6.29939125732655","6.47150399594479","6.70628467757107","6.9792796645597","",
"Japan","JPN","Age dependency ratio, old (% of working-age population)","SP.POP.DPND.OL","8.91385690455683","8.9928964187399","9.01331163668331","9.03708064508736","9.10648854978634","9.22938800933558","9.40518943690149","9.61878841556759","9.80140477935123","9.9801102061401","10.1358436096904","10.3525589589971","10.6768961271379","10.9980597174961","11.3013216064739","11.6092890064029","11.9573856800705","12.3321420417209","12.7184828897073","13.0935384618689","13.4355625346562","13.7992209445565","14.1552088783772","14.4379097017476","14.80747027634","15.2272366777388","15.575171603033","15.9463634214602","16.352946023367","16.8378753415444","17.4151781905674","18.0709312720018","18.7842395778384","19.5052352861024","20.2495558661222","21.0323386022757","21.8828194094212","22.7908003515855","23.697907820191","24.6077159325078","25.5829077540866","26.6196950152351","27.6269516744114","28.5174400700531","29.4899068685571","30.7461136167414","32.1001161079786","33.3851840359043","34.6549685456291","35.6885204758233","36.3570690356362","37.5096383909559","39.3517333824124","41.3218704786427","43.1329887093866","44.6983766959767","46.0338925686738","47.089336376634","47.9099218851132","48.5194993042234","49.1295400037183","49.7439803746351","50.0569286100223","50.2846808708749","50.6621062088228","",
"Kazakhstan","KAZ","Age dependency ratio, old (% of working-age population)","SP.POP.DPND.OL","9.15385843547531","8.97543328622611","8.74623461609312","8.52499736476125","8.33860349232213","8.19575773796094","8.10165115311006","8.05817523953437","8.04436939166554","8.04444077270767","8.05057411244357","8.04259665219765","8.01775824191656","7.99927412668367","8.00885490852756","8.04245331500618","8.27160407974038","8.67158237582557","9.01888364551581","10.6500325841905","12.0279742797896","11.7492500557182","11.4397571966063","11.1237666187313","10.830086389363","10.5704464539379","10.1639465460309","9.6437089340002","9.22516637724341","9.07867984493364","9.17134981347414","9.33433098642009","9.57617073826918","9.87098687152698","10.1817072093566","10.4288639879434","10.5437714441991","10.5302323069521","10.4135827802175","10.2661297516698","10.1923763815338","10.2719088841058","10.4866826964223","10.7363279347334","10.930882076394","11.0341135658761","11.0149739636354","10.8141848695087","10.398894395048","9.91035154223342","9.54770149751336","9.39610858135143","9.45815421963543","9.66487994340538","9.96010321640276","10.312639318106","10.6894108244726","11.0712786780395","11.428980780716","11.7790269663408","12.1138935090569","12.3947689014763","12.7995921019924","13.3673369412011","13.9627974882177","",
"Kenya","KEN","Age dependency ratio, old (% of working-age population)","SP.POP.DPND.OL","6.65635210497067","6.35556510613958","6.08810877741577","5.85810265795547","5.65008199020813","5.47415232900752","5.33315580349289","5.20628181651421","5.08670719027597","4.97095696513612","4.86059744089897","4.76195911913616","4.67806202595099","4.6106741258259","4.56205158438517","4.526276464227","4.49797104328451","4.4816845480431","4.47792161717911","4.47323785621768","4.46065756069976","4.44693600013332","4.4404080056991","4.44076466994331","4.44125951868437","4.44053516831795","4.44139931103681","4.44510486369783","4.44736064732444","4.44384332951641","4.43190409913348","4.4167349325169","4.40292031544131","4.39193959266814","4.38553387810818","4.3832752953221","4.38005213264053","4.37067903891588","4.3571971628185","4.33757833289792","4.30916710272581","4.27066935772077","4.2235338439993","4.16914706991101","4.11051802874562","4.05421307374977","4.00117382353335","3.9493333558482","3.89848641003755","3.8548730035955","3.8525648108435","3.91559617719144","4.00332442444515","4.10541919365818","4.24736104787133","4.39751397048972","4.4601216405582","4.50052817437118","4.64586230284123","4.78684442513126","4.81509836225402","4.81862806148195","4.84877321977825","4.88485934966732","4.92737179677385","",
"Kyrgyz Republic","KGZ","Age dependency ratio, old (% of working-age population)","SP.POP.DPND.OL","11.3855873273463","11.094953201706","10.7673615318875","10.4575651495076","10.2007927011666","9.96976157326836","9.77691451530092","9.65111065658707","9.55695962082378","9.45447130767193","9.33550799615843","9.20628295055488","9.05659418997343","8.89418200427855","8.75587623866846","8.64738282672429","8.57167992023864","8.52466538242046","8.47086502111164","8.37261005331982","8.22147772835461","8.02624913044793","7.79076032801647","7.53343091379707","7.39934017501772","7.43468566114203","7.54016845381051","7.7147753830174","7.98744739040008","8.24845989785443","8.43295885833337","8.62898547560607","8.87825663717841","9.27290912747848","9.64988263948224","9.77476503491237","9.72636144025413","9.58777587774395","9.38011927124124","9.16013592006619","9.01063898828829","8.9197101565358","8.85013844731844","8.78779280577771","8.71622211620111","8.60616604565845","8.40993096940168","8.09576322499689","7.66268172247954","7.16707291315839","6.81197467516206","6.75065749206294","6.93491917804439","7.20790029137283","7.52322646859641","7.85459593661254","8.07974862317405","8.16448897057708","8.23958649290923","8.31582010095524","8.30762307700796","8.25888366179875","8.40252863363657","8.76724210704515","9.16788970881803","",
"Cambodia","KHM","Age dependency ratio, old (% of working-age population)","SP.POP.DPND.OL","5.03665193372437","5.07547663399499","5.11641145703939","5.16613906179915","5.21996915523122","5.27046066494603","5.32190394748669","5.37424621823205","5.42616371177174","5.47557710332795","5.64343983655402","5.85496458912391","5.94738281096135","6.00384360248971","6.05820685800875","6.07124512124784","6.03474607614574","5.99592253144794","6.00017083882587","5.90324185811673","5.90082100689445","6.01447268594748","6.01564836718601","5.95338037674363","5.90049831687115","5.88232066480292","5.81640105570579","5.73578930298665","5.71158913052027","5.70478334765678","5.68252379944135","5.69011019097574","5.6010929931669","5.45795229945145","5.33161325836711","5.17470621705375","5.03004009077948","4.91625418155792","4.93044191778544","5.04656352007369","5.15510370011796","5.25384057141761","5.3503804510808","5.44891674788396","5.55167792476463","5.65972398054728","5.75809771856942","5.85212890057833","5.94554949103862","6.04765515859715","6.17293690811858","6.31860742213768","6.49445215783632","6.70118746382325","6.93527514673119","7.19467498194238","7.4646202236233","7.74421035584412","8.03421617406727","8.31672836868017","8.56717564944514","8.79340339186195","9.04214592913114","9.32480684828854","9.62430301075277","",
"Kiribati","KIR","Age dependency ratio, old (% of working-age population)","SP.POP.DPND.OL","9.22217237019211","8.91160265112194","8.63778298204528","8.41363549800038","8.24864624286032","8.11922632794457","8.20086062804509","8.48017621145375","8.73193423528994","8.73132758257942","8.51996438600096","8.32328913887773","8.11341758889398","7.8848","7.63825429336694","7.40230891968839","7.17264127458302","6.9107707571154","6.59975293390982","6.43280182232346","6.41044577708192","6.35568848498792","6.30903332492503","6.26556811649741","6.22604593819517","6.20651631704692","6.18916767251342","6.15450341777242","6.11320383090824","6.08540323943322","6.06275902901125","6.06103023516237","6.09319823666536","6.14323558965927","6.19910216788107","6.24527378675326","6.27732121000175","6.26551930815994","6.22905495978552","6.15119993447457","6.04534005037783","5.97398551289041","5.93178634969906","5.89858698851928","5.8967795062745","5.9180365018216","5.95027849476973","5.99218698271867","6.02635318434311","6.03324667139368","6.02535696701132","6.00243891423152","5.96708729983027","5.95144984212508","5.97142369215005","6.02391085227909","6.10537631444755","6.19685403026434","6.29474700345909","6.38466832548044","6.45472187129628","6.50015354693418","6.59308852029901","6.75653928522796","6.93739424703892","",
"St. Kitts and Nevis","KNA","Age dependency ratio, old (% of working-age population)","SP.POP.DPND.OL","10.1957082168403","10.3829755954131","10.649866876664","11.0111841346708","11.4625756197857","12.0060418027433","12.6385715494626","13.3406690140845","14.1204022592644","14.9815072770066","15.5022048015679","15.5834136933462","15.6176387449355","15.7088122605364","15.8417638252506","16.0171804393539","16.245407463149","16.5487853094935","16.9247594050744","17.3254138096694","17.5155495628724","17.4096749159265","17.2326775021386","17.0925973251555","17.0291551393914","17.0305304451646","17.0124481327801","16.9961323592609","17.0256942642097","17.0744472065943","17.147386498745","16.9552606135185","16.3720049898912","15.6840608797458","15.0398568407353","14.4621718991251","13.9357228288128","13.4590768767412","13.0294117647059","12.6778272740336","12.3959686764758","12.0907840440165","11.7430510993279","11.4322734974584","11.1740069367188","10.9544398554466","10.7998725302741","10.7178904870048","10.6986489867401","10.728694680653","10.7762472651074","10.6408300274641","10.4563713793832","10.4417670682731","10.482935102806","10.6200976764836","10.9067288671056","11.3233730955474","11.8612976715287","12.4862665914422","13.1986511891618","13.8350824587706","14.3789473684211","15.0735294117647","15.9024921364626","",
"Korea, Rep.","KOR","Age dependency ratio, old (% of working-age population)","SP.POP.DPND.OL","5.63302800881276","5.75231225638045","5.89492828977541","6.01529973479989","6.08213609725585","6.12687401958811","6.14551549435999","6.16300792496789","6.17751969238914","6.15716899617313","6.16394206615139","6.21918341478878","6.26943179764485","6.28462515763711","6.2755291421287","6.23427979292885","6.18782745148577","6.15925214425555","6.13987705133494","6.13911720547348","6.15841580146325","6.23006107196945","6.3351989901062","6.39395423019249","6.41416155792689","6.47479615670882","6.57851259345555","6.67959214372552","6.79691900513317","6.92776557521168","7.05072021276016","7.2072826687068","7.40353315852931","7.61806582342116","7.86342572789887","8.10701197164369","8.34947260358299","8.64995296083618","8.99034108684341","9.3832143276981","9.85842322024216","10.3694915258224","10.8990467346679","11.4431076881698","12.0004342255512","12.5432686078152","13.1054252643816","13.6845570185099","14.187066293195","14.6497226464137","15.1359936224068","15.5789415587946","16.0082431817077","16.516748195558","17.0936824049145","17.6779804083552","18.2353000731619","18.9764143023336","19.8458040524492","20.7697470386564","21.955966668736","23.2870478873057","24.5912480325812","25.9356983752934","27.47144069912","",
"Kuwait","KWT","Age dependency ratio, old (% of working-age population)","SP.POP.DPND.OL","3.74477522818391","3.72139428174825","3.65860580050557","3.54935210239401","3.44288855456544","3.3361217006616","3.30345679463074","3.33115684243707","3.34523096162364","3.34369895335471","3.33341641195516","3.28863529506875","3.21353293198238","3.14362272039671","3.087267605239","3.04422144253339","2.91203792703103","2.70861161694047","2.53302063064572","2.38965174605835","2.28615230481134","2.20968381280098","2.14550793278687","2.0920686391198","2.07891531131115","2.08945634084384","2.16363489355377","2.31925888213831","2.49267273150116","2.68429276939134","2.90853249752179","3.25174528701846","3.4283614065122","3.25676093043914","2.59190337872789","2.07864544141038","1.98742570031986","2.04889869587176","2.11359354491871","2.17737061670271","2.233707259419","2.27658455459055","2.30252229515324","2.31079336997346","2.30399094614909","2.29865804515088","2.3107692501571","2.33495666777589","2.36030106908677","2.38334979680195","2.41306997103123","2.46627888776336","2.57098746566713","2.72817028305428","2.92391939998115","3.17860585253017","3.48298367007297","3.85359144128218","4.28542787653704","4.76550252945172","5.30055713942474","4.4756090906856","3.51955792355631","3.7641480591169","3.94633982768698","",
"Latin America & Caribbean (excluding high income)","LAC","Age dependency ratio, old (% of working-age population)","SP.POP.DPND.OL","5.94130449466698","5.97790880519037","6.02915117278715","6.08818737591445","6.14622036063145","6.20623149197637","6.27028265463239","6.33369105631673","6.39302426121656","6.44558306386709","6.49333813466705","6.54692064144369","6.60741907683067","6.66329813468984","6.71711243161321","6.77581915359686","6.83706027339213","6.89593967530405","6.94869809324393","6.99241277126658","7.02260404356254","7.05402289728465","7.09284280983138","7.13096205396462","7.17190072699708","7.22049435258651","7.28373463591499","7.36155133698959","7.44828579408601","7.54238911624102","7.6255624199907","7.69838864578068","7.77540871610603","7.85987126504396","7.95708496189458","8.06033116741975","8.16627760291859","8.27576833661441","8.38197529045595","8.48615753890764","8.59450442292941","8.71464908388863","8.84742643101382","8.98634129786826","9.13250482526964","9.28667523572659","9.4473861502098","9.60537724335506","9.75982978992422","9.92179398778617","10.0940719854607","10.281786930245","10.4929086494223","10.7259298634563","10.9842563803744","11.2635589014496","11.5463537255171","11.8373850715643","12.1465027266413","12.4720966210658","12.7601485783062","12.9908572499502","13.2776000312075","13.6659296731323","14.1006367795434","",
"Lao PDR","LAO","Age dependency ratio, old (% of working-age population)","SP.POP.DPND.OL","4.81876491836636","4.91913684999971","5.01214980279466","5.10275264026889","5.20272405560753","5.30060392158065","5.38938226919623","5.4817290363073","5.57377636919017","5.65820493006831","5.73285051019394","5.79858028978822","5.85541830689953","5.9065513276843","5.9604078025195","6.02540428076108","6.10235276769248","6.18997201618442","6.28222230661869","6.3679008945393","6.44193076278116","6.50149601946916","6.54544209943476","6.57642001280527","6.59718457692447","6.60860804470833","6.6112307476821","6.60552090468808","6.59292597177334","6.57661965638605","6.55751636087761","6.53878667382897","6.52239816573818","6.50589718316198","6.48517951503778","6.45892087187284","6.42763853006112","6.39855809210932","6.37114927918888","6.33981060720831","6.30452544377066","6.26779743598988","6.23351464074342","6.19953161351622","6.16325407959368","6.11711803506118","6.11061525716225","6.15164294702006","6.19627465258375","6.24795510472164","6.31054916880978","6.38223040226328","6.45832329728384","6.53435946593095","6.61377077031799","6.59548408086159","6.50692362463753","6.47340003701013","6.48589519195398","6.5373787046973","6.61173946854435","6.7038791946113","6.83064156137367","6.98767021245376","7.16316395353111","",
"Lebanon","LBN","Age dependency ratio, old (% of working-age population)","SP.POP.DPND.OL","11.2493610335383","11.1179912592816","10.9565353677939","10.7691363872705","10.575799400309","10.3539537815246","10.1136899113867","9.89806893158442","9.70433961454265","9.52823648052439","9.36940813425054","9.2231757989981","9.08179744001514","8.9528900380206","8.85149392302498","8.772112070026","8.53139212591036","8.30790817146874","8.24985298155946","8.1356935001343","7.96283740734597","7.74457521254844","7.41485139415555","7.09514598319531","6.90894979065776","6.79078367746497","6.72937100839618","6.70776735682246","6.717824758586","6.78226165909633","6.88984479385715","7.01440112883023","7.15053939247068","7.29442756304079","7.43991312246863","7.57920247851289","7.70855474033144","7.82752178046932","7.93504444755505","8.03096380287833","8.11875254885738","8.20307926105469","8.28606473446446","8.36239623292676","8.42249792973899","8.47057093849547","8.51690746767727","8.56619099631509","8.62294738258141","8.693996451066","8.78742347281383","8.90731215015141","9.05581048675849","9.24453099569825","9.47028805195901","10.071433302371","11.0557226594283","12.0343397986007","12.9736395274874","13.867380966529","14.4982421644228","14.7465520811131","15.0288972831934","15.481363289485","15.9224170227039","",
"Liberia","LBR","Age dependency ratio, old (% of working-age population)","SP.POP.DPND.OL","5.15224719013168","5.15167408000905","5.15711255510263","5.17182336774386","5.19204678765141","5.21095540971816","5.22775707744978","5.24478158964741","5.26116294404018","5.2770645507957","5.29324821535268","5.30957131739773","5.32436629987352","5.33854227733406","5.35619289067157","5.37753810647269","5.40229522153646","5.42802854690645","5.45163781426542","5.47258184564915","5.490820140399","5.50753394456355","5.52198137604191","5.53070156526239","5.53950637820532","5.55236819758427","5.57200149654416","5.59846298264879","5.62254587986299","5.64043908274755","5.66174751172391","5.6879004498877","5.70143561787742","5.70644471583692","5.698354401275","5.69359912791551","5.69588461725216","5.70860695833069","5.7325640176408","5.76043607877042","5.79137868038852","5.82502880326142","5.8610994064277","5.89325269752354","5.92837802479516","5.96795941864164","6.00294832641942","6.03468305661151","6.05165327388363","6.06255334340504","6.07242421695948","6.01019157729358","5.94612278951084","5.92369573035022","5.88659293568512","5.85275179315584","5.83451577103997","5.82980647774715","5.82897155425598","5.82889173295316","5.81450453924077","5.7925871618643","5.78090206523163","5.77793225135504","5.78148033871576","",
"Libya","LBY","Age dependency ratio, old (% of working-age population)","SP.POP.DPND.OL","8.31237204613026","8.1357292093634","7.95971511938004","7.79018698039876","7.64136688027964","7.6190508360835","7.68319659602501","7.69110692599418","7.6285409595094","7.49519295870007","7.30038493148387","7.10887994758093","6.94024898052674","6.62784861143336","6.24765970999772","5.93432369038311","5.64962712642082","5.39223201511913","5.1719350103224","4.98513086396687","4.82199927418316","4.68498893997284","4.68501470349071","4.8094216668459","4.85599548836257","4.83822977199845","4.84760283532249","4.87667488652235","4.91846446103786","4.9692039844555","5.02756944424749","5.08839425107728","5.14892646639495","5.207842887475","5.26262720710964","5.31817163531748","5.38528799607729","5.46655244800372","5.5577786492305","5.64476117856609","5.73180354026778","5.82949192530491","5.90734105140629","5.94957032954667","5.99516976461734","6.05767524517697","6.05969097589209","6.05740172193149","6.07267863332145","6.07845814162436","6.09725015329734","6.46730699281292","6.85616327181787","6.83207981350013","6.85498406342662","6.94326021606656","7.03082964574141","7.07884553643113","7.07821506115022","7.0619730215132","7.05179475967012","7.04511391964212","7.11504425512974","7.26335979534217","7.42832004408051","",
"St. Lucia","LCA","Age dependency ratio, old (% of working-age population)","SP.POP.DPND.OL","7.81655736983407","8.07921056734903","8.32286150255812","8.53911319394376","8.73058866016613","8.90693739424704","9.01952035694367","9.09668514339548","9.2258106383439","9.40913871182366","9.5942140296979","9.73726518869521","9.84418080040104","9.9075595727198","9.91828684136376","9.87955121529483","9.80313378867015","9.66706631006179","9.53796605970519","9.51445363220119","9.52119791926343","9.52442785262133","9.52856508781942","9.53695375740471","9.55839893018874","9.56375338955273","9.54265354399696","9.49526452831268","9.47377199566341","9.53307915368918","9.66423205613926","9.73199542741014","9.69097805135858","9.62868273679084","9.54004625765993","9.42012082759908","9.27153826873562","9.09970205007338","9.24577105812834","9.75121653219861","10.3225939142149","10.5850731844813","10.5010755659055","10.3891329166586","10.2632702433471","10.1495259274422","10.062163963158","10.0973345044544","10.2884394999912","10.5750102075388","10.7823496173011","10.8700420090092","10.9650035370979","11.0609573610906","11.1486816009364","11.230066872428","11.3182931873866","11.4354655563967","11.5901762514479","11.7782891974685","12.003123719391","12.1485247669671","12.364418497465","12.7665114569293","13.2017687895706","",
"Latin America & Caribbean","LCN","Age dependency ratio, old (% of working-age population)","SP.POP.DPND.OL","6.02477888016872","6.06649959142515","6.12132476880265","6.18352227588944","6.24461620211777","6.30711373683549","6.37321866043002","6.43870427963382","6.50012635873779","6.55504943999565","6.60344060303665","6.65457371704488","6.71188445900087","6.76593149724996","6.81908898338403","6.87766740223732","6.93979765783159","7.00091374751499","7.05695423296901","7.10460436483171","7.13900152277586","7.17329861674699","7.2140490775865","7.25472860233346","7.2988097205646","7.35108456743732","7.41814319194682","7.49984915611187","7.59121013537372","7.69106240393868","7.78279623492744","7.86689848219849","7.95594457350982","8.051779630194","8.15773646293958","8.26743696596824","8.37850300172726","8.49155940263642","8.60068643077524","8.70751351594115","8.81862743922976","8.94071371755776","9.07486311352437","9.2150487674803","9.36176030109766","9.51691875166216","9.67858258223563","9.83899904437741","9.99751187714902","10.1642566975388","10.3403927691042","10.5300785145115","10.743243441802","10.9796268698428","11.2421227671243","11.5269453199915","11.8186395571467","12.1269626064811","12.4610392014047","12.817600800609","13.1345062180771","13.3922691900485","13.6971289217613","14.0967416080327","14.541913279985","",
"Least developed countries: UN classification","LDC","Age dependency ratio, old (% of working-age population)","SP.POP.DPND.OL","5.52707192677526","5.5288356552621","5.53439933515402","5.54790105207061","5.57038196098603","5.59792987759187","5.62974467716105","5.66712265303496","5.70789363982547","5.75021941884674","5.79277082408233","5.80607731928982","5.82285061461602","5.86781245495601","5.91052044977256","5.95435504074618","6.00025321560557","6.04569128648404","6.08678871673855","6.1249162339219","6.16661526347532","6.20576236074841","6.22907646489769","6.23566589021399","6.23553266874977","6.23337106344746","6.22725184145809","6.22522025127273","6.21601028444732","6.19444405517711","6.17198216933375","6.1435965063672","6.1042607299383","6.0607186678665","6.00929714850976","5.95722902044161","5.92215332695246","5.89449499968397","5.86669062052015","5.84551958662444","5.83379964414369","5.82903692765616","5.82980067675082","5.83372724005237","5.8379601984367","5.8434880531355","5.85343289679864","5.86774785296673","5.88171799466264","5.89893913932641","5.92339409224407","5.95411310034803","5.99173254081744","6.02479506006482","6.05446688838175","6.09111935808684","6.13576383654725","6.19207333508858","6.25926850952829","6.33025521506886","6.38261186314733","6.41515221105913","6.46528305321786","6.53834615257626","6.61313654766103","",
"Low income","LIC","Age dependency ratio, old (% of working-age population)","SP.POP.DPND.OL","5.6722728025938","5.66848555149831","5.66429326721976","5.66328325543425","5.66512354908528","5.666699555818","5.67276329875832","5.68404972758681","5.69424253235187","5.70316736522234","5.71162401744149","5.72135147040614","5.73187598245821","5.73957705649551","5.74961728459416","5.7656910301508","5.78421745908282","5.80001609831957","5.80653727730613","5.81175881999641","5.82524517875378","5.84420739512762","5.85277519016203","5.85405978256663","5.86265835637698","5.87526032366703","5.89025543534192","5.92045548326436","5.93760231473234","5.93535821564963","5.94128244088163","5.94088221153754","5.9280282722934","5.91973462410547","5.90254807497649","5.87997400465851","5.87513119146538","5.87673808210818","5.87268339982008","5.87800670375087","5.89790160260417","5.9191449947459","5.94016882667284","5.96174326060776","5.97953900005574","5.98832131899545","5.98725572801356","5.97723490669404","5.96368526124837","5.94631136217715","5.93039043245541","5.92162079573605","5.92491385887731","5.93876339863424","5.94937013378118","5.956329427217","5.94269320951026","5.9141751373996","5.89554569414837","5.8903783848244","5.88750330849911","5.88017070926161","5.89193569368794","5.92476721753674","5.96051368730675","",
"Liechtenstein","LIE","Age dependency ratio, old (% of working-age population)","SP.POP.DPND.OL","12.5360785068309","12.6579908248291","12.6106594399277","12.4294766079333","12.3058941392553","12.25370460837","12.2205426048214","12.1710272439608","12.1497422102668","12.2356942185421","12.2796666420828","12.4126000144165","12.5166351474399","12.5667906662158","12.7411864739355","12.9911685652118","13.159720032789","13.2876627784978","13.420328025859","13.4888320148906","13.4401758852118","13.2328595079066","13.0009992228267","12.8940455341506","12.8938124831127","12.939050959137","13.199268738574","13.505021890291","13.7033473439003","13.9045434142936","14.0461832622444","14.2030662424067","14.3496051003901","14.4330863734409","14.5168018539977","14.5341101986512","14.4934781620688","14.4145362730511","14.4622222222222","14.6384094384968","14.6658629004478","14.7627714055953","15.0624295318829","15.3788973776585","15.7060577590785","16.1359585156377","16.674039815001","17.2950688440602","18.0613751546351","18.9651741293532","19.7408566786861","20.4050273826878","21.2033373810177","22.1594010761912","23.0568637372047","23.8424487259167","24.6971579437801","25.5946606650887","26.4618126864804","27.2530446549391","27.9394779394779","28.7240173665809","29.752034392753","30.7875071852845","31.8819637220976","",
"Sri Lanka","LKA","Age dependency ratio, old (% of working-age population)","SP.POP.DPND.OL","7.70542125084407","7.4670448013497","7.2540695393738","7.07257467806537","6.93705956176639","6.84514648430105","6.78513426233106","6.75414891699357","6.74669320037309","6.75407464172593","6.7737201866998","6.80399784957846","6.83925190264222","6.8767644170433","6.92080084708493","6.97657480262323","7.04903957050351","7.14024775281691","7.2469238524457","7.36499073449292","7.49364123742528","7.63634404628939","7.80608534354717","8.00867054613206","8.23427565222677","8.42292142553814","8.54887377376021","8.67141477954419","8.80689463677102","8.93031367944813","9.09730733533728","9.25532464213702","9.31536852778528","9.35128471838778","9.39182394672783","9.38639321012507","9.33777914093209","9.29864738441536","9.27761707717741","9.27296075545146","9.2904878453819","9.34190475632929","9.43409457697345","9.54912888091718","9.6666208798197","9.80333711646204","9.97638794074128","10.184830085623","10.4358133037109","10.7241606664097","11.0601161131142","11.4616649872615","11.9226129505643","12.4358854804892","12.9875250140655","13.5570091435101","14.1221715333603","14.6702335599301","15.2034840861841","15.7275340756216","16.2490166820398","16.7514687900259","17.2651420066817","17.8129118856287","18.3766728185512","",
"Lower middle income","LMC","Age dependency ratio, old (% of working-age population)","SP.POP.DPND.OL","5.97716154858602","6.04861701424836","6.14138660665463","6.2435887716709","6.33196114202146","6.39581972351779","6.44479201460956","6.48009248894898","6.51101324032548","6.54701362225679","6.57917002241193","6.60367057935817","6.6314878178264","6.66735391020944","6.7000216916046","6.72701859805213","6.75183391769091","6.77201497125527","6.79102524214249","6.80707098736575","6.81242849755972","6.81326838748656","6.81529663094673","6.81631337145528","6.81741484487681","6.81857564459581","6.81891429915428","6.81826501634481","6.81738048488525","6.81773782572918","6.81493700445169","6.81793738458754","6.82642393523942","6.83748330934779","6.85086136267706","6.86494928763496","6.88018417371204","6.89614788258463","6.91151341453124","6.92805990823411","6.94510014842192","6.9649392456813","6.99243443346718","7.02159487415761","7.04229130727601","7.05698075968283","7.0693815570686","7.08140010297462","7.09884218722639","7.12471488177381","7.16218218749688","7.21549409371416","7.28463785867897","7.36207070644872","7.47112905156195","7.61963786747333","7.78285130429089","7.9588198762234","8.1536861007849","8.36147932916044","8.54734998208193","8.66591441668374","8.81932459164676","9.04642126526858","9.27360256436878","",
"Low & middle income","LMY","Age dependency ratio, old (% of working-age population)","SP.POP.DPND.OL","6.49354509053033","6.46883675909178","6.48595309671092","6.52769280691166","6.56412010479729","6.59787953462089","6.63553281539088","6.66710340834228","6.70549168795611","6.7515283447824","6.79002149567405","6.83020883127996","6.87151232529169","6.9197430692069","6.98801467976298","7.06172286851016","7.12929175530539","7.17654393857513","7.20003517685361","7.22853023455968","7.24929547553646","7.2496992842542","7.25087651206945","7.25000296839815","7.25121127827702","7.26363451168326","7.28481470948457","7.31455238130816","7.35465438841951","7.41172789461075","7.47731987515908","7.54276954629604","7.61996868204523","7.71335080872366","7.81171576982489","7.90683827584279","7.99704236140801","8.08432625052002","8.1761050338465","8.26874625033821","8.35767607266867","8.44552485149001","8.53362925438054","8.618113207067","8.68638437120509","8.74360892245018","8.80702597509283","8.87259038033308","8.92882835755134","8.98787914562128","9.06399984547387","9.16707404725243","9.30430349383067","9.46847418472004","9.6705683269316","9.92688856609043","10.2118859854037","10.5288537541396","10.8701078707511","11.2206713804712","11.5626910526965","11.8405576714589","12.1377181048515","12.4653209506531","12.7315206526626","",
"Lesotho","LSO","Age dependency ratio, old (% of working-age population)","SP.POP.DPND.OL","8.88791853325355","8.76062951320821","8.65150480272396","8.54019137697528","8.41026614165757","8.30828578317126","8.24909152445759","8.14335387918014","7.97610652847702","7.7913426478339","7.59848378492208","7.4052676295667","7.22092048777985","7.0549520714467","6.91187756299897","6.79861502439377","6.74320406919493","6.75130069309017","6.79863243996927","6.87012934573401","6.96044467391062","7.06554627882169","7.17874946054302","7.29322877073874","7.4026609169347","7.49914734959131","7.5351848704213","7.58225283541531","7.68123656442221","7.76399856863288","7.82887135710804","7.87571757984758","7.90969724552635","7.93535437430786","7.95231099230074","7.96101095291192","7.97020075370591","7.99271658455879","8.02749030580047","8.06731522526007","8.107103809517","8.13874875565832","8.15048046062059","8.14308181915847","8.12859371655151","8.1104735198251","8.01793628576623","7.82390875659543","7.59646455046569","7.36756438839573","7.15022803859739","6.95382437753635","6.78782045557529","6.67277463162188","6.6245694696707","6.55618128784386","6.44866833832176","6.36608502348391","6.30996549655539","6.2841112690502","6.27620983874744","6.24423279064729","6.2271091207317","6.24792515147277","6.25796208191911","",
"Late-demographic dividend","LTE","Age dependency ratio, old (% of working-age population)","SP.POP.DPND.OL","7.52177311421064","7.45462957659521","7.4280626857091","7.43616146147379","7.44553478839652","7.46537448975711","7.5058766941832","7.54707858929653","7.60437608574502","7.67121760172639","7.72091643842524","7.77952586243974","7.83904513904134","7.90801382332489","8.02687485387404","8.1671452832714","8.30163865046274","8.40223743693104","8.45086158446493","8.51232136434161","8.56089766883729","8.54364178124526","8.5090120623955","8.47073216745466","8.44529332676187","8.44618507191647","8.4674953673752","8.51335539813656","8.59114292982524","8.7213974774654","8.88954486999532","9.0611892795651","9.25417666784494","9.47660229408346","9.6875504895343","9.88950738775412","10.0771656980758","10.2448785925531","10.4210303000362","10.5932806833383","10.7575973545144","10.9218352492194","11.079096260354","11.2352562944503","11.3736657329749","11.4915115132131","11.6209748426424","11.7428547731293","11.8296378906708","11.9221823649761","12.0609192069228","12.2771020687624","12.5759774941189","12.941292642551","13.3819291847718","13.9229838222386","14.5178998699246","15.1856201001795","15.907037577277","16.6451646510132","17.4105407054713","18.1074919815192","18.8167888589153","19.5180946086674","20.0313655261352","",
"Lithuania","LTU","Age dependency ratio, old (% of working-age population)","SP.POP.DPND.OL","12.1624219791058","12.58368819137","12.8260065531248","13.1519142523489","13.5340758738996","13.9890790006488","14.4729125325217","14.8599801534427","15.3004806331304","15.7122785689653","16.0876055973904","16.4961354324413","16.982216108364","17.4417368131408","17.7127491422556","17.7514009640213","17.7189392169392","17.7095087909962","17.6648161395826","17.5399995476444","17.2960288145413","16.9440865436591","16.549235391596","16.1360391693865","15.8057910321886","15.6105899105152","15.5607054318991","15.6369905346996","16.3588837425","16.5631635719207","16.3024560910416","16.6892765107367","17.1532740944048","17.6901711493051","18.169823013802","18.6433147163098","19.1507657962603","19.6704558395358","20.1812228111229","20.5833274557331","20.9061323849315","21.4419080523281","22.0896605527806","22.6801736841622","23.2963348971848","23.9152964601472","24.4878661575044","24.9493597967507","25.306044464923","25.5342964926829","26.1009008577889","26.7774380352174","27.1000986908871","27.4021863559172","27.8447612976407","28.388775600857","29.0180851237274","29.7383173960897","30.2518129203272","30.5341477917016","30.6913319447381","30.7145998072206","30.5126467551506","30.4278080859128","30.9646030119124","",
"Luxembourg","LUX","Age dependency ratio, old (% of working-age population)","SP.POP.DPND.OL","15.5742799594356","15.908021121214","16.1778386659323","16.4345609013006","16.7995386854366","17.1907642311946","17.582148000418","18.013965019219","18.3931634821465","18.7339889640038","19.1032390309094","19.3017701287975","19.3736196669199","19.5559210526316","19.7295581134697","19.8186011535925","19.8106297082449","19.8321017484919","19.904569388923","19.9986086501041","20.036525974026","19.8614950646048","19.5852064976323","19.2365976150618","18.9915456558223","19.0196554995413","19.1039950135375","19.1045295493649","19.1584708274243","19.2347766349255","19.3082353119104","19.4809864852716","19.7019037611071","19.9470542969599","20.2460752099306","20.5618733451973","20.8448252394495","21.0232231422551","21.1051376681567","21.1489609794695","20.9389725947761","20.7752691110144","20.8900346970603","20.8951928368755","20.9070437525147","20.9386995797582","20.8555111042885","20.7558257594871","20.6541059367224","20.5760698123498","20.4704639706328","20.3227962945277","20.2490544396958","20.3092896145739","20.4333648835589","20.5010534749461","20.5205073870163","20.5822680372578","20.6789276454","20.8171874347396","21.00396331365","21.2192484455258","21.4241669447754","21.8695758902872","22.512306062683","",
"Latvia","LVA","Age dependency ratio, old (% of working-age population)","SP.POP.DPND.OL","15.7575077103369","15.9342547939213","15.9942024766492","16.0624461697239","16.2324665369736","16.5046279627913","16.7930203468323","17.0926505097359","17.4543235625523","17.815893175356","18.1242844929469","18.4273036987732","18.7627605938971","18.9671213938846","19.1188752654504","19.2593189112563","19.3722810980748","19.4914761297703","19.5738161811402","19.5842170624634","19.4009981370899","18.9827169604704","18.4702581714099","18.0881186399309","17.8092179225143","17.5098615137547","17.3513259079659","17.3474845945756","17.452367010495","17.5457405674456","17.5540821035155","18.0763940275741","19.0234839511267","19.7561033476476","20.2993227519235","20.7617026698553","21.2019326204842","21.6282563477107","21.916707488978","22.0526973807589","22.2594083475604","22.6053373361879","23.0666172299648","23.5909407196247","24.1286613497718","24.6427603590191","25.1731894667069","25.6099230634261","25.9755365349976","26.4858084601149","27.016307986913","27.4590521766801","27.8900428203432","28.4667802385008","29.1925929026097","29.8726559653009","30.5086320377404","31.1127317090353","31.5749427722718","32.0603317854173","32.641991967124","33.0106860966463","33.3191301581784","33.8734517817418","34.5832249813492","",
"Macao SAR, China","MAC","Age dependency ratio, old (% of working-age population)","SP.POP.DPND.OL","9.48854285352576","9.81675392670157","9.68819138597688","9.58095809580958","9.46373752877974","9.31189535359041","8.98765980720585","8.59907507372017","8.33797997234932","8.18359488944636","8.0418291928273","7.47882216120619","6.2036326426196","13.2011819359732","29.6306017414326","24.87663688532","21.2130786451939","18.2644226412607","15.818858560794","13.7785578997759","12.1379742545259","11.2418015924877","10.9895568596645","10.8437414780475","10.6770076779415","10.4899564246998","10.3028172848918","10.098012510812","9.76153659084965","9.48778085483223","9.40641074674585","9.42773113385801","9.56511853988961","9.74656863305623","9.89351934127125","10.0126519491909","10.1154359753614","10.1785871073103","10.2137537813068","10.2181866088349","10.1872438278457","10.1056227333569","9.91532350964012","9.66030863194429","9.39981011672237","9.13487566318981","8.89510968921389","8.7116543328701","8.59557961673167","8.57523283535206","8.67316407898949","8.90407245951257","9.28081065075779","9.77890020504795","10.3667537417515","10.9940001310796","11.6321050835219","12.3342751358138","13.1462092640751","14.111336716759","15.2210318418568","16.3593157408293","17.4591197004303","18.6114297802403","19.8665215549651","",
"St. Martin (French part)","MAF","Age dependency ratio, old (% of working-age population)","SP.POP.DPND.OL","8.10042633822833","7.8377132319041","7.83699059561129","7.8695652173913","7.8052874527906","7.69230769230769","7.59063444108761","7.29203539823009","7.20812182741117","7.37084567291872","7.48321074512312","7.55597014925373","7.49697702539299","7.64256319811875","7.92022792022792","7.73841961852861","7.30134158926729","6.99608610567515","6.60004647920056","6.07198056966218","5.45187670371147","4.77802110292654","4.08441116405718","3.50314213130098","3.10679611650485","2.91681670867843","2.78227360308285","2.72108843537415","2.78076785073556","2.85315136209768","3.02676349601341","3.31025420730783","3.59697630764548","3.90020366598778","4.20816097237118","4.51566659840262","4.81661964606309","5.12332990750257","5.4397612063198","5.63279857397504","5.68673261420689","5.74334140435835","5.81955597543694","5.92144736234827","6.0882525631182","6.31634819532909","6.5941683635891","6.88996434029547","7.21623757434596","7.60076618983576","8.02337295990328","8.49128737574953","8.98560051484193","9.49433234182812","9.98674326115776","10.5784325564545","11.3685148434652","12.1949228634397","15.5608812647158","25.4676324958738","29.0397300971852","25.1508734780307","26.0732637162274","27.9012200153239","30.5430295331851","",
"Morocco","MAR","Age dependency ratio, old (% of working-age population)","SP.POP.DPND.OL","5.39263625473507","5.49773395565965","5.60587765520456","5.71876857192662","5.83070449252636","5.93578549783258","6.04004723159008","6.13620909273749","6.2137997206223","6.2598999275124","6.26921120572474","6.25039074390465","6.2099199304373","6.14258572361764","6.0436270527582","5.91695326574741","5.76853341092947","5.60153297809819","5.4287310659265","5.2685819649565","5.12870604057662","5.01040220613064","4.91581654518961","4.85003413052123","4.82198352049273","4.83330788482895","4.88402515148962","4.97036794323764","5.0839714683489","5.22195545888167","5.37842850231493","5.55634769964762","5.75425311415212","5.95890639460223","6.15563217824455","6.33871160230238","6.50990740861022","6.66492851511051","6.80051142964145","6.91650879618277","7.01342171942158","7.09940071997213","7.18976795987014","7.2800563004357","7.3454252310834","7.39291136713611","7.46401619159877","7.56544345784894","7.66540384639092","7.75805006683146","7.86509877961545","7.99989336697294","8.15746983563723","8.32845451767268","8.52823158212821","8.77374122431438","9.06185803116272","9.39497272205666","9.76951835349017","10.1746908680514","10.5565430212111","10.9280093253657","11.3637166992227","11.8322534179946","12.288756723382","",
"Monaco","MCO","Age dependency ratio, old (% of working-age population)","SP.POP.DPND.OL","28.4533241474337","29.0545156442137","29.7000135740464","30.4341945083187","31.2592792549602","32.0700100976102","32.8523489932886","33.5941156803745","34.0658611074226","34.2752004205546","34.4973064191601","34.8565560618702","35.3742362525458","35.9171821739679","36.4984977466199","36.7301370712647","36.4427022723097","35.9823799179339","35.507633814531","35.0628104002337","34.6664368212377","34.329961001526","33.9522988825263","33.5672771137186","33.2863569841184","33.1136120042872","33.0860140971965","33.1866058795787","33.347145964985","33.4440130772374","33.4795985272608","33.5018014411529","33.499203821656","33.5395733306935","33.6189491308416","33.7384826504607","33.8682144076477","34.0205685456486","34.1728180633956","34.3700503959683","34.5658316969203","34.7684028445128","35.0526926423668","35.4480879634134","35.9300788326886","36.4187192118227","36.8582755203171","37.2631158986635","38.4931781701445","41.3626528455694","45.1268088539303","48.9993935718617","52.914071598562","56.7090789273584","60.251534053451","63.6354409824419","66.2975005080268","68.2014754515391","70.4028110200132","70.9164572542182","71.8599471694204","74.7919267582189","74.0657084188912","72.0433389287349","71.8118735543562","",
"Moldova","MDA","Age dependency ratio, old (% of working-age population)","SP.POP.DPND.OL","8.16265768487822","8.39220760913552","8.62317732868294","8.84988491572614","9.06855611796369","9.29205680788484","9.5216314820899","9.7270665257443","9.90077681088285","10.0488977870574","10.1229272157259","10.1333865753362","10.1596376209035","10.237426097608","10.3669905561703","10.5503340990763","10.7839493943334","11.0321848825887","11.2599396084525","11.2502197816487","11.1677880083164","11.2020677146514","11.2058008781126","11.2402437644543","11.3485927206677","11.5372294297585","11.7965461364746","12.0940378864259","12.4074752153254","12.7661668033885","13.1418117010622","13.4935639190532","13.8840348731207","14.3069730808904","14.6702515868461","14.9374135019507","15.1158446530119","15.2109104253319","15.2248679468515","15.1994325312381","15.2065686009549","15.245098638998","15.2654768972299","15.2221587481354","15.1273214485094","15.1172425508044","15.2359454204484","15.3557718895483","15.3473728522092","15.1683617409114","14.8714346793418","14.6252853366536","14.5261681423687","14.7544664772401","15.5725759105977","16.7133400709463","17.8289646855499","18.8605985453882","19.8035362377794","20.7793602229714","21.7467203013893","22.5573556478825","23.3513257934418","24.2490721211746","25.3305755559458","",
"Madagascar","MDG","Age dependency ratio, old (% of working-age population)","SP.POP.DPND.OL","6.44806727227434","6.53855677641681","6.62232100298272","6.7008020214621","6.73996162369984","6.74869043232092","6.76877344629969","6.79741404283325","6.83776124611593","6.89589738684729","6.96844475590039","7.05532625543391","7.15197238396819","7.23761144977209","7.28337434699129","7.27952361580726","7.23297472628578","7.14699981075064","7.03266078848764","6.90583734902961","6.77454222694768","6.63469989855989","6.48840605852295","6.34506015564513","6.2137413387163","6.09798970273032","5.9980186158299","5.91630979263071","5.84834508125608","5.78522672753868","5.72389366243836","5.6650165588329","5.60805077482822","5.55677094727631","5.51517242622424","5.482100723068","5.45830066186556","5.44358974953003","5.43309537393314","5.42095699941671","5.40456382634397","5.38768367425634","5.37091747785755","5.34824323517764","5.3151194438987","5.27032104805853","5.21745166615057","5.16142379760353","5.10540573918024","5.05116434525369","4.99991207206573","4.954179484379","4.91613233386497","4.89527468998017","4.94125386334833","5.04750396809745","5.16086078910013","5.2734067508028","5.38542366464943","5.49617044457009","5.58575215951311","5.66083239202407","5.74616232485655","5.84166137908541","5.93873962901919","",
"Maldives","MDV","Age dependency ratio, old (% of working-age population)","SP.POP.DPND.OL","5.43458030895217","5.43648910146409","5.4603892839187","5.49571256466586","5.54121675006584","5.24643117640929","4.57199440024584","4.08433029365013","4.01020541672118","4.1297511294159","4.2484982414641","4.36007329890506","4.46516553174591","4.55491560218978","4.64643390693299","4.75190480036615","4.86168442295344","4.97803247373448","5.02306890906385","5.000181516754","4.9839171467958","4.9570692615913","4.91317285485877","4.85556965564709","4.80588994876494","4.83518705763397","4.95292310116609","5.07781765146136","5.17505511340283","5.26119674276574","5.38339802134262","5.53390625134412","5.68249320225894","5.81187410586552","5.91672581026733","6.00991609458429","6.11244784883336","6.24277374644451","6.39704173558803","6.5622326071217","6.71108242856781","6.83709291449534","6.96864314805522","7.10047879117857","7.22330306960657","7.33066359768577","7.29039372894996","7.07383756858486","6.82088933207437","6.58116660821936","6.35816373471233","6.15375308613969","5.96534384835221","5.80186287516236","5.66230607854404","5.5168828167875","5.37010964500159","5.2500318408137","5.17127273557133","5.14498656920164","5.16725085234375","5.21602214635426","5.40353482920718","5.74705417896711","6.12426575577455","",
"Middle East, North Africa, Afghanistan & Pakistan","MEA","Age dependency ratio, old (% of working-age population)","SP.POP.DPND.OL","6.0668586513471","6.10635089043499","6.15645342011102","6.20643323424652","6.2576110193958","6.30778883155053","6.35084099432489","6.38866328630277","6.42251448646661","6.4497398600568","6.46981153842832","6.47955110520519","6.48394318200721","6.48679054184659","6.48160706633314","6.47766238611216","6.47464570913273","6.45885591555554","6.43060090723438","6.39878620129554","6.35884202127363","6.30526211759723","6.26194555395835","6.24071520226811","6.23180089580408","6.23173069073005","6.2374304925626","6.25069545968147","6.26961355690221","6.29063115550613","6.29796672906743","6.3161357711997","6.34826818764004","6.39721495472056","6.43779697924223","6.46846202805069","6.49550120344511","6.51436344527909","6.51985324158337","6.51529903866906","6.50361219491385","6.48788946263677","6.4862285853978","6.4809729051843","6.45785608354147","6.43100455255275","6.40157683506885","6.37255674589972","6.36150901703248","6.37323643080639","6.4115523595743","6.46498739576315","6.53745896111826","6.6194295878537","6.71167593035272","6.81309755749637","6.936925067937","7.08976359122218","7.2598073652736","7.42515578221383","7.54235445861369","7.63138040616717","7.73445591500436","7.89279887607173","8.05714602308536","",
"Mexico","MEX","Age dependency ratio, old (% of working-age population)","SP.POP.DPND.OL","5.51945069364557","5.43515450567573","5.38497741059741","5.35188379941588","5.33043465611321","5.33209791097853","5.35196692256946","5.37837109790049","5.4088540974063","5.43478719075126","5.45601782199756","5.47935961515529","5.50836978210113","5.54246417532098","5.57918877443567","5.61863775239359","5.65823695286539","5.6939162838172","5.72434046336756","5.74778952097647","5.76223899345319","5.83695012822386","5.97319844795432","6.11030492363686","6.25102972067159","6.40044635055246","6.56490177527615","6.74132025941025","6.92016460513151","7.09817708856343","7.20705924006185","7.2432664555193","7.28692200750072","7.35438566509744","7.4416593391822","7.54533425457276","7.66554860582378","7.80203121527571","7.95085432453161","8.10857334261588","8.26512261883683","8.43383925933879","8.61863941357158","8.79951433581514","8.96909977872096","9.12014765593337","9.24644652535731","9.33108070423633","9.38622369273309","9.44189266211272","9.50796289480529","9.59520769207681","9.71157852756685","9.84799296945748","10.0005574873953","10.1739429054871","10.3654082091867","10.5755380742914","10.8069963878908","11.0597076431255","11.2522495542144","11.3639250657102","11.5698766771657","11.9034209856067","12.2670026127846","",
"Marshall Islands","MHL","Age dependency ratio, old (% of working-age population)","SP.POP.DPND.OL","12.1688624451055","12.0784964068546","12.0344224821837","12.047563047171","12.1054633033338","12.1855442385569","12.3204747774481","11.7118129706643","9.95586574976906","7.96033731813548","6.78039114327561","6.77866442671147","7.35528189662394","7.9373019843255","8.06187592077263","7.76567840394245","7.55840940739595","7.33398658325168","7.12342865544365","6.96974042736268","6.87878576898976","6.81376165247133","6.76875562990606","6.73296682932856","6.66627092484863","6.57684402831697","6.48051448359259","6.37644317339265","6.27679118187385","6.14748041968376","5.95663569216107","5.76541672432083","5.57765363128492","5.38631537894874","5.19262277864135","4.99877780493767","4.78204165513971","4.53708675308737","4.27251732101617","4.0929524361949","4.03114493010087","3.99154568448772","3.94924824818015","3.88853535184379","3.8006086266208","3.70807514507721","3.64265430688383","3.60301556737704","3.57353229923424","3.56392064117724","3.52739500230764","3.56528072033898","3.77251689807878","4.0503355704698","4.36182471361757","4.6857848518112","4.99094455280022","5.27305631453816","5.56562069715197","5.82743674285926","5.99946907353332","6.2681187808509","6.71146406027286","7.19238900634249","7.61996413105289","",
"Middle income","MIC","Age dependency ratio, old (% of working-age population)","SP.POP.DPND.OL","6.5402669725708","6.51481005706942","6.53342680691704","6.5778065214159","6.61639047060593","6.65206831062958","6.69145573588927","6.72400363470682","6.76384071878218","6.81187433554849","6.85190234673943","6.89365166683676","6.93649342274148","6.98689765022289","7.05857881661441","7.1357514146159","7.20631970387227","7.25539829807442","7.27983737794487","7.30972803828534","7.33061477398776","7.32915888703793","7.32949346077345","7.32853148867661","7.32931497485843","7.34170664859526","7.3631812562345","7.39289296952051","7.43427988824873","7.49477429081773","7.5637768816765","7.63298514392312","7.71582913567792","7.81591038724099","7.9217587660003","8.02454576098314","8.12090438728124","8.21362225337915","8.31181094607895","8.41071886625761","8.50466937062325","8.59750948370372","8.69115563758948","8.78117266170627","8.8541794850535","8.91621716106409","8.98606928725695","9.05926950250285","9.12278128715411","9.18970239175052","9.27506430555399","9.38902543533986","9.53861665342522","9.71597961483124","9.93446517569683","10.2124024762841","10.5243222830582","10.8734590147152","11.2498896706566","11.6372450442627","12.0164880549385","12.3276129465449","12.6594158368526","13.0243822073309","13.3228631611583","",
"North Macedonia","MKD","Age dependency ratio, old (% of working-age population)","SP.POP.DPND.OL","8.56652258291095","8.44324553533461","8.35490064873069","8.2951872153527","8.24841402791039","8.25204580837826","8.29190198588843","8.35523164269573","8.42703585011174","8.48040611302312","8.53270311977295","8.61578683372351","8.72660544941872","8.8642643975466","9.01879208192308","9.18835734798992","9.37486720383528","9.55220014977495","9.67239798717897","9.70902941704963","9.66302477127186","9.55450885871486","9.46990994573135","9.44243519034533","9.46495159405139","9.5634034329507","9.73317765254902","9.95150212126931","10.1996637538684","10.4799928013618","10.7988065767488","11.2112506916891","11.7158500164267","12.2542767699978","12.7671295328914","13.1759989134699","13.454094210642","13.6894685743214","13.9905292290823","14.3153590351714","14.6063557078256","14.877843364141","15.107981358698","15.2769036669721","15.4469897504277","15.6237027470464","15.8219504505495","16.0658994669896","16.3302966200178","16.5863683813184","16.8211398146322","17.0782831468525","17.4600866802715","18.066595318311","18.8049413137437","19.5539645392884","20.3536968849948","21.2630701627327","22.3274749606869","23.5208765717986","24.6024107131997","25.3194119392161","25.9265901482544","26.748571008104","27.6654529301305","",
"Mali","MLI","Age dependency ratio, old (% of working-age population)","SP.POP.DPND.OL","4.7457598499001","4.76337095859512","4.78393740190212","4.81567507850729","4.87011726752436","4.94373214192787","5.03319686285213","5.14111103950468","5.26260805055898","5.38877752953923","5.51554204474802","5.64517202237173","5.77581602444457","5.90442786506722","6.03369878722117","6.16603399456324","6.30111145018979","6.4338074238486","6.56200037606521","6.68765395426179","6.80660580949772","6.9189601589826","7.02564010752722","7.1236264313022","7.21169913060291","7.29116394922019","7.36383724862528","7.42630117658499","7.46907174737394","7.48419347132885","7.47016746383037","7.43581606333907","7.38368796886314","7.31109377437978","7.21895973666445","7.11127877442709","6.99401091151796","6.86846408954355","6.72951340475476","6.5775732081928","6.42302762856141","6.27185601067595","6.12776103778568","5.99647414685945","5.88480201363216","5.80855788816323","5.76410549091649","5.7322387315384","5.7037731700164","5.66812991543332","5.61776256722655","5.5623011220901","5.52916282659888","5.48594087040379","5.40689837166923","5.33310211794098","5.26933492783976","5.20113259835421","5.13003403408529","5.05653040764506","4.96233914870428","4.85752888549346","4.77377787658639","4.70389708265936","4.63152534686599","",
"Malta","MLT","Age dependency ratio, old (% of working-age population)","SP.POP.DPND.OL","12.5726709074805","12.7056765391405","12.8143363862565","12.9311296213574","13.0540728101895","13.1740731494195","13.3132721432327","13.4908631982978","13.597461695821","13.6506710235785","13.7616919559343","13.889132057983","14.0033428917547","14.1127312605349","14.2263848168464","14.3352324793816","14.4207583176768","14.479788587648","14.5152563334557","14.5294859304258","14.5243742263463","14.4988478451654","14.4814450159647","14.5008911035135","14.5667568971646","14.696388084495","14.8500055266939","15.0321229234276","15.2758360879923","15.5593508347458","15.8393736820087","16.0873408842829","16.3159730056819","16.4990551577035","16.6505719952718","16.8447871483394","17.0456108632853","17.2108323073995","17.4047520248359","17.627831936866","17.8632781302271","18.1808350363221","18.5556273658942","18.9051869193065","19.2305604117577","19.4916619817162","19.6117752285763","19.6055749716962","19.7736888987863","20.533206017077","21.6585332087357","22.8251635743288","24.1108964103416","25.455405643404","26.4990052056363","27.1748672365509","27.7655888767364","28.0136056156637","27.7965852448017","27.3808966815997","27.1386128470444","27.6054275424222","28.5677627376765","29.5310923190666","30.2773432768219","",
"Myanmar","MMR","Age dependency ratio, old (% of working-age population)","SP.POP.DPND.OL","6.17547016644281","6.26694741277804","6.35397688014578","6.44122375762267","6.5203531068072","6.58878479262402","6.65887589187943","6.73280450785362","6.80559849787982","6.87075375354767","6.92509587067073","6.97192671375662","7.01193239804063","7.05157482096524","7.09189431886334","7.12828716322124","7.16053083486441","7.18349105872477","7.20176695306697","7.22808878749878","7.26312826778297","7.30855346704787","7.36954765258025","7.4259092249306","7.46375629628767","7.49091254088314","7.50973658456387","7.51946902154556","7.52458679745731","7.53732972617077","7.56249663441234","7.5990047640838","7.64511890056483","7.69477210204939","7.74184796565229","7.78441957422055","7.82613031367796","7.86405044486494","7.89196297882207","7.90704515181484","7.91244997277546","7.91680008310552","7.92394735446748","7.93134906830573","7.93162514364774","7.92381806799875","7.91217897738849","7.90080981125949","7.87875488327211","7.86777325735984","7.88557846990889","7.91491562881492","7.95232298511585","7.9996001920824","8.11076276088656","8.29536751772813","8.50589780376213","8.73391472047782","8.9820200486398","9.2496984715653","9.52180829627169","9.77876504980327","10.0551015849372","10.3649929650005","10.6797597480008","",
"Middle East, North Africa, Afghanistan & Pakistan (excluding high income)","MNA","Age dependency ratio, old (% of working-age population)","SP.POP.DPND.OL","6.02346572492153","6.06029109394291","6.10943787471228","6.15948931981529","6.21045178355724","6.26063400508702","6.30358043798616","6.33988838648595","6.37426309237072","6.40207059343213","6.42158399283855","6.43026012292902","6.43433142909278","6.43564560374394","6.42955625690178","6.4248523385096","6.42352034914873","6.41132496726581","6.38647244824083","6.35729538129363","6.32025133142918","6.270515784269","6.23256280164202","6.21939996402342","6.21971888070694","6.22546992566088","6.23705300180914","6.25709056350114","6.28181275324909","6.30801214706923","6.30960379697234","6.32081489392261","6.35819992272467","6.41386372291631","6.46254732036195","6.49733725024618","6.52798035712207","6.55276690623227","6.56349221009459","6.56322093527575","6.55591554728568","6.54553237224945","6.55053403260494","6.55202812152468","6.53455584042664","6.51364647042194","6.49431391462304","6.48323279169734","6.49181217032325","6.51766013602188","6.5582589696595","6.62247211730493","6.70890883486966","6.80908700238994","6.91682932581751","7.04130337636686","7.18401652481229","7.33757014061296","7.49500872704444","7.65457732810762","7.7716139609234","7.84994297344658","7.97612022139211","8.146818650081","8.32552061718498","",
"Montenegro","MNE","Age dependency ratio, old (% of working-age population)","SP.POP.DPND.OL","11.3716937792793","11.3257455739059","11.2942355819935","11.2433192781932","11.2156093017066","11.300055754157","11.4663014770615","11.5680035470473","11.5535963664365","11.523725508706","11.5688782927255","11.6489082134837","11.6809401450556","11.6789945789708","11.7490352667729","11.9532197938747","12.2251564466382","12.4526961759191","12.5493207191858","12.486956233678","12.2985518816306","12.0233650712437","11.7096293974771","11.425005382021","11.2426632752451","11.1941173974576","11.2445355259045","11.3509606220464","11.5076702118439","11.7360449892883","12.046978449592","12.4317712675162","12.870804397432","13.3486485286062","13.8320733955794","14.2959001782531","14.7368731664974","15.1646718008925","15.5991404590461","16.0663316533327","16.564520149974","17.0798464887495","17.6207432424165","18.2021550914462","18.7845425144268","19.2917043622876","19.6447269096842","19.8131022597636","19.8747869807467","19.8708354788568","19.7456909137034","19.6916062393399","19.9040146046129","20.2587200391597","20.7930526360894","21.5322979688721","22.2540126783113","22.9934432552309","23.8518967397891","24.7795773840173","25.6321443496644","26.1806348396556","26.6311319227368","27.2052119216713","27.8446427855912","",
"Mongolia","MNG","Age dependency ratio, old (% of working-age population)","SP.POP.DPND.OL","10.1107290221331","10.7621901975916","11.4341840494275","11.7577242888403","11.7367354362625","11.7429312256541","11.7889877941528","11.8696821245718","11.968749586897","11.9937960323841","11.8969723150419","11.7237834079905","11.4993986268521","11.2430725129281","10.9702848414434","10.6872746400373","10.3937651335696","10.0898717637049","9.77712242703289","9.51688132843486","9.29905406469235","9.06355490358954","8.82128260543941","8.58252125233257","8.35351551901212","8.13326862657966","7.91397373762009","7.68645902120478","7.443641874401","7.21158296815722","6.99420452876047","6.77421644985488","6.56309781059295","6.37287224849304","6.21329484403817","6.08427980376214","5.97695112389913","5.8793316390756","5.77974626985452","5.66784921054832","5.58133856919846","5.52380889333166","5.46625528886788","5.42318787438872","5.40459140703606","5.4133010813921","5.44197986219551","5.47892164254834","5.51482017711377","5.54392497331434","5.56602219283718","5.56801758321342","5.56729508345123","5.59735476267446","5.6613818472298","5.760214200714","5.89476021314387","6.06988351447562","6.29352844605294","6.57133593267847","6.8433108631548","7.07951659675967","7.38630062430861","7.78189603424772","8.19805418952254","",
"Northern Mariana Islands","MNP","Age dependency ratio, old (% of working-age population)","SP.POP.DPND.OL","6.38402760660587","6.28297362110312","6.22813156053184","6.21890547263682","6.21308247648217","6.12201815495039","6.00893219650832","5.93371700734273","5.82074521651561","5.73529411764706","5.59183673469388","5.45160129543001","5.30862258520496","5.23655763021199","5.24594453165882","5.22360015031943","5.23339749759384","5.31260874608514","5.36814972542867","5.32928942807626","5.016755371575","4.39909676340219","3.79881154499151","3.34366830810384","3.01454198068146","2.78039141889349","2.6009727215056","2.49721035822848","2.44204127791914","2.39379966643775","2.40387621131604","2.49217321223769","2.59301713188141","2.67561631971295","2.76285731925665","2.78641509433962","2.62281432139883","2.38736623582038","2.21167980756381","2.08671317326411","2.09566314155428","2.2803289654901","2.51569779218149","2.74327230213574","2.97317677474954","3.19357279565585","3.38616548963677","3.57958872810358","3.78944773175542","4.02906039753396","4.33482025715035","4.69027251781032","5.08253113250313","5.52429667519182","5.97356588091021","6.42067440574903","6.88115893203066","7.32020547945205","7.73785336971034","8.11584789796882","8.80064635825005","9.91984884039862","11.231554873273","12.7173036606999","14.2894963266927","",
"Mozambique","MOZ","Age dependency ratio, old (% of working-age population)","SP.POP.DPND.OL","5.49057196564266","5.49176995212801","5.49019638233683","5.48709432749461","5.48347305062532","5.48275968247517","5.48645919824959","5.49460945313407","5.50867784567573","5.53024786367222","5.56006133877905","5.59384826991972","5.62567634938769","5.65799930944019","5.69394430416064","5.73392748964475","5.78009141657317","5.82422433735365","5.86443530961014","5.91224275221026","5.98992303427951","6.07492795777408","6.13358417077239","6.16919408610955","6.17716603202796","6.15979303292973","6.13087983484737","6.09174869663592","6.03317219220454","5.96114807991314","5.88244749058515","5.8024464554688","5.72305394601804","5.64205561844131","5.56197173887117","5.48443818412233","5.40350155783314","5.3392221592224","5.28347441584177","5.22254268598934","5.17045450346138","5.14373912287303","5.13539834806515","5.12760298147203","5.12464967363588","5.12874487284193","5.14116395892772","5.16320561247433","5.19114106867895","5.21919432252315","5.24293010514796","5.25483156881063","5.26175915611067","5.27852945745445","5.298919622977","5.31840079805378","5.34180139336868","5.36562849233206","5.39030077478892","5.41226527495752","5.40543528742284","5.35323701530679","5.30497250592657","5.27221349822352","5.21866837194861","",
"Mauritania","MRT","Age dependency ratio, old (% of working-age population)","SP.POP.DPND.OL","4.12044890326252","4.24920425301368","4.37418420938677","4.49745127677365","4.62332430994647","4.75351402246284","4.88172083482319","5.00252345709939","5.11551482153442","5.22190636217288","5.3229897677172","5.41580612798766","5.50160326064672","5.58106421783509","5.65236783745933","5.71511049325038","5.76910559484008","5.81597559903814","5.85564851794991","5.88816930569478","5.91231986740807","5.92850184197114","5.93861427322136","5.94288160201955","5.94350642455134","5.94200941254029","5.93929060631692","5.93612712998378","5.93338177080724","5.9515948904812","5.96844114781156","5.96233150320297","5.906640416567","5.84105293125725","5.8091857279738","5.80847956102086","5.84490060588867","5.86651185913574","5.86655710281882","5.86084155250765","5.8491224936818","5.85721702791064","5.88378666201359","5.90892564434325","5.92875228839424","5.95593014885949","5.99175286597051","6.02207923561945","6.18575660249716","6.4719593338495","6.74164738129191","6.99319704179427","7.22237286412148","7.20183972165571","6.96833115881865","6.76725751111304","6.597922035148","6.4590205531591","6.34703933514895","6.25815200777158","6.15995872796025","6.05943355189064","6.00402993667242","5.98216478588","5.97185136731847","",
"Mauritius","MUS","Age dependency ratio, old (% of working-age population)","SP.POP.DPND.OL","5.77392346865201","5.96863763540332","6.19335806404389","6.32692193753063","6.38751295933648","6.44510530694067","6.49828329044649","6.54062573579937","6.56840846005028","6.58180611614123","6.58203845839346","6.57350530370905","6.57569869537904","6.61077529034153","6.6707934168509","6.72622636757062","6.76214503789908","6.79334557359563","6.84422481710748","6.91623518621818","6.98597234500359","7.04403869963737","7.10246738858969","7.15912065317141","7.21398247533897","7.29401626310471","7.41388542935549","7.56545512688663","7.75035934970709","7.96770869016132","8.20138462478647","8.41942659948451","8.58488199363529","8.69169444606087","8.75417355186746","8.77874331550802","8.76445542472666","8.74446836309981","8.76949524394765","8.84956636425403","8.95707428639101","9.06233751650771","9.15052582353645","9.22073218398911","9.28480263259061","9.34404803832208","9.39368437137165","9.44869814020029","9.5602985334978","9.76193792146063","10.023061002373","10.3102019816735","10.6598447307383","11.1108300875107","11.6535379496375","12.2891590030421","12.9890434973157","13.7006477187488","14.3986938332427","15.0828140822214","15.7814001646584","16.4803717878622","17.1855868558521","17.9909018441245","18.8742626847349","",
"Malawi","MWI","Age dependency ratio, old (% of working-age population)","SP.POP.DPND.OL","5.60848833493129","5.56039001834994","5.51150217476363","5.47631814458097","5.45993738495666","5.45869579299901","5.47449194172657","5.5023223621492","5.52954757200045","5.53632075235068","5.5182563892141","5.47274964549436","5.40444124907585","5.33428847420451","5.28338859573377","5.26229248759354","5.26458350549395","5.28264909450975","5.4363002208443","5.73614324817928","6.05044848709363","6.35922215456287","6.66841835360272","6.96570082305786","7.22391885478643","7.43166865402716","7.55859781680351","8.04702451904583","8.27830182318659","7.93147216292703","7.63744925773559","7.37815865923132","7.14505150309775","6.92759800798752","6.71347511765388","6.50460821097994","6.31202863578447","6.13350053514039","5.97045339511335","6.1401687582479","6.5534037050545","6.87586115318722","7.16614667249471","7.43313672722362","7.67382730512811","7.87106396592968","8.00909042092799","8.0477138338773","7.83764718183622","7.47873867194748","7.17238748369811","6.90807496315847","6.67038711664203","6.42875392611215","6.19168838023216","5.96092035900283","5.7312970267584","5.52250181505875","5.33409850206509","5.1621657635162","4.99804249399211","4.84179521548658","4.71246441252357","4.62204555259432","4.56039082270531","",
"Malaysia","MYS","Age dependency ratio, old (% of working-age population)","SP.POP.DPND.OL","5.44523787659482","5.37938120615692","5.36624200468963","5.38072578775253","5.39069387346372","5.37730323094528","5.33823883780395","5.28301701464212","5.23290091121982","5.22003172096325","5.24926572000251","5.32204893672274","5.44254456012481","5.58072233825394","5.69776846769858","5.78177716401198","5.83539074000244","5.86099878351658","5.87339329612236","5.89473614090434","5.91604634755194","5.93312455406742","5.96167624768787","5.99500846307826","6.02264444291274","6.04205082090428","6.0562922844081","6.06314762140031","6.06150659213497","6.04885284819816","6.02479573183379","6.00486536613355","6.00051354159864","6.02342938790113","6.06389148598708","6.09789090220356","6.12956124869477","6.16823404915517","6.20352883392991","6.22589200923615","6.2568245835537","6.32047919310318","6.41747918333356","6.52795553934576","6.63295500009065","6.73303819452176","6.8376568646497","6.95222097427797","7.07626774109647","7.21471741613929","7.37395837601609","7.54699919612253","7.72818973082431","7.9189400178165","8.12088177327187","8.33660718986588","8.56906594388444","8.82444820302562","9.10098778725884","9.38874110057873","9.70208039682881","9.99108976843659","10.2680313372086","10.6050195238823","10.9794517768264","",
"North America","NAC","Age dependency ratio, old (% of working-age population)","SP.POP.DPND.OL","14.5866267803329","14.7984262071146","14.9108879867017","14.9780723381178","15.0533838648181","15.1978648602632","15.3121812002927","15.3486358905565","15.3770805313537","15.4062211194569","15.4637692053892","15.4870975219537","15.4844336335007","15.5005791158989","15.5367698518409","15.6131905892785","15.7116812974974","15.8374079622713","15.9957450632827","16.1787885628344","16.3687716908228","16.5373879529144","16.7100604070851","16.9000612880664","17.0983116493651","17.2897216715833","17.4973111309407","17.7363853057532","17.9694901149451","18.1964075558023","18.3943536292923","18.5342966185361","18.6477300352799","18.7164327866387","18.7361328968491","18.7325863597628","18.6950395110725","18.6241060714247","18.5200983441919","18.4021081971187","18.2908600188862","18.1940905688024","18.1216249345832","18.0762669783423","18.0570603576851","18.0531597633273","18.1121766293566","18.3031762693682","18.5853689314782","18.8861870303619","19.1748343382183","19.5536758376471","20.0927692060852","20.6616274415522","21.2037174037822","21.7342833199928","22.269530702679","22.8376369649837","23.4484170556638","24.1095350872298","24.8016206741123","25.49891271185","26.262159180458","27.1291109210748","27.9883102266979","",
"Namibia","NAM","Age dependency ratio, old (% of working-age population)","SP.POP.DPND.OL","8.24185745920414","8.24919916738336","8.2577174142569","8.27167907758828","8.28252167032864","8.28832924292426","8.29620754441032","8.30160189976802","8.30147255689424","8.28691225699056","8.25595309169527","8.21501089448549","8.16319654198927","8.10981167709781","8.06026202068969","8.01255443733658","7.99948850435205","8.00954653937947","8.14656563249347","8.27942455390354","8.33369509268275","8.47326021547122","8.48956088197737","8.35400263177047","8.20421993208125","8.0353709407469","7.83913130624057","7.62585636923036","7.3799314720649","6.8343633881021","6.40907383193805","6.30353279056017","6.21889765165873","6.13649665322929","6.05666459311203","5.97991046184461","5.90672713362236","5.84115851062798","5.78253903677824","5.72966309425891","5.68370738784575","5.64654286965655","5.61829552370757","5.59924434648936","5.58919232477408","5.57895025828637","5.57301125337865","5.58473109944089","5.61404580959633","5.65949996158527","5.72037259119664","5.78722695407551","5.82998718366328","5.84675551285957","5.86751740172697","5.89314176091802","5.91629367217496","5.94183083338171","5.97291405905743","6.0063827613407","6.03051760000742","5.99880074556059","5.97115681815916","6.03890608244958","6.18889718684469","",
"New Caledonia","NCL","Age dependency ratio, old (% of working-age population)","SP.POP.DPND.OL","5.87957090955995","5.79761507671781","5.72825142903311","5.69472507209134","5.69013976788207","5.6771571332687","5.67587209302326","5.69143099847804","5.70355308956818","5.6479845297236","5.65662718194496","5.78549313781365","5.91531387681481","6.04665003967804","6.19005629790409","6.34220394181988","6.48418415283433","6.61237105815109","6.72641953267308","6.81351790564986","6.86455102944948","6.88166378451425","6.86758504357605","6.8457882228677","6.84765729585007","6.8727234883963","6.9025510307297","6.94586513494374","7.00705202422758","6.90606447524162","6.79341190090717","6.84139643894078","6.9098668834468","6.99883421177939","7.11144395933586","7.24350591567169","7.38534528202425","7.5712331386711","7.79646132362045","8.03242862178358","8.28185674999655","8.54064814940209","8.80940695839026","9.08347503277476","9.3629030720238","9.6199576829215","9.92771587060036","10.3322281207158","10.7781151396083","11.1991699542185","11.5054066328261","11.756629773634","12.0413798424832","12.3630529204572","12.7242390749872","13.1287257087741","13.5432872219653","13.9540005663405","14.3718061489486","14.8217694902843","15.2048461827441","15.5771529546281","16.0030157344914","16.4588069054494","16.9858573954037","",
"Niger","NER","Age dependency ratio, old (% of working-age population)","SP.POP.DPND.OL","2.2413117018078","2.356110548019","2.47030971047116","2.58078886408184","2.68421840976643","2.77891226678825","2.86493303312789","2.9427817850828","3.01306236190754","3.07873118423509","3.14107778407881","3.19924845769292","3.25538116229876","3.31125983631339","3.36657489750243","3.42164649607198","3.47743554256218","3.53491465446115","3.5938687156602","3.65404304585871","3.7151600195253","3.77607043589825","3.83557030836581","3.89335951425048","3.94829546148357","3.9992374995724","4.04607391972916","4.08958044489973","4.13001877372847","4.16609914141362","4.19816260179521","4.22717209534421","4.25270423334904","4.27546326153317","4.2974755988429","4.31931559697824","4.34330721306159","4.37223880704182","4.40300313603794","4.43376261018899","4.46523132226263","4.49814103413403","4.5336400740624","4.57335005068475","4.61846756230353","4.66775256374452","4.72066207371793","4.77813850639509","4.84018317497297","4.90342639699231","4.96218983807495","5.00958718557412","5.0318959405569","5.03871489786304","5.04489994935305","5.05279600876525","5.0644821213169","5.07832982567035","5.09274532671213","5.10657004693904","5.10848894376335","5.09634081494821","5.08897162084439","5.09487189606758","5.10658846783487","",
"Nigeria","NGA","Age dependency ratio, old (% of working-age population)","SP.POP.DPND.OL","5.9950123827163","6.02902989781166","6.0629158491101","6.09663856897954","6.12191708379304","6.13023709114149","6.12253878853207","6.09920598033934","6.07329813901276","6.0551873523271","6.04003516004151","6.03193992799353","6.03146540964823","6.03352068702321","6.0347536026886","6.03374420649806","6.03464551014472","6.03600703349796","6.03890554825918","6.04643324148044","6.05303630214392","6.06520922529698","6.08582525989668","6.11150006648657","6.13150222542706","6.14121696850344","6.1468868000131","6.14469540798273","6.13374673287","6.1149708727166","6.08694920705253","6.05404316460451","6.01550054658054","5.97310442341152","5.93051590533189","5.88900474568311","5.84949727713336","5.80880966480748","5.7669248296103","5.73082196757657","5.70641492603394","5.69116576237841","5.68358007399579","5.68291492286295","5.68471937886517","5.68764901079681","5.69283260905037","5.70032738903982","5.71115234886325","5.72407664741991","5.73438737643302","5.7373793132556","5.72972745433616","5.70474828317801","5.667599995198","5.63524212141292","5.60624840955718","5.57498452450049","5.54899709603716","5.52969938893295","5.50129019490674","5.47531059277357","5.46504862743235","5.45815496679884","5.45012289763752","",
"Nicaragua","NIC","Age dependency ratio, old (% of working-age population)","SP.POP.DPND.OL","5.22775685658702","5.20962720129153","5.19568902052766","5.17887528424909","5.15206009744441","5.12208409977622","5.09940396331821","5.0833423105786","5.07278045438453","5.06580352033888","5.06218120150875","5.06198876073683","5.04706031186236","5.03614947809191","5.0461129319826","5.05787717432903","5.07249906190597","5.09068108493809","5.10712867213749","5.12315134273551","5.14546785241509","5.17095307247771","5.195824590085","5.22238983580207","5.25609467325282","5.29648414558198","5.34053049919593","5.38749676689877","5.43273151656432","5.47072362881042","5.50118348728615","5.52576768562616","5.54434235069674","5.55715069899472","5.56390082160162","5.56538776169749","5.64905667190803","5.81245437532732","5.96851709033954","6.12184435211098","6.27997181125451","6.44379005716265","6.6140383392362","6.78759372698057","6.96160783319993","7.10787097281765","7.16481298436187","7.16157086148905","7.15941042868861","7.15789052450387","7.1574336739445","7.15731642413076","7.16844012839876","7.21231838070744","7.30803247781288","7.43869422505744","7.57307728332494","7.70503426497601","7.84294580495304","7.98069919576774","8.01141792691136","7.97132070597544","8.04649683359885","8.22309820887712","8.42154948095744","",
"Netherlands","NLD","Age dependency ratio, old (% of working-age population)","SP.POP.DPND.OL","14.7498535112989","14.9451688005553","15.0395581347955","15.1290925952632","15.2597730921264","15.3959391440717","15.5328313812928","15.7391109705434","15.9527783348686","16.1176131128889","16.2582779345496","16.375240574637","16.4951655946283","16.6388280972069","16.7962811567775","16.8975356810414","16.9417004891154","17.0479969175893","17.1903939619893","17.3039774572057","17.3685842945183","17.4083045897946","17.4567831295644","17.4744455864963","17.4705976048845","17.5687477295095","17.7575924810757","17.9370651334666","18.1489574685665","18.3638538903604","18.5292878454657","18.6707128292827","18.8101272915824","18.9325324229267","19.0729659585975","19.2579558034136","19.4300751067327","19.5901498652064","19.7230161426355","19.8159617347769","19.8975908700763","19.9700984413076","20.0515033681438","20.2004582350422","20.451373683529","20.7710174543626","21.0965694089652","21.4291667884644","21.8192378010297","22.2854105685432","22.756509778921","23.5375719227291","24.6155460407426","25.5614595271364","26.3783103912385","27.0660399064305","27.6296531011589","28.1800289156454","28.7377137071412","29.2669350875926","29.7959991452303","30.318339068697","30.7366593892216","31.1676857399967","31.7875735580646","",
"Norway","NOR","Age dependency ratio, old (% of working-age population)","SP.POP.DPND.OL","17.4935944707604","17.789905303836","18.0491084138238","18.3045424197789","18.5838115233691","18.9212799400975","19.3090730081154","19.6840092372084","20.0038944609424","20.276171793273","20.5282882111176","20.7726439960371","21.0102619908116","21.2653589831784","21.5704806371788","21.896343544373","22.2116298589764","22.5514097420321","22.8799238255057","23.1582803378588","23.3977030548842","23.5971051725161","23.8245161606197","24.0738194151094","24.2244341147939","24.4626318011965","24.7685932001457","24.9222435701449","25.020677244903","25.1389705694341","25.1955042399914","25.1799424706297","25.1232446212655","24.9734301918446","24.8093579943279","24.6739467495198","24.5287614592628","24.3490223777458","24.0839785811252","23.7342165541576","23.3858434040127","23.0988029057672","22.8279837507593","22.6083149222709","22.4861702562956","22.4035131706009","22.2747242260596","22.1439332371808","22.1245276784092","22.3025822786076","22.6259416624911","23.0531252824124","23.5154488198338","23.9321213235942","24.345321180014","24.7546547225283","25.1750035450575","25.6448861744119","26.174151337689","26.6925311275947","27.2486384723804","27.8329580040245","28.2507532929826","28.5314261696907","28.888807321017","",
"Nepal","NPL","Age dependency ratio, old (% of working-age population)","SP.POP.DPND.OL","5.28683167053088","5.33770808172766","5.3855477477979","5.42908488126324","5.47591712973605","5.5290813662266","5.58440490523415","5.64048451180426","5.69634721363102","5.75298020381594","5.80916572435246","5.86581551043395","5.92262945212173","5.97675115610599","6.02897285489894","6.08026751977008","6.13097406067141","6.17895052828026","6.22470397279015","6.2709164740887","6.31633891320024","6.35986011675319","6.39946173825918","6.43189974959434","6.46079672706005","6.49018231006051","6.52044693593368","6.55614012182388","6.59547580474624","6.62856293329611","6.64916390050274","6.65984171523629","6.6582269516885","6.66417595183351","6.68516629560178","6.71277124263917","6.74882526539261","6.78617183622395","6.8246622723468","6.86472893899834","6.90816113090551","6.953927700604","7.01326124762762","7.08585394174426","7.16208529434484","7.26678290405469","7.407707670635","7.56245812284907","7.71492219792381","7.8560449858478","7.98143240722868","8.12329148285856","8.31306935122584","8.54080403774135","8.75600821533842","8.91895448919035","9.09264983434687","9.31166608059848","9.52542822661961","9.59850743751118","9.53783723315937","9.47007775518599","9.55445471613264","9.79670541619395","9.99496090894795","",
"Nauru","NRU","Age dependency ratio, old (% of working-age population)","SP.POP.DPND.OL","6.3385269121813","5.88436537803626","5.4312047399605","5.09654954099399","4.86766048068147","4.58661992404324","4.3292509256622","4.09767050238563","2.96892341842397","1.85843126537305","1.69761273209549","1.768777236606","1.86011904761905","1.86960690316395","1.87586845761927","1.92609182530795","1.92724122996968","2.26462570769553","3.04578904333606","4.09474106784424","5.21393034825871","6.30971337579618","7.48748748748749","8.19408093416549","8.21120256976511","7.95861520095503","7.57426716506","7.10679611650485","6.45777607948032","5.58060879368658","4.67738953595859","3.70706887152462","3.0416890320272","2.97661233167966","3.0744905130007","3.16631871955463","3.2013769363167","3.19782275897261","3.06088126471578","2.84762697751873","2.7281746031746","2.58649093904448","2.43301002794674","2.38601078607616","2.39637305699482","2.37751004016064","2.39463601532567","2.4002543315848","2.34957929830132","2.25791063762124","2.15586074736506","2.07228915662651","2.09098164405427","2.19366969602006","2.27902679396366","2.48447204968944","2.75707898658718","2.96057452733402","3.18535601037763","3.37432084643981","3.52789330273914","3.73187885747093","4.10527821484766","4.5279794959419","4.80755674608769","",
"New Zealand","NZL","Age dependency ratio, old (% of working-age population)","SP.POP.DPND.OL","14.831493056181","14.70182002058","14.5327738013423","14.3633991647096","14.2167063949223","14.1265351736587","14.0888372961022","14.1098586464822","14.1687447459544","14.2133752294865","14.2526315412319","14.2983266580999","14.3309357800691","14.3226149348924","14.3100434114333","14.3631043880559","14.4997253176619","14.6963063282738","14.9504937259834","15.2166295660329","15.4210572425146","15.5884905298635","15.6802867134429","15.6606694550501","15.6723218789996","15.7988889845917","15.9849879834097","16.1680335310918","16.3700602785207","16.6083241830017","16.8070373048837","17.0000592672132","17.2119285989186","17.3874742548375","17.5157831120385","17.5807085754227","17.593944760845","17.6155379652876","17.7080334005183","17.8288554803869","17.9566040126047","18.0351793804176","17.9791501574303","17.8932482081008","17.9141789860523","18.0933255033569","18.3835244892547","18.6808900919833","18.9451589272481","19.2389924605967","19.6257473951267","20.1578640618866","20.8469164498031","21.5103919586934","21.9495465903295","22.19947581423","22.4064082834941","22.6385427078457","22.9438718100433","23.3497382681178","23.8994019908703","24.6518721915918","25.335904849847","25.9130557569472","26.5836123090417","",
"OECD members","OED","Age dependency ratio, old (% of working-age population)","SP.POP.DPND.OL","13.346420613697","13.5290096879349","13.6619913889617","13.7664256527891","13.9007739913837","14.0996936958144","14.2991789634096","14.4907223874772","14.6606624102428","14.8015683215449","14.9652182949203","15.1139559003021","15.2687358827462","15.4215872028216","15.5725925046991","15.7292687763719","15.8717328002006","16.0206711613893","16.1786136182749","16.3148241485301","16.3643435696271","16.3129822366736","16.2223092056958","16.1107092306857","16.0748314417856","16.1910912941217","16.3791040972497","16.5813632045489","16.7985149959592","17.0088875973398","17.2088810173636","17.4088021291901","17.6070324217125","17.8003310190521","18.0250881889347","18.2221960359825","18.3825335596977","18.5618337464457","18.7311795366753","18.9010952893742","19.0907997735478","19.3012966208103","19.5097422584009","19.7027176271892","19.9229813035768","20.1836447429693","20.4617126554994","20.7417961713762","21.0183847102467","21.2968885901068","21.5421255847561","21.8818485726305","22.412443075553","22.985745322614","23.534355805311","24.0403726520304","24.5176319953506","24.9956214372328","25.474477545821","25.9766440417328","26.5053354407838","27.0317810202125","27.5634608870956","28.1578489388844","28.8115241948589","",
"Oman","OMN","Age dependency ratio, old (% of working-age population)","SP.POP.DPND.OL","6.13311519399797","6.15484005558603","6.18424318644404","6.24105409697849","6.31689361123521","6.38119361976707","6.43073198329893","6.47250401259097","6.50743702703117","6.5365025466893","6.55704111997434","6.5710844287085","6.57938031650839","6.58098378305632","6.53184799062919","6.43427514426772","6.3246039974441","6.19950290679148","6.0704909791655","5.94573235540849","5.83084724343952","5.72320322327416","5.62002442089757","5.52758128174573","5.45080221951134","5.31813865147199","5.13267957211899","4.96151186313606","4.80449964102447","4.66043556436389","4.53099443128533","4.41555080167767","4.31350864974225","4.22870849303245","4.19686744980422","4.2031275452028","4.20491850211856","4.20300222202912","4.197893108909","4.18591368872806","4.16134047331145","4.11967872783074","4.05138935707806","3.96928497644892","3.92594246368793","3.91074581582154","3.88509008098498","3.85541557443536","3.83312872221798","3.82545397180761","3.81898521572021","3.68485085224383","3.52089130176073","3.41490656913773","3.40510028381366","3.42515108623477","3.38580377196919","3.3925686117624","3.46627798738835","3.5566973448355","3.62910560982659","3.70147491178543","3.7366253969726","3.68933388041805","3.63994780749243","",
"Other small states","OSS","Age dependency ratio, old (% of working-age population)","SP.POP.DPND.OL","10.165401234205","10.2392663959411","10.309161371136","10.3938829238573","10.4985590751708","10.6153190961378","10.7194017966258","10.8142080734308","10.9193975363098","11.0123645761472","11.0912446966775","11.1796922283454","11.2771657000328","11.3253128535513","11.3509341287642","11.3853921051624","11.3916152290616","11.3794346993291","11.3401441912427","11.2713423766528","11.1797060267294","11.0506059550083","10.9026080595373","10.7770675509599","10.6658307120545","10.5628325006108","10.5114509473316","10.499349000276","10.4945181823168","10.5110450346984","10.5435476117314","10.6054316549807","10.7434209950042","10.894530856546","11.0331984674473","11.1627609491493","11.2321034881061","11.2749895100529","11.2886893416927","11.3857862103","11.5014915148602","11.5351526864693","11.5896213048279","11.6809466230942","11.7984445959354","11.9120579721113","12.0177510941389","12.0950861373966","12.1466711673424","12.2374180686573","12.3585300372339","12.5035274457325","12.7047149980808","12.9441770431458","13.2101353590375","13.4873232177644","13.7586690408368","14.0019325445776","14.2084173589724","14.414712520324","14.6200724614938","14.799360099694","15.028121224305","15.3398011257146","15.6544882764967","",
"Pakistan","PAK","Age dependency ratio, old (% of working-age population)","SP.POP.DPND.OL","4.28658147903881","4.3347187938649","4.39189666796004","4.46597712674746","4.56313274393047","4.6775321079892","4.81012911494952","4.96161049332742","5.11859519277887","5.26868312473029","5.40254485552602","5.50417309569055","5.5921498371906","5.68327111929794","5.76609573725798","5.84356406336732","5.91623793320248","5.983511997549","6.04624999836136","6.09360217190367","6.09588673767883","6.09140557426731","6.12069056339616","6.17181883267974","6.24464954133975","6.3113409244282","6.35719668089263","6.39428256997121","6.42798799928833","6.46205047375659","6.48305955794592","6.49933474828017","6.54178714070526","6.58102690827223","6.59995226359149","6.60759386977291","6.60005928983198","6.58641878307357","6.57082155689237","6.55684086769726","6.5332543183133","6.50753579882232","6.5027784587605","6.50101276340935","6.48681813266159","6.47307549751466","6.46621477151715","6.45184906839616","6.4449766599296","6.45699331270779","6.47956988190071","6.51868419629694","6.57142311648024","6.61801333718819","6.63749563395922","6.65458281911498","6.69641235487885","6.75016900447542","6.80779819172731","6.87845721571853","6.92159286498641","6.94315486331907","7.0190839152709","7.14068512944463","7.25107077816052","",
"Panama","PAN","Age dependency ratio, old (% of working-age population)","SP.POP.DPND.OL","6.27440497540046","6.30288358612058","6.33504028097341","6.36671082365776","6.39289328412926","6.41253929197914","6.43104096365567","6.44680074546815","6.45996328525578","6.47286745728381","6.48633641476042","6.50295147192444","6.51999237023438","6.53685031635513","6.56005375440954","6.5919534494205","6.62824358845081","6.66709371206159","6.70697385150109","6.74841425550963","6.79276525048541","6.84057262021239","6.88741847840186","6.93124983239025","6.97515675331303","7.01632965792535","7.05268343279906","7.08615980120282","7.1207769904608","7.15853620881789","7.19904887685796","7.24292868154288","7.29137663770586","7.347194273386","7.40916861624282","7.47257823114969","7.53870303229577","7.61319443850023","7.69606697169066","7.78703635825548","7.89111341478151","8.01073335075648","8.14698561380605","8.3014708789688","8.46984432647407","8.64964068002434","8.84338626542888","9.04920220905102","9.26695816203316","9.49873003595618","9.74056842512592","9.99060142893478","10.2487396478416","10.5126534658581","10.795670492299","11.0924189234467","11.3900617083469","11.697836257683","12.027367278027","12.3788499498102","12.6972342012048","13.000952185385","13.3706696130881","13.7918951124973","14.224839268447","",
"Peru","PER","Age dependency ratio, old (% of working-age population)","SP.POP.DPND.OL","7.00598610121898","7.063974380519","7.21807990060093","7.45219391546606","7.66324498087845","7.84179679468094","7.97763120380832","8.07803546897049","8.14117418582586","8.17235530353526","8.17854784632571","8.24274868070611","8.39543004419362","8.44296089562653","8.38918855803118","8.35179711191715","8.30836696909535","8.22339652754663","8.08404131634228","7.9194738916924","7.70112121972101","7.4503337275974","7.21926080782621","7.00728055954767","6.82245895482782","6.66740104525322","6.54126872638014","6.44095616346961","6.359764822076","6.29399037878057","6.24210760493818","6.20861959821416","6.18950232200708","6.1835723719584","6.24538860590396","6.37504320586168","6.50611577739707","6.62115780273049","6.71979514823892","6.84858432576596","7.06384497373847","7.37298359799617","7.76247946664956","8.20585988702917","8.67169177318046","9.16972174766188","9.70284062111553","10.2434813388966","10.6813544266803","11.0095060598802","11.3239694036491","11.6242147141854","11.923119279844","12.2237357004736","12.5084005672104","12.7443935229305","12.8750147289141","12.9783093369509","13.0595431356509","13.1433556006357","13.2537381534749","13.242600401371","13.2642606025808","13.4923720812664","13.8142506268914","",
"Philippines","PHL","Age dependency ratio, old (% of working-age population)","SP.POP.DPND.OL","4.5203859360381","4.47506211999709","4.44385183398872","4.41880758923142","4.39720059216743","4.38830693989989","4.39429022472946","4.4071956353509","4.42474338877424","4.44151911619741","4.46715383456381","4.51260838342632","4.57437552332781","4.64123781303491","4.71159935635618","4.77817195171022","4.82270476867341","4.85490411361061","4.88510789166079","4.91380675155358","4.94581000123137","4.97528543246993","4.99097017815739","4.99758284029378","5.00468996018681","5.01884225283792","5.03871920136622","5.04996612780932","5.05837233336322","5.07618644136389","5.08627618466463","5.09934712456692","5.10599600501778","5.1037315240033","5.11265728173279","5.12179102123038","5.12951310294072","5.14094113880274","5.14804494770084","5.15521259635787","5.16819686171467","5.19120891657298","5.22799869482096","5.26560078504765","5.30126844729058","5.33443709007112","5.37217282933733","5.40423555993415","5.43288715013412","5.45808553492604","5.47295921497141","5.50499990117724","5.56042478862587","5.65725534046576","5.81399709120385","6.01433574812271","6.23761581893604","6.48059614293842","6.75133864338813","7.03881786604626","7.31618742043884","7.49663380533484","7.68169037002482","7.95727998278236","8.24119778927545","",
"Palau","PLW","Age dependency ratio, old (% of working-age population)","SP.POP.DPND.OL","10.0890868596882","10.0711427301023","10.1237842617153","10.1376447454665","10.1523932174286","10.2628811777077","10.4765817584224","10.2308917197452","9.52654782442016","8.89258643002403","8.61884368308351","8.71583290355854","8.89991728701406","9.00095754867539","8.93219017926734","8.72576177285319","8.53138330286411","8.52865567820959","8.72442839951865","9.04454777261137","9.32342007434944","9.24805531547105","8.94946991601267","8.70541611624835","8.61323155216285","8.61179361179361","8.65555161404754","8.77710911774725","8.94967177242888","9.12652196929592","9.20081967213115","9.08461157842652","8.8916539050536","8.68677494199536","8.52119026149684","8.37274478892976","8.14946318370107","7.86114950004065","7.59711779448622","7.43989112354453","7.3642266824085","7.368728547433","7.4878349916479","7.65840618452424","7.83257951037404","7.91469872620581","7.88322215049136","7.9255088783023","8.07661495885223","8.24438719175561","8.42654735272185","8.73286374308869","9.10561590016177","9.55047441281692","10.0163691636137","10.4220297995163","10.8917843489116","11.4852722868974","12.0955738347043","12.7299889919799","13.3659460312451","13.9938227607508","14.6572292031175","15.3631061756012","16.107544141252","",
"Papua New Guinea","PNG","Age dependency ratio, old (% of working-age population)","SP.POP.DPND.OL","2.00750158805601","2.01104415005177","2.00219213679489","1.98452772897085","1.96253950852278","1.94059357006944","1.92925810895976","1.93405633019505","1.94567767170853","1.95996175460327","1.97789246504645","1.99886733057766","2.00704698734461","2.00665332263006","2.01798884322788","2.04272149056123","2.08201516842181","2.13739150045135","2.21017420083171","2.3010158775158","2.41173125016651","2.54431613702675","2.69222358195899","2.84640978276134","3.00412946929847","3.16230341589362","3.31744036342206","3.46589683031463","3.60410259588346","3.73379619332986","3.8694960608086","3.98835249642807","4.07010002352436","4.13334656461015","4.18570323336374","4.22947611725564","4.26708173369743","4.30012706632327","4.32730666644993","4.35110645942765","4.37328213013351","4.40197508540922","4.4342684618818","4.4581079160175","4.47432822406428","4.48573756790857","4.49479656173158","4.50277134198294","4.51087989747947","4.5210638853524","4.53492295086995","4.55329162907744","4.57269383060295","4.59532341690476","4.62495925790754","4.66616922712943","4.71909846026772","4.77913080728686","4.84804243963001","4.9246419244037","5.00168074164937","5.07987787327472","5.18379933425608","5.32767440442954","5.49451455712355","",
"Poland","POL","Age dependency ratio, old (% of working-age population)","SP.POP.DPND.OL","9.47418836614841","9.82983032768265","10.1326206339974","10.4240070920683","10.7005658028861","11.0431814349696","11.4240615059304","11.7644649011011","12.099093825391","12.405083795146","12.6919991541096","12.9744589763616","13.3125819648204","13.6625644655651","14.002265922953","14.355522654202","14.6586579612391","14.9665417914123","15.233394739806","15.4335703395974","15.429384546147","15.2109443956354","14.9573491912877","14.6603152989456","14.4959517545885","14.4988895006682","14.5432788488307","14.6910970303347","14.9872249019046","15.2874099017503","15.567521890038","15.8153325958333","16.0123631780175","16.2471857648063","16.5227194968938","16.8339855070019","17.1355293324711","17.3789753411376","17.5582732221401","17.7306576784664","17.9234451023947","18.1189273100805","18.3236999244142","18.4954626815632","18.6660556055852","18.8308564489697","18.9514424024083","19.0006813334441","19.0104975823087","18.9970803928065","19.0184725049041","19.2761306932501","19.800140101332","20.480049431063","21.2535385709161","22.1184669870869","23.0781832293955","24.0987589135941","25.1409285880239","26.1990699797808","27.2085541895213","28.0825595179446","28.9675239566469","29.9360538766967","30.9656430387922","",
"Pre-demographic dividend","PRE","Age dependency ratio, old (% of working-age population)","SP.POP.DPND.OL","5.72836938845811","5.73689623379983","5.74728908459212","5.76197920059849","5.77732009342981","5.79010391701871","5.80084985782494","5.80876068335757","5.81611890674737","5.82613042002234","5.83878060189885","5.85494043014061","5.87494248149746","5.89515005479518","5.913862890137","5.93158148006444","5.94986905623613","5.96647984328834","5.97763153141694","5.98821674914233","6.00085425403069","6.01601630280714","6.02722011276422","6.03039835535265","6.03049187577066","6.02542959297262","6.01642367425028","6.0121690267191","5.99503498977404","5.96255675937388","5.92962226194331","5.89199179807225","5.84822169566219","5.8033341498443","5.74793189652957","5.6969141395284","5.66884825347269","5.64116349197214","5.60012843762377","5.56047928489985","5.5284141916809","5.49868572559582","5.47269336040028","5.44830611557887","5.42283491750689","5.39693695548767","5.37366914281915","5.35324547870333","5.33254466178512","5.31367305337804","5.30163084994362","5.29462504601924","5.29022748148081","5.28328466671057","5.27161108530137","5.26285752892893","5.2553406298459","5.25147367733071","5.26049218391068","5.27497784583577","5.2721562868947","5.25941320243537","5.2591601644885","5.26909716370689","5.28367223274232","",
"Puerto Rico (US)","PRI","Age dependency ratio, old (% of working-age population)","SP.POP.DPND.OL","9.4015072721174","9.64544918579357","9.88161032976571","10.1490611673911","10.4345154500669","10.7322022948471","11.0578293513847","11.4158709117277","11.7922252420069","12.170370842232","12.3826445325231","12.4009464389945","12.410096816666","12.4603475876474","12.5535183761539","12.694092195649","12.8739973426505","13.064584629668","13.2449642330944","13.4141865060974","13.4819163096377","13.4416383185131","13.4092231051167","13.4256271038238","13.495195470174","13.6112611328464","13.7473508414974","13.9088518883753","14.1163536853504","14.353721264102","14.6447091713521","15.0021163745599","15.3758480373119","15.7241031488087","16.0336483503804","16.3160476896978","16.5902921616429","16.8737960488771","17.1730132518073","17.4788115777719","17.8597221873229","18.3647744805273","18.963560553103","19.6405969077326","20.3707165184658","21.1382555516453","21.9522243380327","22.7995243456881","23.6365724872932","24.4278266395399","24.911951318844","25.1011329989336","25.3830915316697","25.9170324174706","26.7163792250843","27.7384880937556","28.938208610546","30.7385094949798","32.5453008423899","33.7489296483406","34.9922829612533","36.277126259887","37.3177180023835","38.0285655253317","38.8336924994924","",
"Korea, Dem. People's Rep.","PRK","Age dependency ratio, old (% of working-age population)","SP.POP.DPND.OL","5.53999859749787","5.60264150473827","5.65224966587506","5.70099138924278","5.75445490808027","5.80207668973608","5.8826221882249","5.99673759031203","6.0840891175937","6.13135422144889","6.14600295320972","6.14617261706729","6.11487192500182","6.0547957985557","6.01422337260133","5.99235557568351","5.97970942727027","5.97380716218214","5.9571527742433","5.93473502722824","5.91798397105293","5.91202160891072","5.91238178634862","5.92858716439274","5.9673154932669","6.01734531114633","6.0806932443017","6.15371820774608","6.24946007798826","6.37872782806491","6.53104951519722","6.70992254704819","6.91449721349619","7.1380247987388","7.39544847268379","7.65998207212024","7.91960081793314","8.21017714630883","8.54774109531255","8.94413349062709","9.38697682102958","9.86838509097717","10.3900549793478","10.9734470102945","11.5824786033175","12.1508832631702","12.6713540432027","13.1404997538938","13.5606386348967","13.9363118879322","14.2901916620628","14.6516497581495","15.0054531217286","15.3051601075325","15.5477128981283","15.8098563949353","15.8220512591756","15.5893232490059","15.5012433289897","15.6165332649649","15.878870687176","16.1965013256551","16.7087498773797","17.4350764391731","18.0616465972177","",
"Portugal","PRT","Age dependency ratio, old (% of working-age population)","SP.POP.DPND.OL","12.542185713626","12.719194519576","12.9290267797483","13.1164646212124","13.2307486312678","13.5928508228884","14.0286060651523","14.308433683189","14.6698032558147","15.0035252278342","15.4228433357278","15.7533585734309","15.9275000219789","16.1321583025813","16.2633696748248","16.5691657266325","16.9167833774928","17.1426290815096","17.3964639325344","17.6483698941955","17.9135316666764","18.122135105296","18.2701590746045","18.3390722824114","18.3887266208362","18.6045059161983","18.9473992601696","19.2926692609393","19.6472351201684","20.0495870739696","20.4530313731191","20.8400708464715","21.2161318937604","21.5597821322358","21.8986843874903","22.2488597269987","22.5919564051533","22.9396197051276","23.2841680177308","23.5711459152159","23.9039156065205","24.315980468326","24.6932839284318","25.0442863580919","25.4553394537765","25.8469007609046","26.1698358019507","26.4851310180275","26.8629223695725","27.3468111101968","27.9322121044555","28.5470527700779","29.1552947785469","29.9227629238709","30.7883442611588","31.5909819634228","32.4039593391788","33.2592921619942","34.082955832304","34.9418993381056","35.8351843124648","36.6418132752577","37.416030270883","38.2753795786848","39.1438698265553","",
"Paraguay","PRY","Age dependency ratio, old (% of working-age population)","SP.POP.DPND.OL","7.86716885815437","7.78869224830126","7.71910188542532","7.7461718008567","7.85040934084714","7.92631804527391","7.97743962088579","8.00418742018738","8.00923706038589","7.99384676154754","7.95947085568437","7.88758071867349","7.75887453481524","7.70714781191135","7.72531211192675","7.73599483218841","7.78704788150189","7.86197234777098","7.93311620948791","7.96550999527191","7.93354593435363","7.84988317928242","7.67871344497716","7.45300597101899","7.26197558619798","7.11150222859086","7.00062469534748","6.9258938631929","6.88311582876428","6.87014383003731","6.88781806136141","6.93494673215694","7.00347873131456","7.07770976742471","7.13732676762833","7.16702946424706","7.16183433140513","7.12628084633444","7.07432633915682","7.02665047093166","7.00223302155837","7.01467708142034","7.0656104571428","7.13985441511605","7.22095145436793","7.30997330071452","7.42168895098953","7.55831593909972","7.70585499637078","7.85165830758372","7.98185539950847","8.09692338716509","8.21449387369094","8.35052122246474","8.50407777679172","8.65394426714109","8.80208929455026","8.96159504911954","9.13632260006019","9.32701933835016","9.50315362377169","9.55008142993412","9.60928811850358","9.8215824634458","10.0773972870907","",
"West Bank and Gaza","PSE","Age dependency ratio, old (% of working-age population)","SP.POP.DPND.OL","","","","","","","","","","","","","","","","","","","","","","","","","","","","","","","4.26381604232427","4.26054222383239","4.25703153076472","4.25990679675496","4.27415794665214","4.29680271028968","4.32627132929857","4.36259201677472","4.41361953314435","4.47806904477086","4.54382383194653","4.62101114252234","4.71865668450836","4.8194814904374","4.9068112100545","4.97975480500136","5.03934573551843","5.08778506516462","5.13426882329761","5.18593934303974","5.24593097416435","5.31638871977635","5.39774961564061","5.47729838989513","5.56964711224466","5.6732480228244","5.77742703740944","5.8956204244263","6.02159302379231","6.15223930136959","6.25968872868935","6.33078249065309","6.42766821110134","6.5755610217901","6.60368488635724","",
"Pacific island small states","PSS","Age dependency ratio, old (% of working-age population)","SP.POP.DPND.OL","6.7439704165894","6.55331102713873","6.38518182380726","6.24079008306217","6.12278286002536","6.03854584275022","5.99273841914169","5.95586332796688","5.92756774400741","5.90467059306944","5.86334603438463","5.82540393146392","5.79856787048568","5.76678143002792","5.71860880910387","5.6685144613213","5.6172706227542","5.56319444444444","5.53122634086962","5.71658276670205","5.89683450604654","5.87974499892276","5.87017479175864","5.87060877541588","5.87690793167008","5.89032498965288","5.92522354047681","5.94078479358837","5.93052565302548","5.9318902288387","5.9284973258159","5.91664553352251","5.92766143518956","5.96534533662456","6.00008371369156","6.0116923870524","6.00467720582366","6.00823540830155","6.02501367083444","6.04925426695617","6.08519697498781","6.13337859038095","6.18523924330082","6.23799685910321","6.30131751818791","6.36698379672095","6.43444841811485","6.50705087105185","6.57974593008848","6.65020838038145","6.73285390507841","6.83980585983993","6.94829988930034","7.06201249211365","7.19052030134359","7.3125711393688","7.43817094375127","7.59107697900215","7.76367411981282","7.92267791084643","8.03872171032486","8.10905620405562","8.18942852252254","8.30374052312243","8.43036940215586","",
"Post-demographic dividend","PST","Age dependency ratio, old (% of working-age population)","SP.POP.DPND.OL","13.8516826734844","14.0620647170606","14.2123714760215","14.3342330003971","14.4813020900771","14.7079183371973","14.9456417596102","15.17670687213","15.3971806024336","15.5795616376829","15.7801206378057","15.9664677199484","16.1651456339283","16.3619060818149","16.5596826334784","16.7649212327003","16.9624411568891","17.1747102733564","17.3931204274868","17.5766113342729","17.6629765370654","17.6201992757935","17.5212351520572","17.4159585435169","17.4024412272682","17.5523700386134","17.7830629704867","18.0331989883763","18.3027974340226","18.5685769938678","18.8309939270923","19.1003246281663","19.3734084732982","19.6421510535201","19.9539122306149","20.2115694803713","20.4028617967122","20.6235545994137","20.8192097561653","21.0025092908376","21.2182726544914","21.4754620091938","21.7451867120799","22.0044059207151","22.2874944284958","22.6063045346552","22.9391993374392","23.2705044103174","23.5903587526997","23.9180194334633","24.2057033453691","24.6029064233489","25.2418021134907","25.9314233357751","26.6000964704301","27.2304571181081","27.8110189104213","28.3964645251589","28.977480859296","29.5649073974621","30.1770721082238","30.8012877781408","31.4367192872311","32.1359762895249","32.8719880815925","",
"French Polynesia","PYF","Age dependency ratio, old (% of working-age population)","SP.POP.DPND.OL","4.8457853977349","4.84978256550628","4.8381482770623","4.83298250090366","4.8296216796351","4.819421909741","4.80076159390725","4.78117647058824","4.75652838984594","4.71942142216122","4.67996194876673","4.6818100168199","4.72786987801063","4.76896799712334","4.80022995113538","4.83225182935248","4.85926712692512","4.91723715132318","5.00583502241877","5.07645982169215","5.11156738851769","5.11169928874075","5.07721422372782","5.02912816392125","5.00828255625842","5.00487548754876","5.00136276914691","5.00934348776532","5.04126070078922","5.11033681765389","5.20994953371768","5.32989245937265","5.44639644572376","5.54300115670699","5.62586743688811","5.72876873347047","5.86264415748756","6.02352081606272","6.21172113439182","6.41891665718245","6.61885727721608","6.79141694319361","6.97326056959586","7.19728477665588","7.4478000938025","7.72722781197505","8.02290141567209","8.30721178604214","8.58975422299632","8.87438646521703","9.1540245907888","9.42897026360213","9.70618589950332","10.0098685087883","10.3457581915164","10.6730097719528","10.9961534051225","11.434007060397","12.0154718073884","12.6459636311052","13.2491121728956","13.891074799282","14.6341713699333","15.4230586261401","16.276151908031","",
"Qatar","QAT","Age dependency ratio, old (% of working-age population)","SP.POP.DPND.OL","6.47401908801697","6.06427010184625","5.60324272770625","5.19829787234042","4.86107031663044","4.58985373836555","4.36337625178827","4.17629322160003","4.02004857128094","3.89705433920839","3.74287480255477","3.52892696145153","3.30417113506801","3.08061693728889","2.86290322580645","2.65895858144766","2.475562713007","2.30950028953912","2.15427899188955","2.01044655000972","1.88036351936537","1.7634473878752","1.6587407092704","1.55992412337231","1.46531510116597","1.37871492359067","1.3535260333986","1.38847474751018","1.42836805390784","1.4664406912753","1.50773126703105","1.55197327106337","1.59326756821241","1.62634519661169","1.65049374098119","1.66790145580302","1.67769124771961","1.67979067719894","1.67840282599882","1.67119829730268","1.65235300175059","1.62178988326848","1.58190798752911","1.53488755078479","1.5082236065087","1.51813169629746","1.44833252993791","1.30332952840617","1.17577436685721","1.05270233540932","1.01172351399255","1.09399419513284","1.21928841280827","1.28724244159946","1.25601702909944","1.23629937131282","1.27473901889581","1.31841859894322","1.34779205546161","1.39086324092541","1.49682254739773","1.56804512144536","1.66876130835654","1.88799451620225","2.01291591625039","",
"Romania","ROU","Age dependency ratio, old (% of working-age population)","SP.POP.DPND.OL","10.5805120213948","10.7336590534485","10.9355441452362","11.1847996056432","11.4440921596681","11.7059127274924","11.9927661596232","12.3044081743415","12.6116370293681","12.8861748743307","13.1215328142311","13.3537599144301","13.6476687177975","13.9928611813239","14.3845897543295","14.8422447961592","15.3335087753647","15.8794097885619","16.3839158383949","16.7744080639043","16.9487451349459","16.8295590124751","16.2978597318907","15.4322092141272","14.9764526961953","14.9682336356383","15.0702834649776","15.2929764689502","15.5235012027183","15.763523610775","16.031229981126","16.2807695731401","16.5701042492919","16.9618393777018","17.3794317322972","17.8166560906721","18.2365460562765","18.6621474652189","19.1110475346192","19.5030660948231","19.8675749228666","20.2607426854057","20.6602288414936","21.0161817430256","21.3308091399533","21.5880421322676","21.8350171418928","22.0960444958063","22.3784450357119","22.764391368415","23.1535180799505","23.5537943107635","23.9255167815738","24.2588844034034","24.8627380876515","25.6349843458792","26.3420727799048","27.0317158917051","27.7348779608619","28.467890724979","29.3083739639873","29.929474837171","30.2708024320144","30.6866845753108","31.0730853265226","",
"Russian Federation","RUS","Age dependency ratio, old (% of working-age population)","SP.POP.DPND.OL","9.42417858753063","9.69211191098234","9.8275886594155","9.9742146805708","10.1344860124599","10.3374658062598","10.5746959864349","10.7873073288337","11.078456146885","11.3767421376248","11.5934329432064","11.8435793718308","12.1550899023535","12.4473360030682","12.7710538395545","13.1194085615134","13.4763614675201","13.8850519310869","14.298185883312","14.6713607443127","14.9333156108989","14.851574942553","14.5703563936208","14.433460425102","14.3523287618383","14.1750372971227","14.0240243252143","13.9869032855193","14.0927461739605","14.4177001760927","14.8872819725241","15.4598635490606","16.1798004960409","16.8726031548589","17.3679589785478","17.7509671219069","18.0490285989019","18.2201511462454","18.144813319069","17.855993705426","17.7011663821611","17.7808863394964","18.0656261454416","18.5022674892812","18.9742376218001","19.340856347347","19.5394328254627","19.4146321837362","18.8551769002669","18.1558805568212","17.6084478982429","17.4878184701999","17.7616072694634","18.138311940611","18.7153489396303","19.4430763772796","20.125713373153","20.8502734816605","21.5838728775538","22.3832159682268","23.1413427909336","23.6428493476847","24.2704034540444","25.2042318995154","26.2074750879828","",
"Rwanda","RWA","Age dependency ratio, old (% of working-age population)","SP.POP.DPND.OL","6.475658096463","6.54415427553687","6.61491622477166","6.67426715495385","6.68500038366847","6.62223915660067","6.50315366467318","6.35033228923444","6.18483833038732","6.02644387621555","5.88095919706795","5.74956810233588","5.63111378067616","5.52931203777596","5.43559357670139","5.33648236763519","5.2403285542025","5.15494477503876","5.07797275129669","5.00195495318521","4.92739928167105","4.85208725126404","4.7714362544194","4.69482930992896","4.63924989387811","4.61043454792034","4.60211957090398","4.6098444531755","4.63007015515896","4.65617432654636","4.69176456710045","4.72650434667917","4.73206921911741","4.708047913843","4.46349727486716","4.02770580503682","3.92541100336011","3.82838001806942","3.84873135592341","3.99885279715048","4.16978073708834","4.37126233091689","4.56982794190553","4.67786250282928","4.72525890171471","4.78023316187523","4.83319116690128","4.88344791020284","4.9285844246111","4.96272198602711","4.98681773844697","5.01168989620334","5.05255146443459","5.10889136425652","5.18737519904962","5.29806047873026","5.43059032258402","5.57786876959881","5.73323855565952","5.89157422068653","6.05864207330886","6.24312380610605","6.40284499187885","6.53902554457242","6.68687101105469","",
"South Asia","SAS","Age dependency ratio, old (% of working-age population)","SP.POP.DPND.OL","5.84259783757136","5.92800578191842","6.04441114762095","6.17566150687629","6.28601402858244","6.36016812354679","6.40984413388022","6.43810776936042","6.46485059687019","6.50750337429399","6.54987681949778","6.5880942494275","6.64119581700591","6.70883872040065","6.76967583953008","6.81899246894086","6.86208469020678","6.89558209001303","6.92454313045866","6.94837264725591","6.9671799060779","6.98544121563095","6.99912910450541","7.00775967172021","7.01283175652159","7.01540990706297","7.01511211725618","7.01277050423295","7.00949325189195","7.0067517642698","7.00744425596534","7.01170566041945","7.01907884853068","7.03161242653638","7.04966017399245","7.06944339656205","7.09006135940744","7.11438302727102","7.1427318604764","7.1747701738141","7.21053752134016","7.25183879696254","7.30309137106565","7.35929736367794","7.40773862378401","7.4505519803775","7.49175252286834","7.53488852742856","7.58622663001628","7.64456233336811","7.71202667757666","7.7947938972698","7.89175523504511","7.99542139373716","8.14625466230734","8.34893745375456","8.56825341295823","8.80416208236589","9.06010919858428","9.32958519161112","9.57567797060968","9.72949724898107","9.92295983469479","10.2161303197361","10.5085890507314","",
"Saudi Arabia","SAU","Age dependency ratio, old (% of working-age population)","SP.POP.DPND.OL","6.13508024187965","6.10368721443328","6.06764906649888","6.0327392216547","5.99072624107706","5.93604011708249","5.87558626497528","5.80560899653555","5.72235921516807","5.62624647923664","5.51701753212755","5.38681832430626","5.23435193186361","5.07066425519763","4.90551710270087","4.74893590077905","4.60102613604831","4.45807207841404","4.32329845574603","4.2002310534532","4.09004869992013","3.98644368226427","3.88735801008864","3.80067831428765","3.73272862419435","3.6842963913716","3.64214667437919","3.60271713818719","3.58197604290732","3.5745261724407","3.57030790384531","3.57111945797199","3.57682777134161","3.5880170864791","3.60281942088098","3.62039268669878","3.64210528178185","3.66869355320945","3.7001934378207","3.73606703896158","3.74619588112881","3.72285747074235","3.68856997431791","3.64823005034127","3.60593607614205","3.56591657052223","3.53183276701042","3.50469588492812","3.48170058761576","3.45724466877924","3.42487750628865","3.37921953703596","3.31731776126942","3.23950435605515","3.15282799223454","3.06466881460996","3.03777393943045","3.14281679377222","3.30857818632274","3.4126633949533","3.50424445048","3.62806576251194","3.71973104337477","3.85794559170086","4.02952380443965","",
"Sudan","SDN","Age dependency ratio, old (% of working-age population)","SP.POP.DPND.OL","5.7288841544582","5.67812782943496","5.62188982965281","5.56550800644334","5.51370371173106","5.46181901140377","5.40987015748721","5.36174465192458","5.31823094504115","5.28109333821882","5.24950431337782","5.22473753552971","5.20600834803182","5.16949173525072","5.13122684615786","5.09712711218944","5.06369060051335","5.03442041860276","4.97472364943156","4.91094045098013","4.85566190401261","4.81744853398292","4.79709098109157","4.78405959170018","4.84366075958253","4.96148676136789","5.09132448158413","5.22856625062665","5.36134399009129","5.49029418149402","5.61243868757351","5.72536635824271","5.82556969979471","5.89246018824639","5.91747791109679","5.91505200375885","5.91292900849159","5.89144506003888","5.83385647828678","5.76537262484443","5.68715069218931","5.60395893401599","5.51969472389542","5.44098357512258","5.34777229914515","5.23922340555132","5.14783431160005","5.07598389203894","5.00082742499728","4.93114874541032","4.89890126439199","4.89954207800398","4.91348123624087","4.93444803325131","4.94818913434734","4.97152244057333","5.02399407146065","5.08130950788905","5.15599762854234","5.2668601968206","5.37982188576688","5.4756673813415","5.58405858352234","5.72091897777263","5.87211986107548","",
"Senegal","SEN","Age dependency ratio, old (% of working-age population)","SP.POP.DPND.OL","5.32801140123634","5.27974120661427","5.23680164264989","5.20229111170469","5.1736925441393","5.14660160964116","5.12096078978627","5.09853575252749","5.07906900906058","5.06272526005915","5.05096781100143","5.04431449651951","5.04255141712302","5.04696076532427","5.05932398148857","5.08332991226424","5.12175101224383","5.17657817471322","5.24329796376812","5.31353880247876","5.38367731943208","5.45127571091379","5.51579720627531","5.57877437055167","5.64055242746116","5.6986766378123","5.75175043952419","5.80118243075961","5.84853291038858","5.89413351279086","5.9361484214488","5.97315426224965","6.00621708693045","6.03500921387005","6.06024059176114","6.08290752732922","6.10147841303021","6.11497028231798","6.12214415975601","6.12153557719665","6.112636593096","6.10060534000118","6.1551792883734","6.25120770754372","6.32078595833939","6.37965167896051","6.43186828254872","6.48347449713064","6.53488626843519","6.58660337552743","6.63733789826883","6.6703116692647","6.6874683687021","6.66017483167599","6.58559690565343","6.51171931936024","6.44687455981093","6.39026943890159","6.34384561837253","6.3104875100114","6.28317387945359","6.24946163210102","6.22140673992819","6.21389258861275","6.21602360593819","",
"Singapore","SGP","Age dependency ratio, old (% of working-age population)","SP.POP.DPND.OL","4.44808521232522","4.59818883187228","4.73530761372097","4.86914507274268","5.00673059548004","5.14374582989913","5.27686827754697","5.40835864677192","5.5377692789602","5.6639108233855","5.77920334600331","5.87730460536438","5.97470434603985","6.08325345177635","6.20116088917642","6.33093014565948","6.47157155650697","6.6135315716371","6.73629272747071","6.82949874863626","6.85591697483461","6.79300284972224","6.76370765660759","6.83808239312528","6.97815208752437","7.17860001049399","7.39006642178419","7.54502670783813","7.6386289814321","7.67757424203271","7.67067383014008","7.67314471299673","7.7385526757415","7.83235456862991","7.90289653151272","7.91509690553965","7.8736430008961","7.84388364297395","7.92132801586259","8.13459286723652","8.33750650816551","8.46096654275093","8.58060902049719","8.76140266246955","9.03727967814016","9.30311181121084","9.42142967410306","9.33120227695091","9.22102220186798","9.26633403403088","9.34331513458927","9.49870238581252","9.87114756831128","10.3712948444538","10.9183948979354","11.4891426032608","12.107956919257","12.8383872844393","13.5821491189877","14.2882283779185","15.1952679757198","16.2203521552397","16.8529336310715","17.4332629423088","18.2917992019483","",
"Solomon Islands","SLB","Age dependency ratio, old (% of working-age population)","SP.POP.DPND.OL","5.70647964285211","5.67615438480867","5.68646099851308","5.74353476453207","5.85674157303371","6.02203243594713","6.2125675012273","6.41885787933174","6.63900905373141","6.86664424938836","6.9432770723064","6.87447907984664","6.8335073523014","6.83519502507693","6.86238723470824","6.90871178436724","6.88144637808132","6.76690281841984","6.6762103071317","6.62228482733251","6.59638371720634","6.59271871400671","6.60268065455599","6.62443200322576","6.65804735142891","6.69739305775601","6.7314360211922","6.68285296923046","6.57102748024076","6.47895479268946","6.40546416364056","6.35356122268551","6.3241084981411","6.30889871677117","6.30520646319569","6.30950491907331","6.31390151733134","6.32058051165941","6.32852844761777","6.33242284004315","6.31716851558373","6.28681104145901","6.2576598369384","6.23052348171464","6.21236254773648","6.20633673933386","6.21465804645337","6.2342300657186","6.2586975661015","6.2753621673964","6.25088714201707","6.200890943803","6.16853851983769","6.15892095297445","6.17691931258816","6.22347401214039","6.29575636332681","6.38786247274737","6.49002056219757","6.50286396181384","6.39820821390027","6.27402958734389","6.18919609457403","6.14549044030113","6.12688272822941","",
"Sierra Leone","SLE","Age dependency ratio, old (% of working-age population)","SP.POP.DPND.OL","6.5907358639544","6.68494288805789","6.77456903719306","6.86833443582789","6.97207707828254","7.06828121805207","7.15298864147548","7.23346259804037","7.30883543140879","7.37708342598994","7.43715055976839","7.48985099082074","7.53513121046872","7.57328902295489","7.60504304204224","7.63085246669378","7.65068111986824","7.66468782474707","7.67318419352945","7.67599611788967","7.67423516051599","7.66837821750232","7.65740413710429","7.64182977429701","7.62229729020887","7.59814968324555","7.56905147622098","7.53601125400669","7.49922769838841","7.45706311271396","7.40969626084398","7.35641127903505","7.29614297203368","7.23458120827735","7.16635707465657","7.09167323541895","7.01792897285232","6.94757786900212","6.8726776648458","6.79830038093697","6.72610214986781","6.65697022130091","6.59354522038501","6.53010869880223","6.46495903787898","6.39854634973107","6.33592136192036","6.27761591922994","6.22444569545824","6.17946623186418","6.13731280174921","6.08764797631738","6.03397954549635","5.95178343732187","5.83249142155362","5.73372108130335","5.66670189115433","5.60887503633948","5.56278462245332","5.53294385206651","5.50579991045535","5.48645928969311","5.48914066189237","5.50394168989037","5.52713321555906","",
"El Salvador","SLV","Age dependency ratio, old (% of working-age population)","SP.POP.DPND.OL","6.40430424784137","6.32430374668946","6.30813986378874","6.35562786362375","6.40315092294156","6.44802200629317","6.49910006059894","6.55462115673176","6.6024241338853","6.6310738625382","6.51459238569871","6.28488165319263","6.07988535297531","5.89126451069832","5.71313830761973","5.5460092131151","5.4140244699798","5.30963630660378","5.21871260744824","5.13323888266266","5.05473838188003","4.99116008743626","4.92897476583471","4.86658084700232","4.81390733786543","4.78758764986566","4.79456150393595","4.8137636085019","4.85759955067473","4.94755590064227","5.05302468117395","5.1687088642473","5.29167187977644","5.49207583539825","5.78320550306507","6.09629017186636","6.43497961114958","6.79943281095313","7.18554920972241","7.59063427618772","8.01596044499953","8.45935199917074","8.91634144160845","9.38994529943986","9.8845878272271","10.402874270986","10.9427062112563","11.1714278194087","11.0843493392564","11.010118005676","10.9650890891806","10.9518437726895","10.9586806074862","10.9828293136728","11.0250237921962","11.0913488651004","11.188230559424","11.3126325623862","11.4572635979461","11.6080791802522","11.6890257499698","11.7183731316379","11.8182246859614","11.9784450161159","12.1539029212667","",
"San Marino","SMR","Age dependency ratio, old (% of working-age population)","SP.POP.DPND.OL","15.5528918189991","15.3134735202492","15","14.6415441176471","14.2908085940982","14.0369209334727","14.000172309813","13.9953691793157","14.0099094481462","14.0462821167262","14.0569395017794","14.0835635937369","14.2563849880923","14.4317352153809","14.653849260845","14.9508619300789","15.1772141771342","15.6361429330096","16.0952517572802","16.2931216187733","16.336361134049","16.1874621237627","16.1356425171867","16.3506028022157","16.7409129059332","17.2890910255589","17.8285714285714","18.3779338267856","18.7496084695859","19.0048035472349","19.3681401976836","19.8314002152338","20.2286253019857","20.4641717435451","20.7160832761382","21.1133740665309","21.4645898700134","21.720334755861","21.9851933095695","22.1541298335051","22.3241590214067","22.5587078950165","22.8267733108819","23.1426932902351","23.4221321603321","23.6997896178874","23.9947616045011","24.3329725659969","24.732383877874","25.0972153935547","25.4477412456562","25.8254018853318","26.3148527186972","26.8421766861175","27.3219778706212","27.7640828996622","28.1475432149177","28.502994011976","28.9711505039972","29.4764171354392","29.9288025889968","30.7242425574953","31.8865974749517","33.042304230423","34.3003874222903","",
"Somalia, Fed. Rep.","SOM","Age dependency ratio, old (% of working-age population)","SP.POP.DPND.OL","6.03204855294762","6.13224185205371","6.21875369426193","6.29448759302975","6.357163619637","6.39560336978876","6.41689735502235","6.43471998928189","6.44917726321823","6.46033439681283","6.46840163972312","6.47353469198444","6.47553593443944","6.47490258453446","6.46237317142553","6.43944055717903","6.41698987051418","6.40483440351974","6.40158023073786","6.39597267018231","6.38751865956122","6.37557088655703","6.36000490672553","6.34203055986369","6.32152068877829","6.29751044536747","6.26985110842939","6.24056519888418","6.19897097650583","6.15728754976657","6.12655961347969","5.94236771311491","5.60647435971461","5.44034270616653","5.41948630434966","5.39118072385988","5.35688739853137","5.3131358691401","5.26828599008719","5.23072824994932","5.19955569130901","5.17791309570963","5.16830366406814","5.16281963152543","5.15244370263422","5.14150381457496","5.1351876958017","5.11564902545404","5.07090176777826","5.01830836317246","4.96325541291947","4.83398951478153","4.72257733934706","4.71362631951305","4.73148634818461","4.78599526802156","4.85944487845433","4.91158029327898","4.95299949387042","5.00112878032993","5.03117338987899","5.02271548475653","5.01970202899837","5.05266503910453","5.10001775447783","",
"Serbia","SRB","Age dependency ratio, old (% of working-age population)","SP.POP.DPND.OL","9.89661929322732","10.078914059439","10.2584673824914","10.4744719116989","10.7668031067785","11.1231111156613","11.5093068079489","11.8862725103693","12.2142170574062","12.5016127031258","12.7721439630048","13.0527177159434","13.3586596418688","13.6839277058154","14.0404371752105","14.4313385380645","14.8204245436366","15.1405379747516","15.3262478885352","15.3349635912076","15.1194800200629","14.7082009061622","14.2223793979433","13.816547121142","13.6620884853342","13.8036754452379","14.1468352162423","14.5983178118336","15.1108326669609","15.6666686103211","16.2678446275485","16.9375456711283","17.6760386600684","18.4530601595356","19.2549765962086","20.0753791994103","20.9019318300301","21.7124120479372","22.4832263223895","23.1849816616264","23.7937291944575","24.3107576926692","24.7752314482695","25.1828721241076","25.4838772486201","25.6806069685709","25.7797215673837","25.7864354398354","25.7072627705974","25.5976114222703","25.4917745492913","25.4904620952166","25.8288967747448","26.4969613080433","27.3297827317739","28.2800987520075","29.2471251063677","30.2560990868634","31.3988125615005","32.5658710453221","33.6161859843146","34.3061691056933","34.7309461391858","35.2833271368328","36.007897489754","",
"Sub-Saharan Africa (excluding high income)","SSA","Age dependency ratio, old (% of working-age population)","SP.POP.DPND.OL","5.86637547598751","5.86985546896473","5.88443606269723","5.90191775601656","5.9177701390087","5.92834840097815","5.93532484763043","5.93887658759408","5.94156009076845","5.94575147626761","5.94835448319501","5.94659898928585","5.94619477948145","5.94986607091381","5.95500846330572","5.96193580985805","5.97066799838168","5.98423903301954","6.00226740975855","6.02246206218104","6.0283015547881","6.0253031950597","6.03077082249499","6.04014656348479","6.05083690140917","6.05579972594538","6.05354267512204","6.05427138538877","6.04368224414164","6.01732807729103","5.9893445550729","5.96173072052067","5.94126967661156","5.91151385144013","5.88243792385385","5.869293143495","5.86839352838824","5.86255978607862","5.8350170733901","5.80606207629146","5.78154370433591","5.7581623439166","5.73780994512355","5.71814959429971","5.69751561952573","5.67759742838037","5.65824163080755","5.63914776873789","5.6183604639598","5.59636901362184","5.57857926726089","5.56567707751989","5.55931623166013","5.55494853988359","5.54894673968172","5.54758158307519","5.55300737073495","5.5641070396644","5.58490356093541","5.61264180246271","5.62684929570961","5.62854195969708","5.6417118542579","5.66854941006168","5.70011062665653","",
"South Sudan","SSD","Age dependency ratio, old (% of working-age population)","SP.POP.DPND.OL","5.34243748710349","5.24884342978857","5.15778589412411","5.0498200717801","4.9605893792864","4.88792538792829","4.77435269064068","4.64943324468342","4.54073482428115","4.43823753457976","4.34109364689903","4.28955224853852","4.27903919553807","4.29522488710592","4.33627298344559","4.37920349132648","4.4237249203349","4.47072867398598","4.51868131459312","4.56420077697816","4.60769421180007","4.65020387793041","4.69111496280442","4.72773601220795","4.75940312774904","4.79147903583265","4.82437416959656","4.84613200862955","4.62482675586786","4.41997687141251","4.4668056835265","4.50942725741743","4.54419071194355","4.57166512159428","4.61352745252057","4.66114169308584","4.70213049286917","4.73583811403642","4.6915165327278","4.64799063067096","4.67199976574595","4.70146878060594","4.74124049062204","4.77807605573323","4.78268373379385","4.76080559475598","4.73409676753493","4.70582091014216","4.68230660993243","4.67001516084114","4.64279247201964","4.61350112642135","4.61227396977702","4.62124577967226","4.65402612187857","4.66116369588797","4.68816692132107","4.81314779181424","4.87624800422756","4.88071083048781","4.90874513187579","4.9667226158601","5.03601654904999","5.08838772656068","5.14999362931369","",
"Sub-Saharan Africa","SSF","Age dependency ratio, old (% of working-age population)","SP.POP.DPND.OL","5.79737624167964","5.795684835807","5.80349388575871","5.81478998337654","5.82726316589807","5.83843586958186","5.84842237496001","5.85728122302247","5.86731852219839","5.8783337556249","5.88701909137527","5.89140549682262","5.89598029073307","5.90264301762407","5.90866817545013","5.91501548865693","5.92396063349346","5.93803470517129","5.95559004269719","5.97505345596847","5.98190557704358","5.97967699773923","5.98396409186689","5.98861179757905","5.99139796171665","5.99071247559923","5.98557064046345","5.98651549498233","5.97990316027","5.9580446576983","5.93335180142018","5.90983458946384","5.89222359205833","5.86427425873819","5.836723681827","5.82038421616384","5.81416642881785","5.80731397236323","5.78283339011979","5.75604640118362","5.73402446841404","5.71377488986999","5.69502249008481","5.676693538002","5.65779778308994","5.64005501608705","5.6229336281143","5.60558503937879","5.58699674328627","5.5682532185801","5.55403782205444","5.54476201133839","5.54183932606366","5.54018772961433","5.53630000524755","5.5344547478644","5.53724987096167","5.5464369340399","5.56579882091626","5.59261484324339","5.60720589144367","5.60961624249559","5.62388792493291","5.65353598214141","5.69000024241636","",
"Small states","SST","Age dependency ratio, old (% of working-age population)","SP.POP.DPND.OL","9.01115992222715","9.07735563779872","9.14051054092349","9.20995442461739","9.29428228517022","9.38714179473162","9.4759144815922","9.55900176648953","9.64666286766849","9.72128446336677","9.76551790827593","9.80156364155491","9.84882135094574","9.86980650565874","9.87647252615685","9.88974955511918","9.88842349345304","9.87767425144721","9.85380241057999","9.83866340429258","9.8054002644427","9.71987574254728","9.62308421811769","9.54340724033551","9.47645228024376","9.41920077527082","9.39787840665701","9.40046273259178","9.40733911728453","9.43230698420743","9.46352878017036","9.5055922207153","9.58375422548306","9.66774934933738","9.74652006048502","9.82010847424851","9.86388353633242","9.89819498598394","9.9244487119584","10.0033842791808","10.0985767005397","10.1519524455743","10.2173896103601","10.3065564844735","10.4078800207631","10.5177244692756","10.6171955744171","10.7067579460882","10.7898264061177","10.9077749727451","11.0487766855544","11.2057078939652","11.4033558309316","11.6269577169052","11.8770734352266","12.1461361818112","12.422521377559","12.6922587634038","12.9179968788019","13.166529715634","13.437951310573","13.6515437303656","13.899641705438","14.225040723002","14.5624017535591","",
"Sao Tome and Principe","STP","Age dependency ratio, old (% of working-age population)","SP.POP.DPND.OL","5.70786829064975","5.99243900720877","6.45067698259188","6.90091251735767","7.33368786244271","7.75631117980423","8.15501043841336","8.51472639696786","8.86638284369463","9.20307122054541","9.3180212938499","9.27590256855436","9.28140728559326","9.28263883821061","9.26286310992975","9.21283877532143","9.13466945587871","9.01485364788117","8.88262472976983","8.78084926826256","8.76177118813865","8.84716925784688","8.87969507173093","8.81839184087451","8.7552606913789","8.69925434962718","8.63702237460677","8.55523491904408","8.46829235410101","8.37386617589063","8.28310355883296","8.26373626373626","8.30466906263979","8.34115900760353","8.35686892410144","8.34961364630413","8.32273461280135","8.27758027041402","8.19887686618272","8.10166266964992","8.00026217473946","7.87535701020761","7.74138876426898","7.63223845902394","7.54290291044864","7.44707690190592","7.3403720462544","7.22496431645583","7.09204019779869","6.95040026580557","6.80820431710111","6.66673267718874","6.57455885204576","6.54224286434887","6.53428726206265","6.55278223036409","6.60144504779428","6.67721379916502","6.76914871653706","6.86217600888373","6.83004237080177","6.74421924065087","6.70851948852257","6.68443592584828","6.69289617486339","",
"Suriname","SUR","Age dependency ratio, old (% of working-age population)","SP.POP.DPND.OL","9.90125032853978","10.631977875653","11.0381695712606","11.050379074268","10.9058149500294","10.575797819884","10.2139075094917","9.86241529299756","9.51964644241726","9.19304046148563","8.89821251519446","8.64828238938244","8.47189273360017","8.36839692848057","8.30983334521058","8.27480500360497","8.24368457641275","8.21285070749914","8.18466492808598","8.16501299314907","7.83763133689892","7.25300319290593","6.75758612127487","6.34663525254013","6.01630790775416","5.76172869572918","5.57533342595165","5.44171483005053","5.34987376230345","5.29191808299009","5.25294208796496","5.22711921989573","5.21437685067045","5.21867855190548","5.24014183723544","5.38596300832545","5.66946040116772","5.99810501439531","6.36452740134663","6.76190213417578","7.18528530845109","7.62489789250123","8.07550876566322","8.56592907792568","8.82083014883501","8.8390465297603","8.89843087044261","8.9724787494704","9.03766033142964","9.09642154866988","9.15721185610462","9.21113565368218","9.2464361830048","9.26855152521157","9.30913395992425","9.39786364235791","9.54581246735292","9.75302787568087","9.99503905478807","10.2494777558996","10.5519528589618","10.8070367314256","11.0796347235046","11.4727023359017","11.8853654545325","",
"Slovak Republic","SVK","Age dependency ratio, old (% of working-age population)","SP.POP.DPND.OL","11.169296992808","11.516896793649","11.8302992583372","12.1216930413389","12.485997657517","12.8996734936183","13.2703984395993","13.6130545554568","13.9335860100869","14.2035610860301","14.4296059794286","14.5983992832097","14.8049548598108","15.0921320450604","15.4311595095989","15.7349441118377","15.954910512111","16.1733229667339","16.3838119053667","16.574662384843","16.4915244902571","16.0211329336158","15.4192678741199","14.7869112084649","14.5347253910267","14.6601699233445","14.8872513246199","15.2211449978117","15.5453590695075","15.7812109624868","15.9093948174697","16.0027227783975","16.0800265648348","16.1488984068493","16.225271806756","16.3083713123883","16.3964188960497","16.4800028673677","16.502331378219","16.4698332654317","16.4233821122026","16.3679093634258","16.3296191668707","16.3177052849776","16.346278545231","16.4233521460878","16.5297265367288","16.6549337194046","16.8013664163855","17.0209132184257","17.2668950514766","17.5481751439558","18.0041465085949","18.613203960189","19.29501600109","20.0641245028756","20.9669052942893","21.9479063549341","22.9301574444198","23.9293582031718","24.8794866434145","25.6541011925274","26.4374938711877","27.3323647496168","28.2146320923541","",
"Slovenia","SVN","Age dependency ratio, old (% of working-age population)","SP.POP.DPND.OL","11.6572180407484","11.8295880889761","12.0296566281395","12.2506202743545","12.525132946239","12.9094839789437","13.3488248220141","13.7313578391889","13.9987005847369","14.2130192069979","14.459756306095","14.7751710230088","15.133929149387","15.5037164329104","15.897466580054","16.2687799856527","16.5557917838283","16.8051441011424","17.0338190420625","17.1945433889969","17.0838929100201","16.667116337164","16.1373341227004","15.5347327229976","15.0947311467649","14.9583592198595","14.8337798918375","14.8102335745356","15.0440588899346","15.3343619854695","15.6141575448885","15.9139913228948","16.2694250843243","16.6866864395209","17.0990398473499","17.5866041282857","18.119027617727","18.5982196497066","19.0881060101874","19.4834437563273","19.8266222446499","20.2303030216368","20.6190971375263","20.9679175398585","21.3495547704486","21.7763220024753","22.1887020832093","22.5844662921943","23.0516549507024","23.4238730285655","23.5530337140212","23.8279496348711","24.4089380105718","25.112645436669","25.9002987215747","26.8299194848415","27.8081518165259","28.7957228193309","29.7341419284877","30.5218124955827","31.0801299523772","31.7216916860738","32.6154688083538","33.4688828118526","34.2802904149737","",
"Sweden","SWE","Age dependency ratio, old (% of working-age population)","SP.POP.DPND.OL","17.8505429818329","18.0678630459309","18.2913268533951","18.5382349810437","18.8047080535595","19.0805279156338","19.4071981424598","19.8119212974113","20.2113435245059","20.5369763556926","20.875210489372","21.3215869863338","21.8614202121595","22.4384425302219","23.0179655474946","23.5396839521722","23.9827034412636","24.4106293706294","24.8237344627243","25.1599096475145","25.405969235539","25.6053856335131","25.8268674133842","26.060617210034","26.2842320461601","26.6795438725602","27.1562855325792","27.4443837410972","27.5807388754853","27.6361561128722","27.6561684116705","27.6619500747735","27.6478095425352","27.591652523688","27.4878724953056","27.4153441068761","27.3792518283507","27.3197418396748","27.2044427474685","27.0291249142647","26.8475311972297","26.6863289164713","26.5412299506534","26.4427480233419","26.442314262132","26.4522212617259","26.4367796779893","26.5513268122714","26.8884679255461","27.415109016476","28.0678481775443","28.8039533939967","29.54390167558","30.2305596879473","30.8305807153804","31.2879485730226","31.5367498330485","31.6718061292206","31.8428077110083","32.0375957516213","32.2486474551443","32.4952203120634","32.7201622048024","33.0094345926113","33.318802678057","",
"Eswatini","SWZ","Age dependency ratio, old (% of working-age population)","SP.POP.DPND.OL","5.78188718859773","5.8318728127641","5.87677883623837","5.91477901006142","5.92716402558581","5.91264602910408","5.89237886535184","5.88139571580733","5.88308636647005","5.89640802116827","5.91827831903446","5.94422310756972","5.97271170428909","6.00009249021496","6.0263769220369","6.05098847050557","6.0718687188738","6.08378677819078","6.08604908376723","6.08289963090674","6.07779634805162","6.07117111654574","6.057027329412","6.02318612387942","5.97724215833228","5.89784159421021","5.77868268929578","5.64329900842174","5.42068805983576","5.19388152531261","5.02114079840714","4.84646422301989","4.68681459182676","4.59216042145163","4.70865933439824","4.79976327907794","4.69475621121723","4.59940767398129","4.52204035420525","4.46067643138592","4.41881302177407","4.40452315062036","4.42177684101212","4.47467313799307","4.55710680573612","4.66182783932812","4.77325178389399","4.85469302581354","4.90552729652705","4.96885661523052","5.07280623718091","5.20613236928564","5.33949847760224","5.45803251122753","5.57421008469271","5.67744993066648","5.77743580546532","5.91601363300032","6.06743724663863","6.21354481732866","6.30675995256557","6.34848889252514","6.47227791384755","6.66875767793199","6.83167729420748","",
"Sint Maarten (Dutch part)","SXM","Age dependency ratio, old (% of working-age population)","SP.POP.DPND.OL","16.3412870571222","15.0390625","13.1900058105752","11.4626556016598","10.3174603174603","9.49367088607595","8.47328244274809","7.74305555555556","7.10885433195811","6.55594405594406","6.27018299246502","6.17654413603401","6.2152133580705","6.23398804440649","6.17768189841145","6.08852755194219","5.95516895282703","5.92996108949416","6.03987774705283","6.14059080962801","6.20645161290323","6.09610327516137","5.72710759696549","5.31633616619452","4.97939271595593","4.69352278739324","4.4517498801452","4.26051051051051","4.10406953318368","4.00170512069057","3.95317692574773","3.89429763560501","3.84904658673627","3.87003673255204","3.93544982851112","4.01769911504425","4.08054169636493","4.12181557229996","4.11700975081257","4.13069162955558","4.17657822506862","4.23224743777452","4.33681544792656","4.50562647333541","4.6618516086671","4.85101979216075","5.17645055553191","5.57824274828443","5.98967010996335","6.41585627163343","6.92426962624449","7.5532342306147","8.226432858656","8.9325369476989","9.67041198501873","10.5162664316663","11.5406829831781","12.6093449967997","13.6905596857904","14.8853639952899","16.1200876352184","17.3397880767799","18.2802888472854","18.9435877158297","19.6584810538299","",
"Seychelles","SYC","Age dependency ratio, old (% of working-age population)","SP.POP.DPND.OL","10.9258617703101","10.7214046397218","10.7069949589635","10.7413941656751","10.806764848681","10.9114864055576","11.0568208684688","11.2325038880249","11.4380963329118","11.6558637322882","11.860396332446","11.9166485782505","11.7774819589435","11.6424329305755","11.5610192517976","11.5249248096244","11.5273775216138","11.530743658091","11.4944887429644","11.4309422301067","11.3793392822177","11.3497267759563","11.3436449226631","11.3453010632046","11.3714315867237","11.4436023647681","11.5709938624994","11.7009750812568","11.7150730363109","11.6013464775186","11.4732322872933","11.3721848154168","11.3061636605627","11.2715988748493","11.2859644192733","11.3398346406614","11.4369440518746","11.5476506503849","11.5609348914858","11.4965618481032","11.4233133490172","11.3372420791521","11.2274041937816","11.0847131794193","10.9371331563454","10.8104733706703","10.6963363488267","10.5847533018545","10.4738982488173","10.3784883434778","10.2689254076668","10.1103595585618","9.95915501946519","9.87602273437012","9.84926318372104","9.86105086824511","9.88574120972967","9.93958405948646","10.053328350271","10.244903192717","10.5488632507635","11.0125407715668","11.3883609481944","11.6466097837125","11.9405392947684","",
"Syrian Arab Republic","SYR","Age dependency ratio, old (% of working-age population)","SP.POP.DPND.OL","10.145294507747","9.831605221847","9.52566949663287","9.20837300613106","8.91093935528501","8.63719935617556","8.36438212058699","8.0942499731367","7.82955814889058","7.57103062761036","7.31820300692611","7.06351985081613","6.82364501382242","6.62002725238693","6.46888501692802","6.41012081073898","6.38113988687345","6.30636235348092","6.19353808079179","6.07550934569729","5.99307039986414","5.92882618738521","5.84395144976689","5.77112316453167","5.73743804869628","5.7287589585055","5.73765517687792","5.75422128183043","5.77607560992253","5.805626925011","5.84493696596471","5.88823962158953","5.92516239103584","5.95530748799086","5.98151428754096","6.00673374747901","6.03154025691466","6.0526392793282","6.06622263509533","6.06598945338198","6.05112559821606","6.03209328831169","6.02019826557325","6.01652649138414","6.00021218606803","5.96578840094843","5.83572300942215","5.62737474203726","5.58295658932129","5.64873846031211","5.67977388435563","5.74798252971972","5.94886605740889","6.44567772261194","7.0923340326509","7.54378265689138","7.73172623028773","7.81019214135279","7.75478764249018","7.56676923565563","7.47173987399147","7.44624563253219","7.36067077540289","7.21299689757402","7.17410058142843","",
"Turks and Caicos Islands","TCA","Age dependency ratio, old (% of working-age population)","SP.POP.DPND.OL","10.8010148604567","10.586964350018","10.5300859598854","10.3706343549537","10.3301384451544","10.3840682788051","10.4114490161002","10.5945945945946","10.7272727272727","10.97605893186","11.4614243323442","11.4451285766027","11.3534094842506","11.4096185737977","11.2667091024825","11.0805019895929","10.921401236385","10.6184693589382","10.3878491998915","10.3151862464183","10.0246913580247","9.4877096255456","8.97872340425532","8.58386075949367","8.26568265682657","7.92198826372109","7.72225827384815","7.75015346838551","7.74504084014002","7.63358778625954","7.42398315124391","7.08348840094281","6.57096171802054","6.06993622168463","5.80899927257612","5.74780636892438","5.71080270067517","5.74137005902343","5.77382985992484","5.83911800734994","5.86902156924039","5.83190394511149","5.89396503102087","6.0853407658106","6.37070479056935","6.69005708848716","7.08260204948197","7.57288905717531","8.07913408255218","8.5619326355474","9.07621356915324","9.62844768634602","10.085128561501","10.4585116891669","10.8390646492435","11.3146753587352","11.8652535417336","12.4033659437641","12.9255720805017","13.3921233959163","13.7584202270001","14.1234060554783","14.5225365154276","14.953964953965","15.4819633353046","",
"Chad","TCD","Age dependency ratio, old (% of working-age population)","SP.POP.DPND.OL","7.23366625609966","7.25586518261506","7.29858728452134","7.35244116693863","7.39060143356593","7.4022971094313","7.40609760436624","7.40805896519474","7.40628460643337","7.40425771570173","7.40399346916596","7.40052315893054","7.39580413056861","7.39052945260551","7.38522158431685","7.38740935640914","7.40133438878209","7.42495908048009","7.44951979825324","7.44863344588066","7.61168674924774","7.78082987890978","7.53655391583093","7.29996627125547","7.36860957278087","7.46239895092873","7.38851278890506","7.26717206421732","7.15425326043641","7.04918435458097","6.98942471533281","6.86044552133101","6.69298009332071","6.65997699300191","6.62689026819208","6.44733325780252","6.28279864948597","6.18972951993183","6.08299586742569","5.95726718113696","5.83896629107683","5.73229087454486","5.61663696052025","5.46907707526377","5.29827456771127","5.14686572917939","5.01618506026157","4.89350493101924","4.77105040843591","4.6567750640791","4.55715090897249","4.45714723977844","4.35810845143681","4.26273098079596","4.19502081316526","4.1676349405344","4.15003187215698","4.13186844415051","4.11759366037837","4.11092889175148","4.09657803358912","4.07251653301526","4.0670334545453","4.05323947601454","4.0523694268884","",
"East Asia & Pacific (IDA & IBRD countries)","TEA","Age dependency ratio, old (% of working-age population)","SP.POP.DPND.OL","6.69400457924025","6.55454701896555","6.49402452985173","6.47694757126828","6.45562266388383","6.43945000647734","6.44901009779804","6.46757382113044","6.4979050459239","6.54158021182279","6.58166359017676","6.63090327570145","6.67031369345308","6.722354275654","6.82482799590756","6.94367851324191","7.05110480652719","7.11555571245802","7.13440542858922","7.16823440151248","7.21338079759465","7.24947744186252","7.29020641375527","7.31303188125773","7.32704823481754","7.36320478742154","7.41359708364322","7.47113914677955","7.54319495487686","7.64978917823874","7.78054803825182","7.9074524061502","8.04631386550344","8.21708565736113","8.39423592280748","8.57397724107138","8.75038282631552","8.91903663784461","9.11843154352429","9.33205956609223","9.52636278941655","9.69930845726986","9.84753859681906","9.98045737897802","10.089103840544","10.1844585468884","10.3063131196582","10.4437815175315","10.571890173945","10.7083220898757","10.8741147311324","11.0848873856393","11.3457432267721","11.66039015804","12.0343770427336","12.5013530455239","13.033880103434","13.6461552898621","14.3145288466108","14.9923249667448","15.6995063038212","16.3456471348265","17.0082289920427","17.6358974702517","18.0497416377504","",
"Europe & Central Asia (IDA & IBRD countries)","TEC","Age dependency ratio, old (% of working-age population)","SP.POP.DPND.OL","9.74001362590112","9.95812922462707","10.0944058771824","10.2418733795468","10.4034282467358","10.6229325364258","10.8638267841903","11.0669946062641","11.3214436569967","11.5687016372236","11.7537871700574","11.9479993115761","12.1818858165752","12.4019938119083","12.638785470695","12.8940031875251","13.1456788098502","13.4261702281413","13.6821398373863","13.9255449780279","14.0398461907512","13.8599164683165","13.5435991219029","13.289627287434","13.1418858641966","13.0274570271723","12.9540828401787","12.9672328711064","13.0808376712615","13.3031877550387","13.5973355651374","13.937263234717","14.3544733970935","14.7915517882817","15.1768879545054","15.474825469529","15.6874572299209","15.8530301984703","15.8923034916328","15.8156126960209","15.8077038483738","15.929356388256","16.1689194599989","16.4723908317823","16.76032250077","16.9607588241585","17.0632457830417","17.0283850921821","16.7378186050256","16.3651324322078","16.0654204286616","15.9602423522402","16.0989390007027","16.3189253714319","16.6661933284674","17.1354774113855","17.6127663156209","18.1300835057235","18.6583743451516","19.2502111438525","19.8450254183779","20.2890227835484","20.741274269954","21.3460472117983","21.9944672925896","",
"Togo","TGO","Age dependency ratio, old (% of working-age population)","SP.POP.DPND.OL","6.76188544114664","6.62542010730533","6.49282658939788","6.36903698167974","6.25775677101747","6.15433772389703","6.05732806927916","5.97196374041213","5.89845763341222","5.83784744595285","5.79001773777287","5.75329432710083","5.72583662052294","5.70795247307637","5.69933824776183","5.6982934802115","5.70394346434257","5.71658650152357","5.73378534852838","5.75045450553463","5.76530804462839","5.77862979315725","5.7889740735251","5.796068454796","5.79882304349514","5.79596962859358","5.78716673252853","5.77233737813676","5.75150325370226","5.72321940493821","5.68665319390276","5.64205509096826","5.59075708657652","5.53304049953752","5.46944995950314","5.4089090323919","5.34996417014495","5.28821419828014","5.22412017052974","5.16436919504501","5.11209576321964","5.0695806824224","5.03625190576018","5.00826069450019","4.98221919119178","4.96018698436696","4.93638985043805","4.91590060592468","4.90525634462244","4.90522191580906","4.91822083362677","4.94548807838426","4.98432827390135","5.02510205849963","5.06165410206383","5.10783889697727","5.16645804974173","5.22553918887717","5.28629489999814","5.34832152977041","5.40098085514846","5.44572382210972","5.49769663356526","5.55495168671889","5.61195339263411","",
"Thailand","THA","Age dependency ratio, old (% of working-age population)","SP.POP.DPND.OL","5.32219222417367","5.33537253696824","5.36203475790624","5.39735981230169","5.42759707461486","5.44485287626416","5.45648031439509","5.46791270202419","5.4822666220977","5.50280015217437","5.52770076473075","5.55640510900599","5.58738449613721","5.61627122824708","5.64051997108694","5.65834575372739","5.67146802344423","5.67785827576061","5.67691456664289","5.67189478059256","5.66431510254479","5.65691806371534","5.65071273052793","5.64598339032704","5.64751322613863","5.66132408904745","5.68870446798778","5.72842629740281","5.78370848317203","5.86331416647141","5.97432370548299","6.11700614351655","6.29659154721351","6.51349188696236","6.75760311919213","7.01960582641814","7.29997740470319","7.61857381426305","7.99241057353014","8.40601219685882","8.80251200411884","9.16210697701502","9.51709331543494","9.87978784198864","10.2533547231038","10.6217509015733","10.9444007677202","11.2130374116697","11.4629562436231","11.730004480037","12.0334420851547","12.3782678320699","12.7788680218975","13.2552528961712","13.8080328847299","14.4253374635217","15.0823642795828","15.7793632430084","16.5321700852304","17.3351890927991","18.1828532318187","19.0788682890423","20.0038807513821","20.968546826091","21.9820365175353","",
"Tajikistan","TJK","Age dependency ratio, old (% of working-age population)","SP.POP.DPND.OL","7.71074413988561","7.83307553591063","7.96991316557169","8.11464391067887","8.25436068679312","8.36258787114292","8.43461572914974","8.46509157544188","8.4628470961726","8.43282775689659","8.37765151691704","8.29729052149776","8.18218369846747","8.04060315814385","7.89306522149738","7.74317159824345","7.596369308398","7.46054534321708","7.32156657480329","7.19070694513146","7.05947735637113","6.89609682898274","6.70460931608975","6.5050078844789","6.33132771559344","6.31089899884054","6.41456673788082","6.50899300680752","6.60480807620126","6.66492612845887","6.67251208073692","6.68533354501958","6.76121177430436","6.89808326060183","7.02370661296743","7.10314298767157","7.11782530636037","7.06456034146873","6.95981273196092","6.81520318506564","6.68737691405355","6.5927291453224","6.50227045298239","6.42191164834779","6.34795365361907","6.25683507457184","6.13257590464358","5.96883422954016","5.76311431328797","5.53230432371501","5.30913775028909","5.12823507254236","4.99222695110559","4.90094399185418","4.8605713279806","4.86589751487662","4.9141237232669","4.99800579181119","5.11527105673535","5.26711186901552","5.4068196552424","5.55671015702636","5.79421378239517","6.09932287824273","6.43156153622634","",
"Turkmenistan","TKM","Age dependency ratio, old (% of working-age population)","SP.POP.DPND.OL","9.04824610712922","8.96945261464909","8.8959886790399","8.83368365907544","8.7742467231879","8.71836716191253","8.69871477505545","8.72435458884773","8.76151645097693","8.77209683455641","8.75074003994629","8.69277408703587","8.59412956412903","8.47478673032549","8.36358899533198","8.2645293964181","8.17964371986945","8.11400789894057","8.0404506526981","7.91523070903702","7.73211206770871","7.50225688349466","7.22756098108568","6.93887291144657","6.67997353066402","6.5021647512334","6.40185294032316","6.35355207604047","6.36859745682485","6.39735064655311","6.43149370911696","6.51133647964168","6.63216827792328","6.76400448671424","6.88926189361938","6.99364475644101","7.0493714032535","7.04605218247228","6.98921634711057","6.90980031284552","6.83682476321212","6.79213899689943","6.77948835978707","6.78121854708715","6.77148036758672","6.72582726279309","6.62617129872368","6.45643354367375","6.22174677416883","5.95866833282248","5.71657638408231","5.52868301393802","5.40300463019509","5.33739977005349","5.32176891809713","5.34423448175418","5.39935183757924","5.47904311853494","5.57826688159114","5.70128384619015","5.84489281070965","6.01778037626492","6.29369666171816","6.6696414376411","7.08261137852238","",
"Latin America & the Caribbean (IDA & IBRD countries)","TLA","Age dependency ratio, old (% of working-age population)","SP.POP.DPND.OL","5.93949449325823","5.98006197248657","6.03312428817936","6.09230431038247","6.14896817224699","6.20597570822394","6.26535569689218","6.32260963792665","6.37492065980951","6.42060376303682","6.46120911326379","6.50476530107942","6.5534334839282","6.59868418552148","6.64294312016164","6.69293808290375","6.74685901484452","6.80047043764706","6.85005998041577","6.89218675447101","6.92247200230768","6.95728665853951","7.00149341670479","7.04469847024139","7.09082738036891","7.14529137255182","7.21528735267457","7.30053664124358","7.39542460551383","7.49854834077805","7.59220083548135","7.67716269184573","7.7670318160176","7.86373866767241","7.96897838610199","8.07611633203163","8.18429558577294","8.29452593028943","8.40085187925199","8.50469658092931","8.61222168789943","8.72918370690335","8.85705516689972","8.99128837069829","9.13236531216594","9.28134852030078","9.43709498934175","9.59147486170476","9.74361476139236","9.90475937267073","10.07724483715","10.265183215826","10.4758586481613","10.7087197825411","10.9685711811307","11.250983898602","11.539996241235","11.8440305187952","12.1756122448717","12.5279274395664","12.8417146907756","13.10039541297","13.4083417693552","13.8081666341498","14.2521578724155","",
"Timor-Leste","TLS","Age dependency ratio, old (% of working-age population)","SP.POP.DPND.OL","4.42289357645096","4.31782262587125","4.2520694259012","4.22797385620915","4.23096747326418","4.26419917936812","4.33862188459716","4.43299171348407","4.52988088939361","4.60831398492414","4.66237639893224","4.6951903980658","4.70377357346064","4.70022393378001","4.692732174409","4.61769964157085","4.49534769695501","4.38394447937056","4.26155429885426","4.15926846590909","4.13199646575237","4.17562687657226","4.23650848211578","4.28329572525728","4.30604661862445","4.30367300725762","4.2721729571994","4.21328936488754","4.13418998917039","4.03029749778991","3.9234239242282","3.89467388683864","3.93699004772384","3.98537671104195","4.03544219726097","4.08180853188158","4.12417768207664","4.16523989647621","4.20336005695536","4.23789422271839","4.30638347691197","4.39707085473639","4.49166628858028","4.59330615790045","4.70535618795757","4.99207122523452","5.4778212807311","6.03703514171461","6.68788671210757","7.45037304246556","8.1964862447338","8.69517384846954","8.98067677589902","9.18611269208879","9.33000499251123","9.45903605829484","9.59670779506923","9.68716988041748","9.68773344059629","9.6093044263776","9.46926696869937","9.27745099514089","9.04489329044747","8.82611689106487","8.64286014937728","",
"Middle East, North Africa, Afghanistan & Pakistan (IDA & IBRD)","TMN","Age dependency ratio, old (% of working-age population)","SP.POP.DPND.OL","6.02346572492153","6.06029109394291","6.10943787471228","6.15948931981529","6.21045178355724","6.26063400508702","6.30358043798616","6.33988838648595","6.37426309237072","6.40207059343213","6.42158399283855","6.43026012292902","6.43433142909278","6.43564560374394","6.42955625690178","6.4248523385096","6.42352034914873","6.41132496726581","6.38647244824083","6.35729538129363","6.32025133142918","6.270515784269","6.23256280164202","6.21939996402342","6.21971888070694","6.22546992566088","6.23705300180914","6.25709056350114","6.28181275324909","6.30801214706923","6.31993505988768","6.33136836244298","6.36913898401702","6.42527771772464","6.47434996536623","6.50940305023721","6.54025407509512","6.56518343995325","6.57564798099275","6.57498419220425","6.56725191118394","6.55637042162853","6.56087460397423","6.56184334594112","6.54380762006601","6.52240472847858","6.502670270571","6.49130836182888","6.49976020226822","6.52554569326118","6.56610989558644","6.63036490472374","6.71691743886784","6.81731449820862","6.92524581840008","7.04994297167735","7.19298790905565","7.34680952975214","7.50451793997253","7.6643388911746","7.78151490121713","7.85997564916244","7.98643258165398","8.15735273638071","8.33715036618345","",
"Tonga","TON","Age dependency ratio, old (% of working-age population)","SP.POP.DPND.OL","6.08092144122859","6.04136742315427","6.03076923076923","6.04012211077191","6.05819263034937","6.0795616098431","6.11007697338633","6.14607710309151","6.17963897515528","6.21985578530156","6.25836601460677","6.29501385041551","6.31633856481901","6.33376374727281","6.33658621591008","6.32965165675446","6.33393341196433","6.36201443516341","6.42864286428643","6.50858318171031","6.5992830698713","6.71859218397949","6.85488533436115","7.00418874203852","7.18642521899405","7.39662311633799","7.60474189110236","7.76126665668513","7.85846609855502","7.96137931034483","8.10103413562735","8.27007299270073","8.46371004462253","8.67628071068759","8.88348369062097","9.08399297190574","9.28870897788059","9.43582207247572","9.4993013919103","9.54620144740062","9.59831086343262","9.66246609209216","9.74348471660437","9.85197396373277","9.98865118485018","10.106517665727","10.1846557465272","10.2246683507034","10.2162602436876","10.1694074869845","10.1859004914611","10.3149516026008","10.4467590318037","10.5141413478575","10.5099625172618","10.4936544254416","10.4924629745687","10.5447169220113","10.6628762981464","10.7931463766217","10.9437045510254","11.087109496457","11.2367130680883","11.42809862651","11.6023748714717","",
"South Asia (IDA & IBRD)","TSA","Age dependency ratio, old (% of working-age population)","SP.POP.DPND.OL","5.84259783757136","5.92800578191842","6.04441114762095","6.17566150687629","6.28601402858244","6.36016812354679","6.40984413388022","6.43810776936042","6.46485059687019","6.50750337429399","6.54987681949778","6.5880942494275","6.64119581700591","6.70883872040065","6.76967583953008","6.81899246894086","6.86208469020678","6.89558209001303","6.92454313045866","6.94837264725591","6.9671799060779","6.98544121563095","6.99912910450541","7.00775967172021","7.01283175652159","7.01540990706297","7.01511211725618","7.01277050423295","7.00949325189195","7.0067517642698","7.00744425596534","7.01170566041945","7.01907884853068","7.03161242653638","7.04966017399245","7.06944339656205","7.09006135940744","7.11438302727102","7.1427318604764","7.1747701738141","7.21053752134016","7.25183879696254","7.30309137106565","7.35929736367794","7.40773862378401","7.4505519803775","7.49175252286834","7.53488852742856","7.58622663001628","7.64456233336811","7.71202667757666","7.7947938972698","7.89175523504511","7.99542139373716","8.14625466230734","8.34893745375456","8.56825341295823","8.80416208236589","9.06010919858428","9.32958519161112","9.57567797060968","9.72949724898107","9.92295983469479","10.2161303197361","10.5085890507314","",
"Sub-Saharan Africa (IDA & IBRD countries)","TSS","Age dependency ratio, old (% of working-age population)","SP.POP.DPND.OL","5.79737624167964","5.795684835807","5.80349388575871","5.81478998337654","5.82726316589807","5.83843586958186","5.84842237496001","5.85728122302247","5.86731852219839","5.8783337556249","5.88701909137527","5.89140549682262","5.89598029073307","5.90264301762407","5.90866817545013","5.91501548865693","5.92396063349346","5.93803470517129","5.95559004269719","5.97505345596847","5.98190557704358","5.97967699773923","5.98396409186689","5.98861179757905","5.99139796171665","5.99071247559923","5.98557064046345","5.98651549498233","5.97990316027","5.9580446576983","5.93335180142018","5.90983458946384","5.89222359205833","5.86427425873819","5.836723681827","5.82038421616384","5.81416642881785","5.80731397236323","5.78283339011979","5.75604640118362","5.73402446841404","5.71377488986999","5.69502249008481","5.676693538002","5.65779778308994","5.64005501608705","5.6229336281143","5.60558503937879","5.58699674328627","5.5682532185801","5.55403782205444","5.54476201133839","5.54183932606366","5.54018772961433","5.53630000524755","5.5344547478644","5.53724987096167","5.5464369340399","5.56579882091626","5.59261484324339","5.60720589144367","5.60961624249559","5.62388792493291","5.65353598214141","5.69000024241636","",
"Trinidad and Tobago","TTO","Age dependency ratio, old (% of working-age population)","SP.POP.DPND.OL","5.57948402408474","5.66160515933298","5.86371679540566","6.09257409535169","6.34801094972892","6.6260170809021","6.92378157221744","7.22942706805156","7.52274896840549","7.78317357040375","7.83535875243549","7.71828294301116","7.62276447941667","7.53509478554952","7.44944332356943","7.36669253706956","7.29391117672446","7.23305492594778","7.18448367300553","7.15271672169745","7.14020547416724","7.14569620997863","7.16441577524558","7.18899276312649","7.21741283979887","7.24586006902524","7.26349881436683","7.26875529530871","7.2665217506561","7.26558850966011","7.26891901140635","7.27246787755575","7.2697508414296","7.25737770773462","7.23704612645525","7.21130910034399","7.18429262159764","7.15659718132925","7.13386839994054","7.11835066632759","7.10256050447069","7.09002874117532","7.09811688022544","7.13412825408497","7.19952837286577","7.29917920278181","7.43854973358704","7.62143588443091","7.851944401062","8.13377794398737","8.46968825242247","8.86429947362642","9.32097780178764","9.84058376968168","10.4215490198484","11.0612318006192","11.7446169992948","12.4502939719817","13.0498482504105","13.8060671978814","14.7495908144033","15.4744035228847","16.1466090871904","16.9054683304046","17.7184455863154","",
"Tunisia","TUN","Age dependency ratio, old (% of working-age population)","SP.POP.DPND.OL","7.3596470114192","7.36033575372204","7.35934616467463","7.36864400747666","7.37552760650973","7.35887024433322","7.30819138825938","7.22945198645086","7.13275622916189","7.02926925624252","6.93260216147968","6.84758522607552","6.77590558089058","6.71885938907203","6.67915039108364","6.65648432798191","6.65859036816179","6.68175553279699","6.70556160845343","6.72140523651082","6.7303225001872","6.73500937091185","6.74033752358207","6.75772466230392","6.77838423034234","6.80952509283906","6.87499782795303","6.96884495708227","7.06367648162586","7.13522053960491","7.1956522322722","7.2634026260947","7.34141932914214","7.42435611026326","7.51803036809478","7.63787624356423","7.79157111392679","7.96941904470145","8.15737582125538","8.3518880726233","8.53176150983191","8.67408579115185","8.78759385609894","8.88872444864695","8.98238058389417","9.06766449021748","9.1380372720372","9.19455317241439","9.24748035881076","9.30595922395653","9.37927191320598","9.47011520952393","9.58117573028467","9.72219853236911","9.9178956348451","10.1997711634646","10.5352961885305","10.898813861457","11.3326465644462","11.8694485572067","12.4285834961169","12.8726774625305","13.3072089799204","13.8048743214216","14.345051127668","",
"Turkiye","TUR","Age dependency ratio, old (% of working-age population)","SP.POP.DPND.OL","7.72640232119099","7.86170022301147","7.99460556024906","8.14568502082168","8.31181517193322","8.47472186664388","8.58408109181364","8.64733082667276","8.7053534437268","8.75594287397686","8.79816036264969","8.83542127608381","8.86962881847709","8.89925252784054","8.92022327766107","8.91438852097651","8.82959276574402","8.69608698728684","8.5842013762071","8.49850598733796","8.41150927034937","8.32423469855822","8.23722508889603","8.14673228677463","8.07331187695704","8.01672344449392","7.97807872071326","7.95649027039445","7.94872396267812","7.95486124862141","7.9747447631082","8.00780449589559","8.05030820810458","8.09572657335093","8.14383168003089","8.23409682431749","8.37372131266349","8.53343356612698","8.7092103078115","8.89439174859725","9.08547664950281","9.2827979101411","9.48630909445249","9.69525111025887","9.90867108495712","10.1250418417102","10.3402703030632","10.548976289451","10.6651115563462","10.6998224266347","10.7533140956222","10.8086953023048","10.8671677444952","10.9531352120614","11.0341588895581","11.118741262379","11.2973508098164","11.5614356110924","11.8938986966186","12.4389779416645","13.1307438407251","13.7793439935438","14.2743700861558","14.6730315172246","15.0646643308248","",
"Tuvalu","TUV","Age dependency ratio, old (% of working-age population)","SP.POP.DPND.OL","7.30519480519481","7.46219592373439","7.56469807564698","7.67178118745831","7.74128686327078","7.80356542213253","7.98916723087339","8.145106091718","8.29015544041451","8.30473575840769","8.2436069986541","8.32782551222736","8.33874107722258","8.28289264096846","8.14451928965095","7.87651471436815","7.48373101952278","7.11743772241993","6.8382177746009","6.63947428053478","6.59942994957246","6.61702127659574","6.70946365707186","6.8742418115649","7.11736716891356","7.43203598670057","7.79069767441861","8.0846968238691","8.44342331993107","8.82072775766813","9.19605612438377","9.54716981132075","9.80613589309241","10.1015801354402","10.3900975243811","10.6275681733284","10.7740975065128","10.8498426217367","10.7556536127965","10.5714807376301","10.3573372029748","10.034228067015","9.75129719091072","9.59194488606253","9.64669206789054","9.70807875084861","9.63073852295409","9.52768729641694","9.31380353446903","9.03567533883783","8.78584502745577","8.59748803827751","8.56638210185458","8.63025700934579","8.65510709602215","8.64754695006551","8.60637833114897","8.59146697837522","8.73872541771403","8.96759608138659","9.13838120104439","9.19918508070835","9.47164948453608","10.2666666666667","11.0386266094421","",
"Tanzania","TZA","Age dependency ratio, old (% of working-age population)","SP.POP.DPND.OL","4.55913071807746","4.58119027526563","4.60358125581914","4.63298962989187","4.67106612169016","4.71748612014538","4.76771230098645","4.81664223118322","4.8596415436169","4.90429242270916","4.96116943249204","5.02826163264072","5.100736573856","5.18192939108513","5.27283113903737","5.36672936730781","5.462757398667","5.56050667604534","5.66034386335088","5.76098076973144","5.86549898019872","5.96837873458145","6.05767098274461","6.09890299220679","6.11406019270937","6.09854280162217","6.04838650504972","5.97851068958466","5.9170813353623","5.88532400291157","5.85153786515171","5.81976233242271","5.78533254971984","5.68096088064791","5.51223504313531","5.41879325093209","5.45030957189194","5.46084428334088","5.41315850620454","5.36398655813207","5.30326970729688","5.26291046578962","5.24153904950955","5.22432019873302","5.21199150804509","5.20658375525974","5.21165848323256","5.22929175085048","5.26727748174453","5.33945483329578","5.41543323276313","5.47600460821857","5.53851094322543","5.5869677440031","5.6140190831993","5.6118194556996","5.59502765501121","5.5893175357488","5.60085086296766","5.62167925514946","5.63156409496119","5.62374961141065","5.6153956229594","5.61135351175326","5.59548398127381","",
"Uganda","UGA","Age dependency ratio, old (% of working-age population)","SP.POP.DPND.OL","4.0164470923039","4.10031704965259","4.19132442317854","4.28348557368367","4.37190901907995","4.4608025496251","4.55493149884715","4.65323040791929","4.75511328971112","4.86158467887473","4.9744206789898","5.08620675260409","5.20422799752236","5.33909770444591","5.46810063054745","5.59098678024132","5.71621171570614","5.83367696562703","5.93535650749563","6.0356040333349","6.14206168063849","6.23348827020275","6.29760289008211","6.33646194918497","6.35119347555307","6.36072236483562","6.36793613190913","6.3598323891371","6.34319952978805","6.31661834840718","6.28115396779387","6.23420858726778","6.17220873632225","6.10046734465996","6.02638787238295","5.97990542081336","5.92188078325052","5.8381147588336","5.73661914456466","5.60843017969908","5.47461673643628","5.3348302952824","5.1835336471745","5.0254638159116","4.87208015955658","4.72097959443309","4.5718486422487","4.42567018340973","4.28371524109755","4.1547931812448","4.04478171394272","3.95620517986807","3.89278600425113","3.85964793378623","3.85861076404376","3.87078656595919","3.87698667264467","3.88075929004299","3.88916555500905","3.90112727695885","3.91138104764423","3.92198244788153","3.94792045008994","3.98910711476925","4.03285280715238","",
"Ukraine","UKR","Age dependency ratio, old (% of working-age population)","SP.POP.DPND.OL","11.0495501634925","11.3478192136161","11.5212487430603","11.7003407244918","11.8902033846732","12.2465150610671","12.6089557398907","12.8566498710905","13.2596755528353","13.6644087150458","13.9290358442102","14.2255460020739","14.6320585854235","14.9999628790926","15.4020518445838","15.8382817772031","16.3019029118178","16.8650722078298","17.3853937175714","17.7270595483293","17.8053838242792","17.5710467807951","17.214627274116","17.0419662176845","17.0350522005309","16.9721154413599","16.9640286701643","17.1313928783413","17.4384317566642","17.8010351528652","18.144310061818","18.4920069067882","18.8568093726386","19.2458872217493","19.8385731779028","20.1261242615362","20.1599073441994","20.3247911469041","20.1588644634586","19.7161277995186","19.5186748112905","19.7253905363671","20.2807542532016","20.9933038316411","21.5911629321543","21.9164308166372","22.0948609415221","22.2358696730094","21.8874718139125","21.412957138538","20.9885212507398","20.5451035920521","20.5748547997826","20.6628176290144","20.9779051251224","21.7215715845781","22.4375447590746","23.2420967001411","23.9591650206221","24.6146045398727","25.2828375624753","25.7725230363922","26.5249328766639","27.6372055426887","28.239354443179","",
"Upper middle income","UMC","Age dependency ratio, old (% of working-age population)","SP.POP.DPND.OL","6.93747904553282","6.84760971653528","6.81468664242842","6.81791300592158","6.82131182202437","6.83684084579041","6.86877499583757","6.8986146889218","6.94410295950899","7.00003957165301","7.04496113112604","7.09809712941166","7.1507683194435","7.21112182403727","7.31101780273864","7.42537800603371","7.5306962284637","7.60160494273612","7.6284341156794","7.66670389077792","7.69844349618478","7.69508253868276","7.69404174844266","7.69135267887669","7.69129364422439","7.71137008353687","7.74794555387644","7.79997675517134","7.87283034697086","7.97866427066034","8.10407753794992","8.22648452221369","8.36937449903506","8.54236334182169","8.72508268465054","8.90296720368433","9.06950010394226","9.22939670350978","9.40127688089406","9.57553235539207","9.74137024443638","9.90320214680995","10.0594032464254","10.2082020748715","10.3343146055369","10.4454344530328","10.5763294792854","10.7195717630268","10.8413010921214","10.9635397681185","11.1124421076556","11.3025891743444","11.5471100488199","11.8392762281417","12.1856900178822","12.6132676717466","13.0977449169221","13.6481598876616","14.2378293162855","14.8404452072777","15.4559020972932","16.0065438525822","16.5701309139541","17.129478119732","17.5465716417865","",
"Uruguay","URY","Age dependency ratio, old (% of working-age population)","SP.POP.DPND.OL","12.7451475100336","12.8061366059302","12.8814475725776","12.9764551764684","13.0982867970427","13.2402380014629","13.4005963081918","13.5832404755626","13.7825635254133","13.9894230758279","14.2015705694121","14.4130943699484","14.6161543959971","14.8227725318202","15.0580627467396","15.3234298348649","15.6184455212369","15.9499858219667","16.2923488323415","16.5910418795968","16.8391085496926","17.054474235159","17.2247388549145","17.3376633798974","17.4269641876562","17.5420661088367","17.7072523318058","17.9034943156989","18.1041869011272","18.3147731642074","18.5399150501254","18.7797691055834","19.0275946443985","19.276376318118","19.5195231267033","19.7768591292402","20.0520151654606","20.2978882797721","20.4985783700319","20.683291834234","20.8758442656479","21.0906289528941","21.3003138836607","21.4725747864132","21.6107125702816","21.7625829560256","21.9192621211696","22.0429118582073","22.1480020230251","22.2450533160097","22.3343152741607","22.4067766224453","22.4842471407393","22.5707155713155","22.6510152838327","22.7409882857073","22.8498896541761","22.9867139174726","23.169081543568","23.3802318354749","23.6267185294577","23.7906310119016","23.9030382819188","24.141051065381","24.4361189659018","",
"United States","USA","Age dependency ratio, old (% of working-age population)","SP.POP.DPND.OL","14.7427696451078","14.9711987347931","15.0932153425972","15.1694036662243","15.2563479320732","15.419929222508","15.5528071925399","15.6012434524047","15.6389759472135","15.6739363185792","15.7435273079017","15.7811696004728","15.7777878295872","15.7918325915771","15.829417867161","15.9083681021902","16.005044310248","16.1268909631678","16.2813945236776","16.4609229189532","16.6499295764096","16.8167648214624","16.9894245727119","17.1804048251666","17.3743318988695","17.5524383516584","17.7446279953188","17.9724033119361","18.1979013836392","18.421452784448","18.6100156974836","18.7322176665282","18.8275637177324","18.8776723146371","18.8772452721545","18.85231492932","18.7899520724332","18.691144716405","18.5586822344828","18.4157916799817","18.2830920355624","18.1676411697448","18.079339479754","18.0184918687108","17.9845813057707","17.9650845675822","18.0083520321117","18.1910875918401","18.4701116102864","18.7656318387163","19.0418604669438","19.4049702529798","19.9302811207122","20.4832955299099","21.0076984289538","21.5197559000692","22.0373346516862","22.5932962845748","23.1963174833129","23.8484503417279","24.5240791836459","25.1969129173767","25.9509134829008","26.8291040414794","27.6905727029501","",
"Uzbekistan","UZB","Age dependency ratio, old (% of working-age population)","SP.POP.DPND.OL","10.4402344739483","10.6977814872532","10.9751495254794","11.2534372561505","11.4888517356726","11.62489529122","11.687568719651","11.7171398337917","11.6816194418731","11.5579556737457","11.3607947588917","11.0919494027451","10.7334612637049","10.3149695350382","9.88599491076693","9.4611368153461","9.04367055427775","8.65088310603214","8.29124737464379","7.94492715052017","7.59588160277588","7.24536185091242","6.90203234475791","6.58847347527436","6.333916228168","6.15341617492274","6.03452564549027","5.96753857444979","5.96043450427703","6.02704558635192","6.16716035844042","6.37401317180426","6.63760393535083","6.92635130136564","7.18663412534335","7.39911164075619","7.56680106129793","7.68295094468311","7.76049465266729","7.82619305809023","7.88662046120199","7.93993211732328","7.99223170799464","8.03438143076945","8.03288899004115","7.96876318024421","7.85510703573454","7.71135381218929","7.5541040690314","7.39515637059983","7.24213387862935","7.1061702149563","7.00348813359023","6.94910262544115","6.95296292905746","7.06177865862771","7.24973578844503","7.45568703877968","7.68744806774157","7.94114323959564","8.17273596349438","8.39902174187035","8.67934844160145","8.97791652929865","9.30402099021851","",
"St. Vincent and the Grenadines","VCT","Age dependency ratio, old (% of working-age population)","SP.POP.DPND.OL","8.34004429232937","8.24854024489394","8.21071928216508","8.21853179845254","8.26293680469002","8.35522739626744","8.49764944411024","8.66463240620815","8.85149329694843","9.05921108924446","9.27527650305581","9.49183037302036","9.7070090071436","9.92006558721049","10.1324892973806","10.3330589628797","10.5231807803038","10.7175116836194","10.9024527605694","11.0810343834591","11.1368865753838","11.019349617422","10.8780303981912","10.7836417637651","10.7325324495996","10.7096160703673","10.7377611266286","10.7944988621747","10.8880748880749","11.0420957775489","11.2053464873896","11.2846513672182","11.2483594534085","11.1893000987917","11.1396011396011","11.1050174164382","11.0996992150246","11.1183827806864","11.180581627054","11.2813590476327","11.4142642535231","11.5300818796725","11.6028268551237","11.6828987622442","11.783590631194","11.9074099819269","12.0552729691896","12.1977186311787","12.3459516153517","12.5518858167276","12.8551312846848","13.2366788523319","13.5370087487849","13.7417541125059","13.9886393769801","14.2659124639467","14.5582075286048","14.884509429964","15.2697803369588","15.7335893504521","16.0903296513137","16.3798486762805","16.817648783348","17.3124094925673","17.7958916538994","",
"Venezuela, RB","VEN","Age dependency ratio, old (% of working-age population)","SP.POP.DPND.OL","4.43445324029817","4.47637062307272","4.52249785425317","4.57361078617302","4.6273035970205","4.68290857164942","4.74239436951621","4.80587092962889","4.86924713310583","4.9253949546923","4.9769648511676","5.02602017902092","5.07266645212223","5.11738737903167","5.16182605031446","5.21071195935932","5.26630675683971","5.33042780861251","5.40456795401692","5.48353807676387","5.55919037012005","5.63873817910119","5.72653680164822","5.81983396385306","5.9124412975192","6.00282010940866","6.10230259099397","6.2122659356533","6.32476158096095","6.43557765253903","6.5435522614805","6.65071048006861","6.75750744759426","6.86615767432849","6.97365815843958","7.07821215909167","7.18278742830108","7.28999463323225","7.39758414358365","7.49827075878498","7.60011350549841","7.68971419342744","7.78234921697204","7.88650042949685","7.99023622607439","8.10786675902334","8.24005262543904","8.38925366065025","8.55112154771633","8.72612979680471","8.91504996510576","9.11561433148256","9.32696920573304","9.54121446192871","9.76780051209067","10.0143888800298","10.3060935173488","10.7409089969435","11.4258551593405","12.2386187832351","12.9336168739765","13.4885473814582","13.9847663911402","14.467811108493","14.9384901711087","",
"British Virgin Islands","VGB","Age dependency ratio, old (% of working-age population)","SP.POP.DPND.OL","10.0387972841901","9.66595593461265","9.36259631099696","9.20780711825488","9.02306648575305","8.78754171301446","8.65322055953155","8.44806007509387","8.14274447949527","7.71891498270526","7.5237273511648","7.66491436323554","7.72439105772439","7.81224355818152","8.01292407108239","8.28685258964143","8.62313139260425","8.9933094756496","9.37933158786385","9.70251716247139","9.88319856244385","9.72242197612541","9.37286514551168","9.05787697897742","8.72350911779201","8.40070298769771","8.13706886929345","8.00810407336319","7.95791194197569","7.88414334806087","7.78177004538578","7.68456682828652","7.54448398576512","7.43114498527629","7.37994945240101","7.25040916530278","7.06733444629939","6.90774223458507","6.7749454846229","6.68033987694111","6.61434177666786","6.52669383244699","6.48197242841994","6.54270846554131","6.64840182648402","6.79236444548542","6.96152544285231","7.1766947998911","7.43470935130581","7.78214085368963","8.17575362391533","8.48607302641074","8.69466925894109","8.92026864129499","9.14868154995254","9.31493927602877","9.73695800136125","10.3356707190573","10.5750885799945","10.8157991878922","11.149574498774","11.4424875586772","11.7700097100846","12.1643612693247","12.6802884615385","",
"Virgin Islands (U.S.)","VIR","Age dependency ratio, old (% of working-age population)","SP.POP.DPND.OL","11.812994876572","10.2063153286269","9.25752369051338","8.45998655010087","7.78200034548281","7.2938050960029","6.96965132916635","6.68070175438596","6.44353508825505","6.27481467084988","6.10672975814932","6.09201153122245","6.22391743325107","6.35106295657884","6.49260628465804","6.64940977767987","6.8428563686616","7.06653263338174","7.29437968135362","7.55424970795426","7.70897728799893","7.72384496328251","7.78395552025417","7.90080368864269","8.03196296355017","8.19303269660446","8.38116388545691","8.57787108311951","8.79766302415802","9.02833139142699","9.27706921551801","9.5470556424385","9.83066043874998","10.1445327062602","10.4786066531741","10.8265143766337","11.2096362294989","11.6200025491779","12.0517857900018","12.5040542636752","12.9734821855403","13.4849122807018","14.0524340373088","14.665977335923","15.3431769335976","16.035342977395","16.7634565838034","17.6162482935391","18.5976460088135","19.6452818567409","20.8895960349756","22.2346717347214","23.4840573905331","24.7592509709369","26.0284556401061","27.3328337814607","28.6934168537998","30.0624972165729","31.4720357941834","32.9510875267947","33.9917906618779","34.5820141256698","35.3630588922897","36.3233096750093","37.3107522646711","",
"Viet Nam","VNM","Age dependency ratio, old (% of working-age population)","SP.POP.DPND.OL","8.91560738081432","9.15834527396143","9.37721350619603","9.5687535466413","9.72160726946506","9.84896163908713","10.0082658178711","10.1726580058264","10.2791103975986","10.3172788672953","10.30879011293","10.2523232003612","10.1099068703979","9.94365953532147","9.80923769444921","9.72188363330421","9.72027311802708","9.73951151784124","9.73630539993226","9.77865620556128","9.81894450511393","9.81599595708426","9.80786899845405","9.78652601486731","9.76507683971711","9.75853373812966","9.76914806174428","9.78784158916637","9.79389273621208","9.78725726148394","9.76768995345171","9.72967363058835","9.67274610913112","9.60890205190555","9.56137578979541","9.53795248066384","9.54045007995789","9.5577621668733","9.57079856603462","9.5736975524046","9.57175377051991","9.56538836696657","9.54771614880354","9.51516339120472","9.45908325131985","9.38184067333591","9.25843867240816","9.10157466530023","8.93118360602563","8.78945818300127","8.71692164459598","8.68441456525812","8.71420239438335","8.82149252656302","9.00723862746086","9.27417992736107","9.54207774357747","9.8350269066046","10.201775794375","10.629230593085","11.1211352293981","11.6108537735214","12.1324364656354","12.7206521797624","13.3579535353205","",
"Vanuatu","VUT","Age dependency ratio, old (% of working-age population)","SP.POP.DPND.OL","7.34830042376702","7.05920243602506","6.77516816782579","6.50113617469379","6.23081479885831","5.97979692243274","5.76121224448286","5.58394430867215","5.71023954682924","6.02812032884903","6.19866588011072","6.2394084116469","6.16512822699269","6.01934938218124","5.82028522987933","5.59677761288955","5.38160833953835","5.20269662921348","5.07423808283407","7.46846060357076","9.68653735486273","9.24574610024873","8.8754072576115","8.56382978723404","8.28214781058054","8.03419057088163","7.81103362642757","7.59815274911919","7.40796311704609","7.24322604591972","7.02984074627635","6.76772738661989","6.56175699193568","6.42834668538374","6.26098731410652","6.04084176988699","5.83012924704906","5.62801170417587","5.43751186884139","5.2588508474923","5.14766262676231","5.10237213033347","5.06422492092912","5.04293757126568","5.0426680674078","5.05922137633477","5.09202899134936","5.13861772745021","5.20345887662229","5.30943523841731","5.47582865007455","5.67192247507175","5.86681706260231","6.07267229975974","6.28048457215566","6.47300797979667","6.65234954236335","6.78516364365669","6.89405424648453","7.02987908944497","7.12992783093162","7.19354653499455","7.27860512544682","7.37881674700966","7.48490261121034","",
"World","WLD","Age dependency ratio, old (% of working-age population)","SP.POP.DPND.OL","8.62378262066239","8.67132882298534","8.72524260666234","8.78577705536335","8.84884342294552","8.92525647498017","9.00285592790129","9.07149252899237","9.14004114112814","9.20469895169722","9.2648067063051","9.3267557593868","9.39115780413418","9.4589898523743","9.54438093835291","9.63709090569211","9.7228358125254","9.79374012428049","9.84059738605217","9.88182698927309","9.89320214346651","9.84965640408095","9.78713581993227","9.72187149490179","9.68034776290814","9.68375031636501","9.71216226887835","9.75432729544749","9.81117449660359","9.88672155695792","9.97351778077825","10.0657250473975","10.1683929378426","10.28085562209","10.3962397471029","10.4981569667622","10.5837343122929","10.6653454407025","10.7414889622978","10.8129635075143","10.8883318894122","10.9715174540025","11.0584925745878","11.1433163819438","11.2208056298591","11.2939920763093","11.3722245466416","11.4458039552105","11.5045146492547","11.5642996083953","11.6364831552058","11.750809217906","11.9351682205041","12.1495441964784","12.3967789632519","12.6826872602867","12.9857298728076","13.3178748008302","13.6734688132022","14.0374610746873","14.3907812148174","14.6864067672018","15.0007737187695","15.3599775234734","15.6753057901457","",
"Samoa","WSM","Age dependency ratio, old (% of working-age population)","SP.POP.DPND.OL","5.94813767090995","5.96968132192387","5.97039206116805","5.96458858176915","5.97515420033012","6.02237562485123","6.11216445464524","6.17473320061356","6.20653099249884","6.24190337767386","6.27444892890407","6.29046755739728","6.29265160452163","6.28617363344051","6.22739201361799","6.1330930340515","6.05682296047098","5.99257624654005","5.93244677530124","5.88408139278631","5.84757372557502","5.82618241050035","5.85224305031629","5.91181448108677","5.97304679563873","6.03973657774305","6.12256181166792","6.2335497455694","6.38494890733599","6.57978902175916","6.80036285880905","7.01296188817953","7.18035923052397","7.30098226066559","7.41691155167419","7.53671008002951","7.64480257200704","7.76559446789985","7.89672658352908","8.02482152001687","8.10678398240264","8.16168129440564","8.24393276946004","8.33048421916363","8.43644326450725","8.53859100745371","8.61794203811323","8.63973712537533","8.62577190724054","8.60617917389539","8.61318805871922","8.6457889825979","8.6202264096869","8.56338925461882","8.54386287757302","8.54090672225117","8.55749092883553","8.70190825310905","8.9311697483854","9.17324133032294","9.44343526087395","9.70210485775046","9.98330690259578","10.268124127849","10.5663518436104","",
"Kosovo","XKX","Age dependency ratio, old (% of working-age population)","SP.POP.DPND.OL","7.70920961767845","7.52639811929638","7.39208683277993","7.3081630539773","7.25882846099766","7.22931711724412","7.21601489757914","7.20108593755859","7.3161647884722","7.55907570365001","7.81035679370741","7.95359138522013","7.98316670595202","8.017895312979","8.03195265306566","8.01923593941918","7.9784888122959","7.90277446205265","7.79055295442423","7.64092790837634","7.47649217063019","7.33329808607381","7.20521283627063","7.07384977869905","6.94151554856066","6.80571111257518","6.69520797324665","6.62509297381375","6.71025612839398","6.91677306982057","7.07996236576358","7.136060086704","7.13819289829553","7.19790670581557","7.30700707480397","7.43060325669724","7.55896352003408","7.68919577898956","8.3306212872743","9.49098189131163","10.1042541440644","10.2479919189617","10.3383529437083","10.3981918336092","10.4362820875699","10.4531570380249","10.4529479298941","10.4509694191016","10.449712922796","10.4445131492065","10.4162629455152","10.443529107956","10.5359764127071","10.6696176374703","10.9313662838467","11.3297913026083","11.6461754949908","11.8210791378195","12.0891821158439","12.5010944840459","12.6988994292584","12.8886125494022","13.3876736173714","13.9640748243239","14.5548112786942","",
"Yemen, Rep.","YEM","Age dependency ratio, old (% of working-age population)","SP.POP.DPND.OL","6.57305162113177","6.50312386022916","6.43776399573373","6.37633955344532","6.32921712981023","6.30075997355596","6.27996985642092","6.25943917578955","6.23996098132197","6.2270706973832","6.22789750782991","6.23769964423586","6.24946305024611","6.26155062234197","6.27230852876578","6.28178445609185","6.29019449571777","6.2978700100732","6.30516249443318","6.3107442329465","6.31362091165236","6.31283806641165","6.30649674039823","6.29613023452393","6.28365868947574","6.26766910257205","6.24844836537201","6.22605864560797","6.20327079691598","6.18147030567445","6.15676942553386","6.12641264204716","6.09101201459306","6.05201847962478","6.00727855577989","5.95730919166609","5.90838924082829","5.86119665810488","5.8122405679175","5.76102811848784","5.70741803549047","5.65468928500393","5.60625982907251","5.56038940506975","5.51174364658119","5.45145875632316","5.38252177310473","5.31227476086523","5.24293785652992","5.17832746205999","5.12198519113026","5.08111214901506","5.04987223497374","5.00757200172616","4.945398618013","4.86214796301879","4.77460129308295","4.70118599108937","4.6402037799498","4.58996033784242","4.53929763547705","4.48784352689838","4.45661395771839","4.45652562326045","4.47755443967403","",
"South Africa","ZAF","Age dependency ratio, old (% of working-age population)","SP.POP.DPND.OL","6.22398648041759","6.19562877951581","6.18412480085038","6.18975895158973","6.21640092379265","6.26417365988677","6.32399309837982","6.39158258660514","6.4633701997695","6.536524961298","6.6075623712338","6.66865744683249","6.7177944017976","6.75887960197857","6.79417052196599","6.82551923138083","6.85382207032774","6.87271395218201","6.88205942973122","6.88986972608561","6.8832031550719","6.87155681790989","6.8795794955077","6.90652105472912","6.95267860359831","6.9828745357924","6.97972734852166","6.96131214098966","6.92509440725521","6.86350696051486","6.77867942897379","6.74376210550302","6.82372696449032","6.79104995962379","6.88942027548972","7.18432218103681","7.45765849680229","7.69460623939871","7.79292170254534","7.84186751558092","7.86511382114964","7.87777125705272","7.88317704045598","7.89592413929714","7.92929421002483","7.98232557153138","8.02539975060222","8.0538737089399","8.0734511546256","8.06512851287166","8.02971010806705","7.98603476399272","7.97327848138582","8.00896703109196","8.05745501225944","8.09629125525776","8.26826592377932","8.51337906169607","8.70404612318423","8.9234390440694","9.13345017402681","9.28437276415596","9.45022709772929","9.6663098397114","9.92284756347879","",
"Zambia","ZMB","Age dependency ratio, old (% of working-age population)","SP.POP.DPND.OL","5.5774154919664","5.61053160845046","5.65829696562922","5.71941321565397","5.77906677794566","5.82569893766762","5.86607237254621","5.9040408681538","5.93929868048959","5.98051867020537","6.05215225954702","6.14526288937622","6.233982885544","6.3167973002776","6.39254065384688","6.46009305863962","6.51968337473421","6.5715317432727","6.61426442416611","6.64390851733479","6.65117856093039","6.62751606901218","6.56772346155403","6.49079486855555","6.41598016217221","6.33790190416133","6.25141445131169","6.16510852533025","6.08287891476446","5.99943178059791","5.91071671894392","5.81805115483872","5.72173948234819","5.62232459835495","5.52049652859825","5.41469665646397","5.30185142045268","5.1762052773502","5.0436679308762","4.90638079093136","4.76110765506535","4.60558560195984","4.45768121837755","4.32084811247161","4.18969425038756","4.06092069476082","3.93483259100555","3.81617247133275","3.70758783323552","3.61225923803497","3.53155600600381","3.46693496806454","3.41174731090065","3.35398938748538","3.30056420797328","3.27365198308328","3.26498838515643","3.26187411030728","3.26737845026701","3.28155129682891","3.29633070676662","3.30493021951048","3.33199005116052","3.38198453842374","3.43974563704802","",
"Zimbabwe","ZWE","Age dependency ratio, old (% of working-age population)","SP.POP.DPND.OL","6.87468098279145","6.90987760578506","6.94068328596475","6.97343641983647","6.96728956155738","6.9159600192023","6.86017214616785","6.80374884209321","6.74465168860445","6.67953325437865","6.62393069414638","6.58919524598485","6.56779802485293","6.55516244320325","6.5465393421334","6.55718039895018","6.59179500569832","6.69409665600644","6.97300971243815","7.33058711206943","7.18635893105678","6.86802949589314","6.75486187677113","6.65048085977081","6.56636840499465","6.47305858605493","6.37261798452791","6.30428977844001","6.26641955273059","6.22058302298703","6.16943958688405","6.11331188887839","6.21072454040348","6.48548896220361","6.73767928445818","6.85130030143777","6.81732772695197","6.70437570779861","6.54502840798989","6.38913644444096","6.28261548525448","6.18610138852661","6.08147386106856","5.98517903763412","5.91349392597022","5.87171019503476","5.8165786559543","5.76696686700165","5.75205164970077","5.75065781919847","5.75969702281601","5.7735083514184","5.80298391394668","5.83754175725261","5.92874763480812","6.08334705987886","6.22569850042721","6.35190715326471","6.46299797534687","6.55417653933475","6.60404178443864","6.59813745482187","6.58673179239108","6.57179497952316","6.48659844355331","",
