"Data Source","Health Nutrition and Population Statistics",

"Last Updated Date","2026-02-02",

"Country Name","Country Code","Indicator Name","Indicator Code","1960","1961","1962","1963","1964","1965","1966","1967","1968","1969","1970","1971","1972","1973","1974","1975","1976","1977","1978","1979","1980","1981","1982","1983","1984","1985","1986","1987","1988","1989","1990","1991","1992","1993","1994","1995","1996","1997","1998","1999","2000","2001","2002","2003","2004","2005","2006","2007","2008","2009","2010","2011","2012","2013","2014","2015","2016","2017","2018","2019","2020","2021","2022","2023","2024",
"Aruba","ABW","Population ages 60-64, female","SP.POP.6064.FE","526","551","580","614","653","697","743","788","829","859","872","873","866","877","880","879","875","873","876","889","907","895","857","835","825","792","752","727","731","786","899","1059","1210","1356","1475","1569","1700","1817","1885","1920","1941","1952","1960","1993","2062","2170","2291","2405","2531","2664","2796","2956","3138","3322","3506","3691","3869","4023","4174","4314","4403","4445","4479","4518","4562",
"Africa Eastern and Southern","AFE","Population ages 60-64, female","SP.POP.6064.FE","1243980","1278287","1315928","1355012","1394511","1433948","1472607","1511029","1551130","1593286","1637628","1683365","1729368","1777858","1827894","1878342","1930954","1984636","2044102","2107375","2161425","2222426","2296815","2369683","2443056","2508195","2564465","2626692","2692438","2761322","2838852","2913870","3003344","3070143","3133928","3221853","3304734","3375807","3428448","3491703","3563497","3636654","3708045","3779217","3855883","3943636","4044740","4163360","4294669","4441711","4602870","4769325","4953166","5161975","5376399","5593743","5817541","6057106","6324284","6601758","6874631","7131467","7373624","7603913","7827079",
"Afghanistan","AFG","Population ages 60-64, female","SP.POP.6064.FE","81920","83227","84655","86188","87814","89544","91329","93151","95024","96940","98941","100966","103051","105279","107536","109707","111686","113590","115364","115164","110478","99613","91194","90106","91845","93240","92775","92222","93064","95657","96734","97921","105849","118668","128472","134108","138778","143538","148292","152776","153316","153147","160146","169608","176179","184067","194237","200879","207715","215872","219720","224014","229733","234717","241909","250615","259240","268570","278758","289739","301209","310081","317139","327552","340773",
"Africa Western and Central","AFW","Population ages 60-64, female","SP.POP.6064.FE","1092318","1109398","1124568","1139202","1155738","1175429","1198279","1223915","1251618","1280093","1308448","1336185","1363875","1393189","1424488","1457758","1492282","1528734","1567398","1607570","1647674","1687039","1727202","1764593","1799981","1837510","1876576","1917456","1960601","2006099","2051335","2097195","2145940","2195400","2245735","2297688","2350507","2405898","2462820","2517516","2572570","2630193","2688067","2745929","2806662","2870017","2931848","2987698","3035319","3079990","3139597","3217998","3308051","3413809","3528986","3639975","3750584","3868564","3992508","4120493","4249874","4384948","4530475","4685899","4846656",
"Angola","AGO","Population ages 60-64, female","SP.POP.6064.FE","49408","48224","46831","45396","43992","42688","41501","40432","39528","38842","38938","39930","41395","43218","45203","47269","49436","51794","54375","57177","60284","63700","67420","71540","76190","81402","87166","93390","99913","106518","113004","119343","125269","130796","136237","141444","146331","151028","155258","158826","161846","164461","166844","169464","172811","176947","181726","186751","191111","194097","197067","201248","206913","215014","225963","238518","251765","265620","279742","294048","308224","322138","336252","350568","364705",
"Albania","ALB","Population ages 60-64, female","SP.POP.6064.FE","20786","21138","21553","22034","22588","23150","23691","24254","24877","25525","26192","26974","27840","28610","29184","29494","29510","29460","29589","30119","31269","32900","34640","36167","37278","37718","38137","39521","41200","43007","44347","44789","45307","45947","46842","47632","48571","49798","51219","52839","54580","56186","57888","58842","58815","57891","56638","55975","56650","58760","61864","65114","67013","68613","70283","72285","74503","76773","78905","80744","82174","83295","83788","83322","82345",
"Andorra","AND","Population ages 60-64, female","SP.POP.6064.FE","138","148","163","185","218","253","279","296","306","312","322","334","346","361","381","402","421","441","465","489","516","553","613","694","784","845","889","933","964","1009","1069","1117","1150","1211","1235","1201","1214","1240","1222","1205","1232","1261","1285","1380","1499","1541","1582","1664","1720","1777","1777","1747","1729","1704","1689","1714","1802","1914","2037","2158","2279","2413","2572","2735","2862",
"Arab World","ARB","Population ages 60-64, female","SP.POP.6064.FE","1041375","1064225","1084308","1105853","1130909","1157316","1182102","1205182","1227984","1251108","1275229","1299241","1320791","1341720","1364228","1393643","1430417","1466298","1504652","1552477","1605160","1657492","1712212","1770738","1830899","1890483","1951030","2012408","2071297","2129975","2197273","2249927","2310922","2378271","2440826","2493357","2540118","2584221","2623734","2655294","2683557","2713455","2748271","2790952","2852060","2942744","3060578","3198379","3353064","3512193","3667675","3841321","4029755","4243565","4470062","4694941","4907384","5105298","5288731","5481300","5691904","5881845","6121551","6404194","6692218",
"United Arab Emirates","ARE","Population ages 60-64, female","SP.POP.6064.FE","830","830","830","831","836","845","857","873","942","1091","1288","1535","1844","2198","2554","2839","2868","2730","2694","2793","2963","3061","3118","3260","3495","3782","3960","4038","4165","4346","4565","4801","5017","5182","5300","5398","5823","6617","7486","8442","9566","10998","12852","15383","18743","22755","27060","31695","36078","38673","39851","41770","43950","46013","48443","51525","54726","56834","57328","57694","57749","59471","63159","70010","80602",
"Argentina","ARG","Population ages 60-64, female","SP.POP.6064.FE","327470","340074","352871","365648","378210","390558","402670","414319","425927","438265","451497","464979","479081","493773","507226","519294","529727","538295","546113","554571","564430","575696","588529","602321","616116","629414","642749","656293","668933","678973","685761","688966","688491","685885","683750","683540","685272","689023","694592","701784","710643","721491","734950","750965","768756","788030","808480","829891","851724","871540","889685","907324","922855","936498","950254","963579","975096","985302","993745","1002289","1011259","1017473","1023995","1034084","1043734",
"Armenia","ARM","Population ages 60-64, female","SP.POP.6064.FE","21834","24249","27165","30309","33234","35803","37877","39323","40410","41523","42668","43976","45581","46947","47251","46297","43553","39649","36938","35181","34109","34711","36736","40066","45015","51218","58144","65517","72086","77075","80312","81657","81085","78684","75470","73504","74193","76773","79810","82302","85404","83373","77102","67270","56454","47732","43676","44938","50406","58114","65866","71966","76650","80940","85223","89499","93698","98071","103248","109198","115086","120054","122304","119985","119376",
"American Samoa","ASM","Population ages 60-64, female","SP.POP.6064.FE","133","141","152","163","171","174","174","173","172","175","179","184","197","212","229","244","251","258","269","272","276","286","299","312","332","359","387","409","429","441","443","436","425","418","423","434","456","489","523","545","554","556","553","548","551","568","594","623","655","694","730","765","801","829","854","878","894","907","927","954","988","1029","1070","1115","1151",
"Antigua and Barbuda","ATG","Population ages 60-64, female","SP.POP.6064.FE","947","980","995","998","994","987","986","996","1011","1025","1044","1064","1077","1089","1104","1118","1133","1153","1173","1189","1202","1211","1218","1225","1214","1181","1151","1122","1086","1043","992","957","942","927","921","926","937","948","965","978","981","996","1032","1073","1114","1177","1259","1339","1415","1489","1566","1655","1747","1834","1933","2030","2115","2214","2347","2500","2649","2779","2892","2997","3089",
"Australia","AUS","Population ages 60-64, female","SP.POP.6064.FE","206025","208067","210879","212370","214013","216285","220650","225055","232476","240913","249693","263109","271815","279829","291812","299198","303515","305644","305674","305419","310049","320323","332149","343782","354840","362811","366847","368425","369397","370224","370137","368316","364042","358866","355867","354879","356586","362150","370826","381814","393538","404976","415585","428343","444890","465175","490693","523766","554279","578038","596990","610389","619180","629210","641771","654582","668545","684001","699759","719209","740895","752480","767118","787336","801741",
"Austria","AUT","Population ages 60-64, female","SP.POP.6064.FE","238565","242289","246048","249317","251632","252915","254053","255299","255985","256601","257859","257692","256765","256131","253411","243455","225039","202357","179383","165040","168669","188120","212835","237211","253860","257719","253001","244294","234525","225227","217375","211438","207348","203405","198370","192682","187390","183411","182565","193912","215861","236972","251708","260489","259397","243766","227374","224361","228852","231737","238499","246131","246351","244079","244255","247855","255747","265436","274566","284467","294590","303685","315138","329026","340905",
"Azerbaijan","AZE","Population ages 60-64, female","SP.POP.6064.FE","61212","63743","65497","66793","67803","68331","68666","68703","68623","68720","68902","69098","69159","69043","68791","68310","67372","65934","67933","70274","72605","75252","77789","81172","86204","91098","96790","105060","114788","123133","131223","136764","140036","141715","139666","137715","141231","147877","152599","156890","157021","150721","138228","120592","101469","86194","77505","78245","88791","104403","120691","136104","148497","158437","169413","183112","198920","216166","233836","253759","273888","290188","301540","310794","316424",
"Burundi","BDI","Population ages 60-64, female","SP.POP.6064.FE","31488","32447","33268","33940","34726","35523","36288","37116","37924","38673","39394","40128","40170","40099","40704","41359","41972","42647","43372","43980","44895","45754","46230","46710","47097","47387","47564","47801","47956","48033","48191","48393","48846","47694","47689","49334","49382","49551","50410","51483","52469","53556","54706","55958","57443","58957","60396","61733","63199","64583","67455","71978","76478","80942","85699","88399","88921","89857","91182","92662","93876","94859","96089","97731","99409",
"Belgium","BEL","Population ages 60-64, female","SP.POP.6064.FE","276446","280534","284241","288174","291888","294293","294138","293024","292560","291006","288023","284967","282947","281645","280692","275340","261507","241057","218027","203639","207617","226218","250556","276165","294917","300745","299546","297388","295798","294387","294363","295661","297060","296791","294058","288732","281548","275457","272614","272112","269521","262719","255112","251331","251632","256158","270581","290625","305911","316056","324336","329769","330065","331384","334308","339320","345395","351432","357228","363677","369304","374688","382114","390155","396924",
"Benin","BEN","Population ages 60-64, female","SP.POP.6064.FE","43591","43567","43352","43036","42794","42688","42695","42828","43045","43248","43410","43534","43620","43713","43873","44127","44484","44947","45470","45982","46450","46882","47280","47668","48091","48579","49129","49746","50456","51298","52288","53440","54780","56636","58363","59659","61139","62726","64440","66392","68592","70975","73554","76303","79092","81854","84324","85806","86629","87222","87720","88546","90229","92635","95441","98694","102198","106048","110208","114665","119378","124377","129745","135371","141063",
"Burkina Faso","BFA","Population ages 60-64, female","SP.POP.6064.FE","46871","48619","50503","52470","54420","56324","58175","59942","61677","63474","65362","67324","69362","71430","73434","75346","77175","78924","80609","82265","83914","85525","87094","88631","90105","91486","92776","93990","95131","96206","97254","98287","99342","100498","101804","103280","104991","107019","109389","111983","114689","117514","120489","123756","127465","131561","135679","139089","140279","139725","139432","139929","141603","145672","151659","157860","164045","170310","176656","183173","189774","196259","202813","209642","216623",
"Bangladesh","BGD","Population ages 60-64, female","SP.POP.6064.FE","481731","495407","509941","524567","538606","552054","564917","577211","589832","604653","620129","630676","647022","674208","701193","727313","752952","776704","798757","820059","840946","861492","882237","903326","924444","945503","966797","988206","1009416","1030449","1051210","1070472","1089497","1109515","1129736","1150834","1174132","1201155","1232201","1266457","1303372","1342131","1382955","1427226","1475453","1527244","1580323","1631338","1670523","1697441","1734592","1790555","1859776","1950219","2063141","2178134","2286709","2356394","2377188","2379243","2364516","2333732","2356931","2441798","2525761",
"Bulgaria","BGR","Population ages 60-64, female","SP.POP.6064.FE","159850","166910","171255","177177","184721","191588","198818","207460","213451","217807","222359","224177","225936","222870","220771","226892","220939","197980","181034","174921","176340","194441","224678","254931","274942","286247","292596","293512","292828","287516","280090","275759","273737","274693","277218","278003","276013","271372","262609","252688","245237","237947","232511","233611","235968","239967","248042","257131","265299","275255","284873","286779","283773","276815","269544","260805","255222","251565","246154","240695","235788","231600","227661","224430","222416",
"Bahrain","BHR","Population ages 60-64, female","SP.POP.6064.FE","1326","1371","1415","1460","1510","1567","1626","1686","1682","1606","1511","1457","1471","1503","1534","1570","1619","1682","1761","1850","1941","2031","2118","2200","2291","2402","2538","2679","2820","2989","3179","3178","3285","3319","3336","3393","3486","3609","3771","3947","4100","4179","4258","4304","4402","4590","4894","5313","5749","6372","6977","7197","7734","8898","10392","11188","11860","13163","14239","15368","16352","17650","18190","19089","19780",
"Bahamas, The","BHS","Population ages 60-64, female","SP.POP.6064.FE","1220","1285","1349","1402","1440","1470","1503","1551","1622","1714","1811","1912","2019","2122","2217","2306","2389","2470","2548","2622","2693","2760","2826","2894","2967","3048","3142","3249","3373","3517","3675","3837","4004","4174","4339","4502","4672","4855","5057","5287","5538","5803","6068","6317","6629","6984","7276","7508","7691","7742","7677","7614","7579","7589","7663","7813","8036","8318","8643","9009","9415","9853","10336","10871","11415",
"Bosnia and Herzegovina","BIH","Population ages 60-64, female","SP.POP.6064.FE","41837","45298","48854","51390","52642","53297","53851","54584","55898","57680","59557","61486","63446","65024","65473","64201","61020","56653","52964","51785","53963","59371","66743","74162","80539","85763","90190","94562","99161","103615","107585","110989","112299","112350","113615","116188","119409","122111","123694","124027","122973","120425","116246","110525","104108","98622","95471","95425","98653","104019","110017","115946","121248","125814","129998","133453","135684","136849","137282","137302","137350","137454","137465","137080","135715",
"Belarus","BLR","Population ages 60-64, female","SP.POP.6064.FE","181213","194117","203226","212769","219322","219040","218170","224068","228046","233805","242289","248592","254406","260076","262403","254757","237613","216282","200432","190903","187246","195593","217480","246717","272721","296750","321519","339356","345371","349492","353275","350327","345942","339254","324538","310524","306898","309040","315683","328786","331226","322036","302281","271058","239491","214221","197786","199994","219529","247601","277195","301047","315044","322678","326852","332658","341590","351096","363815","376637","385442","390642","391173","386057","377247",
"Belize","BLZ","Population ages 60-64, female","SP.POP.6064.FE","1039","1068","1099","1122","1140","1159","1178","1199","1228","1267","1313","1359","1393","1413","1418","1417","1407","1392","1384","1385","1391","1400","1412","1426","1446","1472","1507","1542","1579","1615","1644","1673","1689","1674","1653","1661","1703","1767","1847","1928","1986","2017","2040","2063","2086","2124","2199","2326","2497","2702","2917","3123","3320","3513","3706","3903","4120","4365","4632","4924","5223","5507","5801","6099","6369",
"Bermuda","BMU","Population ages 60-64, female","SP.POP.6064.FE","665","689","712","736","761","790","822","853","878","894","905","922","950","983","1012","1033","1039","1029","1011","992","991","1017","1056","1102","1157","1208","1245","1256","1245","1236","1230","1245","1280","1314","1338","1346","1347","1343","1340","1333","1331","1356","1408","1473","1542","1619","1699","1759","1804","1842","1879","1932","1989","2024","2063","2144","2245","2344","2440","2527","2593","2638","2666","2674","2667",
"Bolivia","BOL","Population ages 60-64, female","SP.POP.6064.FE","45229","45672","46348","47220","48197","49239","50354","51531","52771","54080","55412","56800","58267","59673","60825","61700","62277","62548","62724","63117","63893","65018","66432","68124","70107","72293","74731","77496","80392","83063","85377","87370","89033","90815","92854","94850","96750","98510","100212","102022","103995","106128","108244","110502","113266","116504","120079","123579","126094","127347","128366","129580","130977","133390","137055","141104","145286","149933","155016","160427","165406","169351","173894","179586","185297",
"Brazil","BRA","Population ages 60-64, female","SP.POP.6064.FE","631117","659520","686448","712595","738911","765080","791303","819212","849978","883972","921147","960232","999346","1037468","1074097","1108253","1139761","1170243","1201679","1235756","1274734","1321315","1377165","1441924","1513362","1588306","1664433","1740390","1814485","1884912","1950410","2010854","2065695","2112847","2151990","2185336","2216909","2249444","2286195","2330593","2381109","2435965","2495414","2558957","2628063","2706235","2799956","2915625","3054907","3222790","3410553","3599824","3784271","3961647","4124778","4280664","4439857","4600733","4764097","4929096","5089684","5236762","5379166","5523358","5654490",
"Barbados","BRB","Population ages 60-64, female","SP.POP.6064.FE","3593","3819","4106","4384","4569","4653","4633","4499","4329","4219","4174","4190","4285","4407","4477","4493","4476","4423","4348","4282","4302","4390","4465","4540","4624","4714","4801","4884","4955","4996","4987","4970","4967","4949","4924","4924","4995","5091","5136","5143","5082","4988","4930","4999","5226","5488","5780","6130","6462","6755","7060","7349","7612","7883","8160","8501","8919","9289","9545","9770","9986","10149","10263","10373","10458",
"Brunei Darussalam","BRN","Population ages 60-64, female","SP.POP.6064.FE","1143","1115","1079","1060","1061","1061","1068","1084","1109","1139","1127","1090","1076","1062","1036","1016","1006","1008","1022","1056","1112","1172","1222","1257","1282","1301","1317","1347","1395","1458","1545","1663","1806","1952","2082","2176","2232","2279","2329","2393","2490","2605","2716","2811","2875","2932","3043","3210","3421","3692","3985","4302","4690","5127","5576","6029","6476","6901","7308","7722","8133","8531","8867","9117","9332",
"Bhutan","BTN","Population ages 60-64, female","SP.POP.6064.FE","1884","1932","1983","2038","2097","2161","2229","2299","2372","2449","2529","2613","2701","2794","2893","2998","3108","3225","3347","3475","3611","3754","3903","4059","4225","4397","4576","4764","4960","5163","5367","5531","5398","5255","5321","5327","5409","5587","5778","5994","6211","6401","6564","6693","6784","6866","6976","7110","7252","7399","7569","7787","8063","8392","8778","9223","9691","10125","10474","10726","10903","11053","11216","11422","11681",
"Botswana","BWA","Population ages 60-64, female","SP.POP.6064.FE","5808","5916","6151","6444","6657","6753","6749","6625","6422","6218","6049","5893","5810","5870","6022","6267","6625","7085","7748","8470","8867","9260","9900","10532","11076","11507","11782","11871","11778","11723","11901","12290","12886","13575","14235","14807","15283","15669","15971","16203","16389","16496","16518","16525","16575","16699","16907","17196","17585","18390","19652","20841","21913","22921","23494","23628","23581","23709","24095","24426","24622","24380","24603","25787","27110",
"Central African Republic","CAF","Population ages 60-64, female","SP.POP.6064.FE","23340","23619","23775","23871","24008","24229","24516","24868","25262","25662","26036","26393","26745","27083","27394","27683","27517","26827","26040","25256","24524","23858","23276","22739","22156","21475","20684","19792","19044","18883","19148","19457","19806","20182","20574","20960","21362","21793","22251","22734","23242","23783","24442","25202","26040","27005","27984","28926","29804","29854","30727","33152","35563","38051","39899","41195","42640","43960","45286","46186","47015","47826","47163","47082","48425",
"Canada","CAN","Population ages 60-64, female","SP.POP.6064.FE","285132","291824","298525","305692","313990","323521","334506","346183","358178","370264","382413","400719","414075","429530","446470","461833","472170","479248","484226","490003","502752","522067","545358","568392","587022","597265","601708","605647","607675","610685","611822","612927","615014","616175","615737","614319","613363","613890","617820","626413","638936","657146","682354","712286","744795","778078","818407","866821","914429","957138","996750","1025703","1045468","1068404","1101512","1137122","1175834","1211738","1245299","1274174","1298328","1316005","1343946","1382346","1420058",
"Central Europe and the Baltics","CEB","Population ages 60-64, female","SP.POP.6064.FE","2105554","2182497","2247647","2312417","2373460","2413046","2451535","2510483","2564895","2622646","2679610","2719096","2753592","2773757","2770938","2711007","2553295","2309717","2052548","1912736","1949563","2133073","2417727","2740676","2965328","3082154","3157300","3180510","3184358","3185649","3184513","3175328","3171848","3168574","3144945","3108342","3072414","3045439","3022447","3013266","2990401","2943559","2887206","2842182","2802860","2764394","2784106","2885618","3028580","3221017","3411099","3552513","3650656","3718672","3766569","3800795","3824253","3823889","3794858","3730641","3616128","3475808","3358897","3260825","3183041",
"Switzerland","CHE","Population ages 60-64, female","SP.POP.6064.FE","144415","148343","152172","155010","157098","159339","161144","162413","164847","167580","169197","169872","170193","169710","168416","165667","161011","155780","150775","147020","147826","153522","160023","166143","171495","174206","174410","174259","174327","174615","175218","175347","175538","176435","177159","177517","177995","178253","178474","179449","180973","183660","188731","195814","203354","210657","217528","223277","227597","230562","232168","232273","231890","232301","233529","235844","239591","244508","249592","255631","262747","270299","279994","293654","307653",
"Channel Islands","CHI","Population ages 60-64, female","SP.POP.6064.FE","3331","3417","3458","3489","3539","3590","3631","3690","3770","3830","3859","3876","3891","3909","3925","3919","3834","3659","3463","3339","3367","3482","3578","3654","3685","3644","3600","3574","3556","3530","3508","3505","3497","3470","3453","3437","3449","3511","3572","3632","3682","3672","3620","3619","3668","3738","3959","4310","4571","4735","4860","4864","4815","4802","4775","4761","4800","4884","5045","5260","5458","5639","5812","5980","6161",
"Chile","CHL","Population ages 60-64, female","SP.POP.6064.FE","90807","92977","95090","97336","99947","102986","106405","110166","114112","118024","121762","125452","129232","133000","136537","139854","142921","145689","148507","151972","156501","161900","167905","174764","182898","191985","202173","213737","225352","234794","241357","245175","246204","245477","244766","244989","245930","247614","250087","253178","256782","261108","266408","272888","280648","289873","300910","314078","329470","346325","364003","381540","397647","412205","425794","438881","452412","466885","481513","495832","509078","520887","531979","542995","553821",
"China","CHN","Population ages 60-64, female","SP.POP.6064.FE","8685206","8661101","8846123","9144942","9466826","9779520","10048865","10222359","10350032","10514279","10665706","10752908","10855529","11056928","11330700","11635687","11986270","12340104","12577423","12717408","12918094","13172209","13424988","13749328","14174983","14571452","14837052","15105954","15480723","15784982","16051536","16431344","16877691","17386095","17960671","18515612","19040107","19455280","19626102","19603418","19583131","19715410","19940140","20177256","20566906","21120030","21817927","22787261","24139009","25807916","27921532","30244209","32854073","35445933","37619994","39403725","40520017","41235373","41389486","40213974","37969600","35660756","35002089","37771419","42498544",
"Cote d'Ivoire","CIV","Population ages 60-64, female","SP.POP.6064.FE","31838","32852","33922","35045","36210","37418","38667","39955","41290","42695","44193","45798","47512","49327","51238","53248","55218","57138","59130","61422","64012","66659","69360","72119","74739","77215","79746","82326","84917","87696","90679","93662","96629","99538","102317","104876","107201","109285","110951","111748","111719","111271","110492","109524","108676","108131","107703","107201","109095","114995","123507","133738","145191","157221","166233","172741","180256","188481","197463","207415","217638","227557","237693","248200","258550",
"Cameroon","CMR","Population ages 60-64, female","SP.POP.6064.FE","64939","66294","67692","69144","70625","72139","73687","75267","76885","78550","80272","82045","83862","85720","87601","89485","91328","93128","94981","96971","99247","101651","103607","105445","107540","109649","111762","113895","116040","118190","120399","122648","124925","127267","129637","131967","134354","136883","139399","141629","143532","145213","146763","148348","150215","152411","154691","156690","157873","158553","160021","162599","166264","171509","178201","185139","191833","198576","205490","212702","219889","226912","234258","242313","250799",
"Congo, Dem. Rep.","COD","Population ages 60-64, female","SP.POP.6064.FE","163236","166837","170819","175105","179395","183687","188099","192544","197051","201796","206864","212168","217743","223622","229616","235639","241658","247686","254464","261918","269148","276283","283717","291641","300192","309096","318181","327822","338073","348688","359972","371724","384045","397281","413443","429235","440905","452517","467341","483965","500224","516473","532710","549042","566187","584371","602741","620302","634919","646290","655446","664208","674976","690019","709648","732695","759196","787302","815288","843390","872372","901628","931582","963296","996246",
"Congo, Rep.","COG","Population ages 60-64, female","SP.POP.6064.FE","12086","12364","12634","12899","13173","13460","13758","14061","14372","14693","15020","15354","15699","16052","16412","16735","17028","17422","18054","18950","20034","21194","22205","22760","22689","22404","22383","22733","23474","24428","25323","25979","26278","26237","26079","26002","26115","26377","26780","27221","27670","27920","27744","27544","27618","28044","28833","29918","31137","32571","34119","35587","37029","38541","40376","42495","44786","47270","49881","52446","54966","57537","60256","63273","66618",
"Colombia","COL","Population ages 60-64, female","SP.POP.6064.FE","143859","147480","150858","154150","157703","161756","166149","170740","175770","181601","188156","195552","204085","213036","221009","227637","232900","236601","239568","243280","248428","254826","262486","271357","280917","290318","299964","310240","320549","330589","340276","349820","359614","369649","379589","389572","399617","409632","420233","432598","447379","464767","485061","508177","533647","560952","589727","619238","648431","680336","716017","753157","792673","835697","879087","921949","967096","1014722","1064158","1114151","1162490","1206894","1250927","1296066","1338723",
"Comoros","COM","Population ages 60-64, female","SP.POP.6064.FE","2201","2260","2320","2381","2448","2518","2592","2671","2756","2843","2930","3013","3094","3175","3249","3314","3366","3401","3416","3412","3384","3360","3354","3346","3340","3338","3348","3368","3401","3450","3520","3631","3750","3860","3989","4133","4288","4445","4596","4701","4843","5152","5570","5829","5790","5563","5271","5054","5028","5262","5739","6341","6932","7341","7527","7643","7827","8069","8299","8519","8727","8934","9183","9487","9795",
"Cabo Verde","CPV","Population ages 60-64, female","SP.POP.6064.FE","3388","3458","3521","3604","3687","3768","3850","3929","4005","4076","4111","4111","4110","4114","4126","4119","4082","4026","3953","3868","3833","3862","3901","3957","4033","4124","4231","4349","4474","4601","4763","4942","5092","5208","5286","5316","5299","5253","5184","5104","5056","5040","5002","4919","4801","4663","4523","4385","4265","4206","4328","4719","5274","5850","6377","6832","7239","7627","8020","8415","8764","9096","9459","9817","10153",
"Costa Rica","CRI","Population ages 60-64, female","SP.POP.6064.FE","12150","12638","13084","13496","13898","14330","14838","15442","16130","16887","17691","18507","19311","20074","20757","21331","21809","22231","22680","23240","23959","24852","25897","27080","28370","29712","31118","32617","34159","35664","37135","38570","39941","41248","42574","43970","45449","47056","48765","50480","52198","53966","55797","57759","59983","62551","65477","68697","72205","75971","79783","83596","87522","91540","95630","99917","104414","109150","114218","119506","124827","129940","134715","139022","142644",
"Caribbean small states","CSS","Population ages 60-64, female","SP.POP.6064.FE","29752","30938","32024","32868","33604","34291","34844","35245","35586","35954","36344","36787","37302","37814","38244","38587","38855","39099","39384","39742","40255","40870","41496","42150","42831","43499","44109","44566","44892","45060","45031","45063","45337","45738","46232","46881","47663","48423","49188","50068","51027","52136","53498","55205","57246","58622","61066","63890","66971","69987","73113","76322","79577","83093","87016","91068","94941","98564","101577","104699","108232","111528","114730","117954","120541",
"Cuba","CUB","Population ages 60-64, female","SP.POP.6064.FE","80907","86677","93251","100123","106499","112098","116882","120742","124004","127264","130682","134399","138453","142282","145347","147459","148610","148968","149183","149853","150968","152543","154339","155836","157270","159194","161792","164951","168430","171747","174674","177489","180329","183133","186373","190187","194693","200437","207356","215384","224118","232282","239703","247150","254099","260021","266256","272775","278401","282487","285450","287862","290798","295679","301359","305568","308730","310042","309222","311686","321540","337293","361550","393962","427167",
"Curacao","CUW","Population ages 60-64, female","SP.POP.6064.FE","1662","1665","1684","1706","1732","1767","1800","1843","1910","1983","2053","2128","2142","2097","2062","2014","1966","1941","1937","1968","2026","2091","2166","2225","2267","2305","2333","2352","2367","2393","2440","2504","2582","2683","2791","2899","3009","3091","3090","3020","2942","2886","2979","3190","3432","3718","3992","4224","4413","4579","4796","5039","5203","5338","5493","5659","5833","5988","5723","5593","5799","5872","5967","6116","6235",
"Cayman Islands","CYM","Population ages 60-64, female","SP.POP.6064.FE","162","167","169","168","164","158","156","161","168","178","192","201","207","216","228","236","239","238","237","235","238","243","252","267","282","297","316","329","334","345","364","383","405","426","439","451","466","477","487","497","502","507","517","531","554","587","626","670","708","747","799","863","941","1038","1138","1218","1296","1379","1453","1518","1592","1688","1795","1908","2033",
"Cyprus","CYP","Population ages 60-64, female","SP.POP.6064.FE","11496","11690","11215","10568","10086","10015","10455","11264","12191","13042","13698","14127","14373","14392","14129","13687","13221","12858","12666","12632","12701","12824","12952","13082","13266","13533","13871","14253","14648","15026","15368","15662","15921","16182","16459","16747","17033","17305","17570","17865","18235","18760","19497","20400","21354","22290","23177","24014","24823","25616","26384","27049","27590","28066","28534","29067","29744","30603","31613","32715","33808","34799","35673","36454","37173",
"Czechia","CZE","Population ages 60-64, female","SP.POP.6064.FE","278893","284986","292590","299446","304781","307454","310181","313688","317043","321480","324709","325864","326282","325944","322606","309705","283665","250073","215668","192284","193405","216917","251149","286955","312494","321087","319498","314164","307321","301001","296041","292090","288261","283003","276142","267359","257627","249723","245080","244727","249070","257031","267477","282095","298699","311554","327425","350097","368141","377778","386455","390702","387236","382762","380291","377994","373339","366756","357916","345308","330707","311739","303119","303694","314434",
"Germany","DEU","Population ages 60-64, female","SP.POP.6064.FE","2412398","2463786","2522103","2564636","2596977","2631583","2664874","2695830","2734187","2776958","2798695","2793863","2784664","2773539","2742294","2646750","2452720","2191463","1916900","1734905","1759916","1957502","2197583","2413088","2537163","2531454","2462083","2397232","2362040","2345621","2326757","2297546","2259209","2213225","2206674","2260691","2347011","2462005","2616029","2765582","2865959","2930113","2912283","2825854","2708074","2502509","2284894","2191941","2175592","2184285","2287123","2393034","2505337","2584838","2629342","2654914","2682219","2718612","2764038","2826150","2904290","2995486","3091215","3195962","3295315",
"Djibouti","DJI","Population ages 60-64, female","SP.POP.6064.FE","742","775","812","854","902","956","1012","1073","1136","1209","1295","1388","1489","1601","1731","1890","2083","2307","2547","2780","2986","3156","3297","3430","3580","3767","4003","4284","4586","4976","5534","6053","6035","5956","6110","6210","6395","6635","6904","7167","7425","7696","7981","8251","8514","8808","9149","9526","9931","10361","10737","10994","11162","11293","11431","11652","12011","12485","13026","13610","14217","14840","15507","16229","16983",
"Dominica","DMA","Population ages 60-64, female","SP.POP.6064.FE","903","923","939","959","984","1013","1032","1035","1024","996","980","991","1012","1033","1055","1072","1090","1113","1137","1159","1166","1156","1130","1097","1070","1061","1066","1080","1102","1114","1119","1117","1126","1143","1163","1184","1207","1223","1221","1217","1203","1184","1161","1142","1129","1126","1132","1146","1168","1189","1211","1229","1258","1274","1296","1348","1431","1521","1584","1650","1710","1764","1808","1853","1904",
"Denmark","DNK","Population ages 60-64, female","SP.POP.6064.FE","118004","119550","121663","123566","125274","127409","129164","130623","132618","135397","137836","139494","140811","141595","141433","140359","138867","137309","135972","134371","135204","138467","139963","140451","141436","140301","136965","134570","132592","130089","127851","126112","124936","123942","123438","123764","124633","126446","129106","131649","134142","137216","141417","147652","156069","165930","176243","184633","188615","188354","185321","180272","174819","171728","170652","170238","170900","172109","172745","173342","174589","176255","178858","183401","188960",
"Dominican Republic","DOM","Population ages 60-64, female","SP.POP.6064.FE","24910","25694","26497","27317","28151","28997","29868","30779","31731","32725","33763","34837","35946","37100","38312","39599","40962","42398","43913","45509","47194","48982","50867","52834","54860","56937","59046","61163","63290","65457","67669","69928","72232","74580","76925","79160","81435","83879","86240","88105","89488","90515","91219","91976","93396","96040","99966","105096","111328","118038","125153","132875","140963","149430","158650","168198","177543","186778","195781","204413","212495","219786","226560","232824","238057",
"Algeria","DZA","Population ages 60-64, female","SP.POP.6064.FE","139445","138696","132522","126713","125104","126854","128595","129646","130784","131992","133045","133725","134039","134268","134681","140374","151518","158056","159841","162048","164825","168300","172468","177247","182645","188708","195413","202760","210907","219773","229064","238487","251113","266420","280987","294800","307391","318670","326188","330204","333425","335871","337586","338651","339587","341550","346071","354781","369100","389485","415005","443867","474140","504104","532575","559174","584124","607733","630224","652114","673461","696121","722597","753383","788479",
"East Asia & Pacific (excluding high income)","EAP","Population ages 60-64, female","SP.POP.6064.FE","11075002","11135408","11412550","11808704","12227301","12629771","12984600","13243641","13454772","13704356","13944867","14122049","14314098","14603202","14960843","15344679","15771569","16202271","16520300","16749755","17049950","17412898","17786189","18244728","18817845","19375253","19814309","20266028","20831865","21336798","21813123","22411472","23085102","23827665","24634248","25411723","26148026","26760870","27107892","27248354","27383411","27646606","27971402","28290463","28757207","29404519","30231340","31365899","32936791","34895252","37365808","40052681","43043291","46078472","48754546","51084231","52795552","54157765","54961472","54412412","52757254","50964915","50786598","54045946","59239354",
"Early-demographic dividend","EAR","Population ages 60-64, female","SP.POP.6064.FE","10421492","10718394","10940418","11134372","11370605","11660744","11998064","12394642","12820802","13231889","13609695","13946153","14247793","14537996","14828897","15135073","15455485","15785933","16133183","16504690","16896509","17331353","17814490","18327773","18869582","19430741","20009707","20616125","21247431","21896118","22578010","23258523","23961149","24643134","25315786","26010887","26714096","27416147","28076328","28685034","29245988","29765491","30245488","30731253","31296395","31990624","32828969","33784875","34807072","36052491","37603996","39317600","41170092","43205967","45222930","47102010","48937947","50701205","52380957","54020125","55601373","57017136","58569595","60347602","62124310",
"East Asia & Pacific","EAS","Population ages 60-64, female","SP.POP.6064.FE","13282692","13414699","13753796","14193772","14647072","15069860","15460443","15791692","16110582","16485443","16856915","17179074","17463475","17835734","18268845","18713512","19188335","19654078","19985497","20276061","20694248","21191862","21733147","22385635","23126336","23827581","24410902","24985650","25667154","26280442","26852747","27561462","28355072","29206203","30117061","31009609","31855673","32546453","32935334","33132191","33389126","33815219","34310479","34824353","35363654","35868719","36698013","38115144","40042901","42382286","45276029","48169699","51087540","53949006","56461760","58726527","60437042","61795365","62650146","62235296","60709521","59015185","58947475","62335145","67597284",
"Europe & Central Asia (excluding high income)","ECA","Population ages 60-64, female","SP.POP.6064.FE","2350273","2486642","2602378","2738819","2852003","2899382","2937767","3005497","3045640","3103663","3168880","3245588","3357767","3452699","3508462","3482303","3333263","3102685","2938436","2858960","2841294","2957895","3195587","3469728","3724025","3977229","4217520","4417111","4549590","4665833","4713022","4674304","4637823","4520035","4309117","4209731","4273439","4416157","4655481","4924069","5097783","5084605","4897455","4552155","4175384","3850149","3635239","3628435","3803601","4111020","4522109","4923111","5220990","5481580","5694165","5839577","5995616","6142018","6280070","6444637","6599556","6731413","6749891","6766189","6879270",
"Europe & Central Asia","ECS","Population ages 60-64, female","SP.POP.6064.FE","16016225","16556943","17036421","17588738","18099379","18442359","18693073","19030503","19343291","19691693","20044731","20341285","20658953","20910992","21029640","20753283","19834593","18430002","17089366","16198547","16116811","16978288","18345923","19846507","21100042","21930606","22514262","22988200","23334201","23601371","23685999","23551480","23311871","22851937","22181703","21774294","21781109","22117787","22799780","23613647","24128336","24153086","23564883","22490556","21363480","20372709","19995731","20597159","21759322","23210596","24784903","25923434","26606842","27134562","27540130","27883259","28298837","28697723","29115619","29549757","29928728","30234025","30413945","30609429","30869027",
"Ecuador","ECU","Population ages 60-64, female","SP.POP.6064.FE","54539","55322","56319","57449","58582","59702","60771","61728","62709","63956","65504","67404","69712","72167","74320","76013","77259","78036","78596","79383","80616","82246","84286","86696","89332","92110","95071","98239","101556","104950","108426","112000","115615","119253","122908","126595","130267","133888","137617","141749","146378","151459","157106","163319","169877","176585","183283","190189","198407","208366","218912","229522","240130","249533","257274","264630","272387","280507","289076","297962","306029","313465","322043","331787","342077",
"Egypt, Arab Rep.","EGY","Population ages 60-64, female","SP.POP.6064.FE","324221","334461","345763","357861","370249","382599","394999","407526","419969","431987","443508","454513","464983","475301","486225","498042","510273","522990","536381","550260","564651","579487","594686","610226","625700","640863","655399","669165","682686","696444","710814","725405","740356","754928","766806","774365","778725","781063","780309","776171","771359","767907","767797","776755","800250","840842","898101","967666","1037586","1096529","1147385","1194738","1238864","1287398","1346513","1408951","1467643","1522979","1574588","1623249","1669425","1713327","1759266","1809600","1860946",
"Euro area","EMU","Population ages 60-64, female","SP.POP.6064.FE","7317787","7484006","7633549","7775634","7913507","8039972","8133079","8234035","8349944","8472054","8583636","8637296","8674236","8709529","8694602","8514250","8091718","7503465","6869838","6412926","6475536","7021730","7714231","8403665","8933328","9114542","9081652","9038565","9014665","9026101","9044563","9047643","9031415","8989458","8952121","8959376","8993687","9047485","9147709","9270260","9368302","9407014","9346837","9262305","9183148","9020821","8969040","9211799","9549969","9869251","10237620","10486900","10615487","10670344","10696529","10760478","10880032","11026037","11207282","11417568","11653899","11881896","12133803","12426802","12713904",
"Eritrea","ERI","Population ages 60-64, female","SP.POP.6064.FE","9235","9381","9540","9711","9894","10092","10290","10496","10728","10986","11274","11592","11939","12304","12668","13026","13419","13844","14281","14740","15219","15723","16255","16733","17154","17593","18050","18585","19209","19857","20527","19601","18644","19402","20137","21097","22007","22537","23101","23673","24249","24992","25830","26796","27833","28545","29029","29511","29929","30258","30467","30545","30668","31054","31469","32013","32766","33438","34360","35641","37120","38718","40444","42108","43506",
"Spain","ESP","Population ages 60-64, female","SP.POP.6064.FE","659804","682903","695300","716869","743909","756585","762804","779344","792090","801458","814713","828871","839734","850608","856027","854385","850798","848106","847214","848937","859445","882602","913670","947137","979515","1006516","1026693","1041387","1054358","1068720","1085106","1101576","1116487","1132035","1140681","1139158","1138342","1127426","1086486","1026908","997638","979474","958546","987102","1055235","1103707","1138238","1187562","1228596","1255324","1262319","1265895","1278185","1279230","1277302","1295800","1328757","1368254","1415897","1472330","1530072","1580491","1631033","1687680","1748514",
"Estonia","EST","Population ages 60-64, female","SP.POP.6064.FE","37240","38229","39172","40229","41020","41261","41510","42065","42384","42823","43532","44056","44294","44424","44300","43243","40829","37556","34980","33287","32286","33548","36887","40366","43412","46433","48708","50007","50835","51270","51384","51188","50679","49328","47336","45814","44933","44817","45502","47352","48690","49028","48267","45531","42406","39838","37978","37629","39290","41965","44521","46182","46890","46946","46656","46796","46964","46923","47130","47324","47207","47063","47540","47861","47321",
"Ethiopia","ETH","Population ages 60-64, female","SP.POP.6064.FE","210703","217822","226506","236093","245180","253258","260097","265929","271488","277212","283447","290050","296888","303996","311027","317776","325118","330652","335419","339590","340679","348577","361429","370156","377669","385413","393300","402851","414001","425193","436322","448243","460784","473304","486122","499369","513396","528271","543827","559574","575264","591147","607657","625579","645906","668735","693552","719747","743866","764568","777479","784888","795316","811454","834245","866687","905306","943514","986263","1037328","1094647","1155929","1222092","1288977","1350765",
"European Union","EUU","Population ages 60-64, female","SP.POP.6064.FE","9350314","9581739","9789113","9989532","10184940","10352832","10486236","10643635","10811843","10989114","11155378","11247851","11319086","11375077","11361144","11134993","10583730","9790739","8936042","8356067","8452345","9156812","10084725","11041448","11755994","12023405","12036630","11998805","11968067","11971024","11978249","11969695","11950328","11901306","11840998","11818326","11824885","11859699","11945061","12064397","12146717","12152961","12050142","11945239","11862946","11706044","11714566","12082819","12566563","13058888","13582410","13935132","14130931","14233045","14293948","14382584","14518755","14661725","14810774","14954858","15079323","15171871","15313518","15520026","15747419",
"Fragile and conflict affected situations","FCS","Population ages 60-64, female","SP.POP.6064.FE","3181958","3291757","3385340","3508429","3626953","3701804","3782626","3900010","3995780","4099682","4203686","4312399","4445869","4566068","4671045","4730264","4701574","4614744","4587159","4607039","4624771","4726887","4915349","5115262","5297622","5487773","5670155","5826729","5934600","6045526","6120778","6139955","6202838","6220359","6152973","6170839","6296775","6477450","6753153","7061161","7307290","7427768","7450552","7388033","7328522","7312354","7349235","7498370","7709319","7978484","8319299","8675031","8997805","9350220","9694004","9980691","10278612","10571653","10861547","11180023","11501764","11803226","12011415","12254830","12610489",
"Finland","FIN","Population ages 60-64, female","SP.POP.6064.FE","101465","104110","107121","109255","111300","114132","117160","120789","124745","128320","131391","133614","134786","135200","134642","133028","130494","127891","126233","123028","122094","125649","128503","131121","135755","138438","137738","137231","136679","136678","137041","136591","135501","133020","129747","127414","126202","126442","129049","133124","134459","137992","140462","139044","139848","146407","156145","169096","184943","196779","203356","202980","199831","196301","193066","191071","190281","189166","186755","184417","182724","181419","181050","183019","185135",
"Fiji","FJI","Population ages 60-64, female","SP.POP.6064.FE","2805","2860","2920","2994","3081","3175","3276","3388","3498","3610","3735","3880","4034","4194","4367","4561","4765","4978","5185","5356","5491","5591","5668","5746","5831","5928","6030","6129","6246","6399","6582","6795","7026","7277","7558","7865","8196","8584","9023","9464","9894","10321","10723","11060","11339","11636","12012","12444","12907","13361","13668","13836","13986","14152","14399","14813","15326","15852","16402","16958","17499","17933","18346","18811","19219",
"France","FRA","Population ages 60-64, female","SP.POP.6064.FE","1346363","1366684","1387019","1408635","1425964","1438070","1443060","1439845","1440113","1444724","1448185","1444725","1443437","1446490","1443546","1391103","1275498","1145030","1024388","928338","957807","1116944","1279235","1422482","1542494","1589077","1576627","1569662","1569906","1572758","1578958","1585496","1589900","1586326","1575809","1555380","1525507","1496393","1471039","1454262","1435317","1403507","1380686","1384731","1401662","1433318","1532389","1684647","1825492","1954017","2079865","2149755","2159385","2157881","2151392","2145683","2145510","2151668","2159763","2173055","2188274","2199188","2209113","2222761","2239454",
"Faroe Islands","FRO","Population ages 60-64, female","SP.POP.6064.FE","608","604","598","593","590","592","599","614","639","668","698","728","754","780","807","835","861","882","900","917","936","953","975","1000","1020","1022","1017","1023","1017","994","981","990","987","963","923","880","842","827","834","849","881","934","974","1033","1100","1126","1136","1158","1174","1232","1331","1388","1391","1395","1378","1358","1368","1395","1425","1458","1491","1506","1518","1527","1513",
"Micronesia, Fed. Sts.","FSM","Population ages 60-64, female","SP.POP.6064.FE","436","451","466","479","489","501","514","526","537","550","562","573","586","600","613","623","631","637","646","661","680","703","724","742","759","772","782","793","806","822","841","863","898","945","991","1023","1054","1100","1155","1206","1197","1122","1045","995","975","970","985","1023","1066","1122","1216","1313","1398","1491","1577","1669","1776","1863","1920","1975","2030","2043","2051","2085","2087",
"Gabon","GAB","Population ages 60-64, female","SP.POP.6064.FE","10807","10878","10951","11024","11100","11179","11259","11339","11419","11506","11600","11692","11786","11878","11974","12072","12169","12267","12365","12463","12562","12662","12764","12863","12960","13057","13150","13239","13329","13420","13510","13607","13707","13811","13916","14023","14135","14266","14408","14535","14648","14762","14880","15020","15220","15503","15859","16273","16683","17105","17646","18264","18883","19558","20258","20871","21436","22034","22687","23413","24210","25065","25988","26974","27991",
"United Kingdom","GBR","Population ages 60-64, female","SP.POP.6064.FE","1515888","1540033","1564885","1601333","1636560","1654687","1665738","1679575","1695709","1708993","1716683","1717910","1713158","1706531","1699936","1687097","1658530","1606160","1531335","1482773","1504790","1560317","1616940","1674893","1696573","1656411","1600350","1560960","1543903","1535767","1520472","1504100","1481792","1458102","1437556","1420616","1413366","1420836","1436465","1454872","1466906","1469244","1481758","1513497","1555608","1604859","1680775","1779227","1851878","1884904","1901574","1890512","1848060","1821633","1825822","1840332","1867925","1897465","1929961","1963682","1982049","2007054","2057272","2116784","2167537",
"Georgia","GEO","Population ages 60-64, female","SP.POP.6064.FE","66089","69842","74020","78114","81666","84511","86430","87753","89612","92385","95757","99716","103824","107497","110127","110464","108244","104099","99126","95114","93244","93813","96667","101076","106563","113401","121646","131017","140676","145755","146979","147740","146673","144270","138143","130999","128135","129203","132869","137441","140337","138594","129332","112634","93427","76676","66267","64866","72277","84042","96299","105571","111074","114626","117150","119144","120997","123030","125372","128009","131273","133764","135976","137113","136299",
"Ghana","GHA","Population ages 60-64, female","SP.POP.6064.FE","46750","48215","49907","51440","52818","54230","55812","57493","59057","60554","62041","62810","63281","64511","66294","68487","71158","74615","78748","83201","86817","89445","92731","96682","100079","103279","107406","112689","119131","126196","133509","141153","149059","157440","166279","174608","182099","189176","195661","201076","205741","210346","214468","216759","217241","217312","216917","216187","217390","221480","227884","235736","244082","252217","260078","267794","276506","287580","300893","315682","331061","351318","376607","401940","426642",
"Gibraltar","GIB","Population ages 60-64, female","SP.POP.6064.FE","542","561","572","572","577","574","564","572","594","614","626","643","664","675","675","676","665","653","662","679","703","734","754","753","752","743","725","709","682","662","654","633","617","625","630","632","647","662","672","684","708","701","660","622","615","670","748","820","896","950","942","917","916","910","902","902","924","960","993","1026","1053","1082","1114","1142","1159",
"Guinea","GIN","Population ages 60-64, female","SP.POP.6064.FE","41732","42570","43491","44463","45447","46441","47433","48406","49411","50523","51751","53092","54558","56077","57537","58913","60212","61429","62600","63791","65030","66311","67632","68975","70323","71670","73012","74341","75646","76906","78797","81095","82724","84211","85689","86989","88331","89467","90564","91651","92508","93252","94185","95362","96687","97905","98954","100298","102021","103720","105917","108721","111380","113929","116740","119609","122413","125456","128741","132272","135946","139690","143707","147992","152315",
"Gambia, The","GMB","Population ages 60-64, female","SP.POP.6064.FE","3869","3962","4060","4162","4268","4378","4494","4615","4741","4875","5014","5161","5320","5489","5636","5749","5838","5897","5944","6022","6140","6297","6505","6727","6970","7235","7471","7671","7854","8053","8274","8512","8752","8948","9092","9221","9351","9483","9636","9841","10111","10443","10847","11335","11891","12488","13098","13645","14000","14108","14246","14598","15135","15972","17167","18490","19810","21217","22707","24246","25786","27288","28747","30169","31522",
"Guinea-Bissau","GNB","Population ages 60-64, female","SP.POP.6064.FE","7225","7206","7072","6894","6751","6694","6776","7029","7397","7724","7999","8233","8429","8625","8621","8385","8057","7650","7192","6986","7128","7352","7594","7863","8167","8499","8844","9184","9507","9799","10057","10231","10356","10501","10618","10667","10659","10627","10594","10568","10559","10584","10654","10783","10990","11285","11672","12167","12773","13484","14303","15204","16144","17079","17974","18794","19530","20185","20756","21237","21598","21858","22114","22397","22680",
"Equatorial Guinea","GNQ","Population ages 60-64, female","SP.POP.6064.FE","4158","4200","4247","4302","4362","4429","4502","4583","4664","4693","4642","4542","4417","4281","4150","4031","3921","3853","3841","3868","3965","4135","4355","4540","4670","4795","4908","5013","5114","5218","5322","5433","5553","5675","5795","5909","6020","6136","6262","6404","6811","7508","8275","9084","9870","10279","10313","10320","10386","10696","11309","12139","13137","14201","15128","15830","16355","16747","17116","17566","18154","18934","19894","20918","21881",
"Greece","GRC","Population ages 60-64, female","SP.POP.6064.FE","158869","165461","170825","173778","177439","197061","203865","206054","208298","211597","227593","231169","236312","242563","246277","246493","245347","241265","232915","226696","222134","217202","219926","225111","232478","244629","262038","279150","296853","315877","327074","330648","331654","331786","330328","331610","333303","333179","331866","329010","323036","312541","298372","285525","277616","278176","287379","301611","315969","326445","331573","332546","331612","330450","331103","334648","339960","345326","351674","359002","364412","366845","369223","372176","375750",
"Grenada","GRD","Population ages 60-64, female","SP.POP.6064.FE","1260","1237","1189","1129","1073","1027","987","955","930","909","894","912","964","1020","1072","1122","1170","1211","1253","1298","1340","1369","1384","1398","1415","1432","1454","1483","1518","1553","1588","1624","1656","1682","1708","1731","1748","1766","1780","1787","1778","1735","1675","1615","1560","1529","1535","1573","1641","1728","1815","1888","1949","2017","2097","2192","2308","2450","2601","2747","2885","2999","3080","3131","3154",
"Greenland","GRL","Population ages 60-64, female","SP.POP.6064.FE","299","309","317","328","346","370","384","396","409","422","438","452","467","475","477","474","471","473","479","487","488","486","483","485","498","523","561","611","664","711","748","767","773","776","778","770","752","735","726","729","751","795","850","900","938","950","935","907","880","873","900","947","987","1049","1140","1202","1251","1302","1357","1436","1526","1630","1727","1839","1946",
"Guatemala","GTM","Population ages 60-64, female","SP.POP.6064.FE","31457","32664","33708","34674","35622","36552","37516","38587","39789","41144","42655","44293","46009","47698","49069","50049","50776","51690","53024","54585","56475","58837","61722","65280","69353","73523","77719","81982","86159","89854","92714","94770","96029","96218","95504","94358","92811","90963","89515","89242","90343","92725","96283","100795","105914","111345","117044","123041","129667","136690","143471","150184","157101","163888","170688","178044","185751","193511","200926","207791","213983","219119","224126","229883","235992",
"Guam","GUM","Population ages 60-64, female","SP.POP.6064.FE","338","359","383","408","433","453","466","476","484","494","513","546","585","627","676","724","771","825","877","917","955","995","1032","1084","1159","1251","1359","1465","1552","1613","1655","1690","1727","1775","1839","1917","2003","2094","2190","2288","2350","2354","2320","2276","2266","2321","2454","2647","2872","3094","3280","3419","3527","3620","3705","3788","3866","3941","4013","4088","4174","4273","4378","4481","4565",
"Guyana","GUY","Population ages 60-64, female","SP.POP.6064.FE","5713","5942","6099","6244","6353","6413","6426","6418","6423","6472","6596","6752","6905","7060","7175","7222","7197","7126","7047","7005","7041","7155","7344","7596","7863","8075","8162","8084","7843","7479","7065","6797","6770","6880","7055","7236","7375","7452","7476","7475","7468","7478","7526","7638","7819","8062","8366","8724","9120","9532","9942","10333","10716","11114","11548","12037","12587","13196","13900","14581","15158","15619","16035","16484","16870",
"High income","HIC","Population ages 60-64, female","SP.POP.6064.FE","20236648","20813336","21312931","21853981","22379715","22764064","23088688","23557003","24066212","24598660","25127671","25610649","26023450","26380020","26638444","26573109","25954858","24900384","23832211","23195337","23360634","24381997","25831915","27367621","28615460","29400951","29904991","30286319","30589668","30803011","30875450","30842744","30715468","30421689","30028431","29831410","29896787","30208062","30780216","31500966","32092125","32473604","32529379","32343528","31998405","31479353","31713033","33109048","34917575","36880046","38924672","40219543","40733647","41047099","41367743","41833323","42431116","42980842","43566553","44183283","44723500","45113434","45540215","46013287","46365523",
"Hong Kong SAR, China","HKG","Population ages 60-64, female","SP.POP.6064.FE","38179","39336","38854","36315","31589","29950","31682","37563","45732","51890","58761","63913","66894","70039","73353","75429","76616","77838","79452","84233","87905","92060","95146","98203","100759","103347","106600","109384","111107","113064","114852","117301","118841","121402","124020","124023","127100","126810","125258","122655","119182","114692","110061","105978","105699","108579","116205","129952","146915","164115","182289","197975","210407","219389","228271","236663","246835","262625","280528","295468","303510","307919","313806","332662","341162",
"Honduras","HND","Population ages 60-64, female","SP.POP.6064.FE","21967","22280","22380","22381","22446","22652","22965","23355","23830","24396","25009","25717","26577","27428","28043","28479","28680","28539","28330","28487","29158","30363","32144","34222","36117","37638","38813","39587","40044","40510","41176","42013","43047","44193","45265","46186","47029","47843","48534","49205","50000","50868","51850","53044","54615","56662","59182","62309","66182","71093","76734","82436","87978","93156","97586","101459","105346","109269","113207","117167","121047","124719","128645","133030","137618",
"Heavily indebted poor countries (HIPC)","HPC","Population ages 60-64, female","SP.POP.6064.FE","1644307","1685473","1729224","1774894","1822026","1870360","1919270","1968982","2020535","2073610","2127394","2180999","2234307","2289830","2346177","2401758","2457424","2511050","2567351","2627915","2681844","2732767","2793626","2859396","2924583","2987709","3049751","3115279","3182394","3251419","3318345","3381339","3452831","3534530","3604439","3669799","3745497","3825168","3910709","3999803","4088232","4181060","4284262","4392751","4508784","4640264","4783419","4930114","5075541","5223109","5378080","5545530","5730003","5939477","6167923","6401380","6642143","6890645","7148431","7417481","7691489","7963521","8242255","8529739","8820994",
"Croatia","HRV","Population ages 60-64, female","SP.POP.6064.FE","96760","101600","106307","109997","112455","114297","116070","118201","121080","124266","126997","128877","129718","129409","127130","121495","111970","100014","89248","84344","88395","100347","116223","131554","141685","146064","148056","149092","149584","150301","152237","152014","151471","155729","160060","159461","156703","155436","154259","152235","149552","141457","138523","135649","130823","123992","120045","120487","122740","128443","137231","143370","145926","148320","149870","150787","153558","154983","154788","154352","153390","151526","149767","148851","147600",
"Haiti","HTI","Population ages 60-64, female","SP.POP.6064.FE","45904","48072","50238","52295","54238","56097","57795","59318","60694","61981","63203","64346","65406","66386","67277","68076","68790","69422","69976","70442","70819","71128","71387","71591","71743","71869","71967","72040","72171","72481","73046","73870","74963","76340","77994","79893","82108","84680","87419","90018","92326","94327","96059","97701","99425","101344","103332","105639","108478","111271","113295","115892","119475","122889","126591","130486","134299","138060","141768","145550","149187","152517","156062","160194","164650",
"Hungary","HUN","Population ages 60-64, female","SP.POP.6064.FE","268981","274600","278679","282921","286293","286997","288645","293205","298740","306977","317124","324932","331101","336164","338235","328411","302063","268149","233122","213331","222198","252130","289074","324786","342935","344243","342781","337400","332484","328641","324863","321897","319973","318452","315480","310974","306617","304006","302060","301593","303746","306513","310147","314162","319122","320487","317298","317627","322203","327119","335676","352968","363968","369403","380762","392069","397219","395358","384731","364982","342215","321906","306208","295964","288484",
"IBRD only","IBD","Population ages 60-64, female","SP.POP.6064.FE","","","","","","","","","","","","","","","","","","","","","","","","","","","","","","","","","","","","","","","","","","","","","","","","","","","","","","","","","","","","","","","","","",
"IDA & IBRD total","IBT","Population ages 60-64, female","SP.POP.6064.FE","28714673","29407097","30190222","31133079","32111932","33004524","33852996","34741874","35576979","36466358","37337116","38121488","38933424","39774660","40614680","41299191","41685887","41802588","41960659","42280694","42846262","43887898","45343604","47054792","48876996","50720896","52455093","54107045","55717616","57158202","58396193","59549429","60727033","61769284","62641368","63699079","65082403","66634503","68184591","69605552","70727198","71543835","71907273","71819021","71910914","72550463","73995360","76527655","80059652","84577238","90006183","95522177","101198526","106961968","112188512","116766731","120657909","124057498","126811918","128190321","128351651","128155414","129498083","134448940","141378249",
"IDA total","IDA","Population ages 60-64, female","SP.POP.6064.FE","","","","","","","","","","","","","","","","","","","","","","","","","","","","","","","","","","","","","","","","","","","","","","","","","","","","","","","","","","","","","","","","","",
"IDA blend","IDB","Population ages 60-64, female","SP.POP.6064.FE","","","","","","","","","","","","","","","","","","","","","","","","","","","","","","","","","","","","","","","","","","","","","","","","","","","","","","","","","","","","","","","","","",
"Indonesia","IDN","Population ages 60-64, female","SP.POP.6064.FE","870037","904250","942808","986085","1032790","1077226","1120846","1167756","1215038","1261665","1307163","1351105","1392794","1431413","1466169","1496478","1522439","1545606","1568214","1592528","1620832","1655039","1697186","1749314","1812872","1888884","1977030","2074780","2178246","2283861","2388145","2488579","2585267","2679704","2772229","2862734","2951557","3037737","3119234","3193451","3258735","3314656","3361881","3401438","3432526","3459968","3490739","3517961","3538186","3543580","3557942","3610516","3702935","3839699","4029667","4251110","4472556","4695879","4920128","5144252","5359148","5553928","5754127","5968388","6176970",
"IDA only","IDX","Population ages 60-64, female","SP.POP.6064.FE","","","","","","","","","","","","","","","","","","","","","","","","","","","","","","","","","","","","","","","","","","","","","","","","","","","","","","","","","","","","","","","","","",
"Isle of Man","IMN","Population ages 60-64, female","SP.POP.6064.FE","2005","2058","2109","2162","2212","2258","2296","2323","2340","2357","2381","2392","2384","2382","2385","2372","2329","2251","2141","2049","2028","2072","2146","2226","2251","2204","2136","2073","2029","1999","1979","1946","1902","1861","1827","1805","1798","1819","1866","1916","1948","1979","2025","2086","2165","2252","2354","2479","2592","2695","2795","2828","2791","2734","2672","2614","2589","2616","2672","2744","2827","2892","2964","3056","3142",
"India","IND","Population ages 60-64, female","SP.POP.6064.FE","4988724","5101196","5134077","5134806","5176840","5280811","5441304","5663347","5916388","6147254","6336192","6487144","6597839","6686239","6782064","6896911","7026071","7171773","7329057","7489318","7650247","7812113","7975811","8145675","8328719","8528322","8742811","8971182","9214632","9474571","9750001","10039111","10341072","10651256","10959101","11256080","11552479","11857711","12155223","12415024","12633499","12819832","12979153","13142608","13358193","13647704","14006532","14417473","14844277","15454467","16289077","17188943","18152621","19201194","20162720","20966787","21730518","22450059","23107841","23701669","24253235","24710449","25198184","25809183","26456422",
"Not classified","INX","Population ages 60-64, female","SP.POP.6064.FE","","","","","","","","","","","","","","","","","","","","","","","","","","","","","","","","","","","","","","","","","","","","","","","","","","","","","","","","","","","","","","","","","",
"Ireland","IRL","Population ages 60-64, female","SP.POP.6064.FE","64615","65782","65695","65564","65302","64048","63038","63227","63549","63997","64878","66417","68724","71119","72950","73761","73588","72319","70615","70058","70552","71560","73073","74438","74671","73746","72831","71984","70918","70127","69420","68817","68678","68864","68771","68907","69766","70830","71939","73493","75010","76061","77672","80193","83052","86352","90622","95417","99707","103531","106443","108395","110185","112002","114030","116515","119621","122599","125760","129530","133348","137233","141903","147021","151554",
"Iran, Islamic Rep.","IRN","Population ages 60-64, female","SP.POP.6064.FE","238424","242964","247393","251970","257073","262433","268258","274689","280723","285111","287716","288540","287556","286229","287107","291620","299007","308958","322091","339311","360245","387423","419806","452162","481197","505502","525245","539441","549906","561171","575391","592205","610735","626796","642118","659111","675883","692412","707856","720967","731874","741139","749480","758856","772698","793121","819812","852599","889361","941723","1012245","1087115","1162168","1235600","1293400","1333606","1372176","1412826","1462203","1523119","1587580","1653950","1720190","1778696","1827847",
"Iraq","IRQ","Population ages 60-64, female","SP.POP.6064.FE","105089","109641","114533","119436","123822","127563","130676","133119","135106","136982","138959","140936","142910","144992","147156","149278","151403","153922","156570","158422","159668","160297","159940","159515","159825","159720","160361","162199","163912","166421","166787","167385","171898","180125","188580","194427","199921","205047","210242","215939","222080","228198","234836","241689","248617","256113","257693","254021","259459","271343","282412","297466","321830","349548","372761","389125","398633","396236","383506","374997","375048","383974","416393","468160","517168",
"Iceland","ISL","Population ages 60-64, female","SP.POP.6064.FE","3219","3208","3209","3248","3321","3370","3429","3514","3576","3625","3636","3677","3787","3868","3930","4020","4077","4107","4160","4187","4234","4358","4481","4591","4706","4763","4806","4864","4888","4947","5116","5256","5295","5301","5279","5191","5112","5068","5003","4941","4910","4933","5080","5383","5725","6069","6389","6658","6953","7266","7524","7820","8117","8330","8559","8852","9134","9418","9716","10000","10240","10361","10525","10590","10617",
"Israel","ISR","Population ages 60-64, female","SP.POP.6064.FE","34942","37539","39582","40561","41610","42804","44264","47435","50433","54252","58651","62676","65582","68549","70282","70620","70211","68644","66523","65118","65457","67545","71517","76589","80207","82428","83770","84643","83790","82304","83664","88338","90548","92040","93014","96099","100438","103862","107090","110629","113168","113719","111097","107099","105513","108155","116982","132279","148019","161581","172723","180422","183259","185924","190115","193048","193970","194068","194527","195888","197666","199143","200656","204052","204172",
"Italy","ITA","Population ages 60-64, female","SP.POP.6064.FE","1206961","1227797","1245235","1264267","1289697","1318068","1347323","1381016","1422478","1467338","1507125","1540558","1566936","1588042","1598404","1592911","1551030","1453400","1320299","1206639","1187698","1261837","1392808","1551347","1691241","1744293","1743304","1740798","1728693","1728271","1733716","1743375","1748282","1743929","1731044","1725760","1723260","1716319","1730712","1758345","1781417","1801531","1804627","1778358","1735673","1699944","1690486","1730696","1801380","1869101","1922348","1944469","1928231","1899360","1879453","1878850","1898110","1921660","1960135","1991059","2034551","2071929","2122882","2189059","2254077",
"Jamaica","JAM","Population ages 60-64, female","SP.POP.6064.FE","21501","22805","24607","26563","28154","29211","29712","29607","29246","29185","29615","30555","32005","33619","34962","35855","36294","36304","36042","35677","35271","34847","34401","33891","33281","32587","31782","30823","29866","29156","28745","28671","28940","29333","29516","29401","29050","28486","27976","27895","28359","29277","30592","32153","33737","35194","36449","37418","38028","38041","38097","38839","39948","41517","43982","46874","49785","53151","56964","60781","64534","67834","70419","72592","74503",
"Jordan","JOR","Population ages 60-64, female","SP.POP.6064.FE","7720","7790","7899","8069","8328","8701","9209","9845","10555","11231","11783","12178","12415","12550","12670","12842","13085","13415","13845","14389","15064","15881","16860","17968","19112","20227","21290","22277","23221","24246","25683","27241","28698","30345","32121","34001","35998","38067","40139","42118","43853","45244","46348","47308","48319","49500","52990","56857","59206","61808","64761","68378","71686","75230","79647","86556","94127","100238","106925","113865","121135","128990","137358","146295","155123",
"Japan","JPN","Population ages 60-64, female","SP.POP.6064.FE","1526588","1587351","1639945","1679904","1710864","1717751","1732054","1778843","1846778","1925906","2012972","2122335","2190425","2248920","2297153","2337360","2359656","2368609","2365143","2410964","2502682","2594318","2714640","2856545","2971006","3074185","3189439","3285442","3373556","3449427","3510045","3579894","3657690","3726137","3790791","3860164","3918749","3949717","3938583","3942436","4015631","4126899","4249053","4413367","4471717","4325030","4299748","4502582","4739287","4993319","5279813","5337354","5122570","4822062","4523781","4287815","4097695","3929483","3814823","3771820","3742758","3718897","3730321","3749701","3775142",
"Kazakhstan","KAZ","Population ages 60-64, female","SP.POP.6064.FE","128884","139422","152295","165778","177147","185782","190989","192349","192286","194136","198637","206583","218555","230985","238546","239740","236321","229340","222983","225012","229320","232339","241477","256578","276400","299656","321419","338913","352027","361540","364434","355771","336444","310925","286592","272840","275484","292383","317101","344077","363479","365062","346956","310576","264461","223659","201101","201568","222092","258438","300832","335782","359824","377456","393486","409454","425784","443953","463552","481741","495844","504851","510116","512341","513739",
"Kenya","KEN","Population ages 60-64, female","SP.POP.6064.FE","47917","49987","51824","53149","54182","55207","56239","57572","59562","62238","65386","68738","72412","76343","80034","83515","87081","90899","95110","99785","104861","110170","115553","120845","125943","131015","136259","141934","148592","156666","165764","174988","183874","192229","199826","206431","212055","216459","219252","220844","221630","221669","220772","219166","217948","217886","219016","221449","226230","233725","240808","248803","260674","275340","292451","315078","340049","365110","394528","423977","449076","473043","497541","521576","545438",
"Kyrgyz Republic","KGZ","Population ages 60-64, female","SP.POP.6064.FE","34318","37130","40444","43871","46528","48089","48642","47930","46566","45547","45126","45543","47034","48835","49857","49648","48189","45401","42097","39798","39179","40054","42389","45983","51014","56898","62994","69362","75210","79739","82165","82521","80584","76705","71909","67811","66047","66198","67432","69669","71309","70335","66138","58858","49872","41806","37733","38722","43985","52369","62136","70638","77749","84737","91425","98003","104932","111866","119477","126587","131817","135990","140580","145399","149069",
"Cambodia","KHM","Population ages 60-64, female","SP.POP.6064.FE","52597","53880","55268","56705","58127","59544","60955","62369","63794","65255","66313","67207","68469","69822","71156","70133","66356","62161","58101","56957","58018","58792","59883","61195","62530","63804","65244","66773","68221","69692","71298","72926","75150","77804","84063","94288","104878","115919","122729","125646","129294","133012","136718","140515","144614","149358","155399","162707","171022","180787","191853","203683","215851","227881","239472","250528","261120","271149","280167","289249","298846","308166","317497","326577","334347",
"Kiribati","KIR","Population ages 60-64, female","SP.POP.6064.FE","591","614","634","649","657","661","659","647","634","629","635","650","677","710","724","719","713","716","719","712","703","701","704","715","734","757","783","810","838","862","883","897","900","894","882","868","858","856","862","881","915","952","987","1017","1032","1039","1041","1041","1052","1082","1123","1180","1253","1322","1378","1418","1451","1489","1547","1626","1724","1838","1971","2111","2237",
"St. Kitts and Nevis","KNA","Population ages 60-64, female","SP.POP.6064.FE","858","867","877","888","900","911","924","937","945","944","943","942","938","934","929","920","905","888","870","853","831","804","782","762","744","727","714","701","683","662","638","613","590","572","558","547","539","533","535","540","547","553","553","555","563","575","587","596","598","601","622","668","735","814","903","997","1088","1187","1304","1414","1485","1513","1501","1467","1439",
"Korea, Rep.","KOR","Population ages 60-64, female","SP.POP.6064.FE","283659","284887","285433","285780","287988","294356","302391","312482","329704","351290","369261","377654","381575","384653","386898","393904","409204","425545","434708","438935","447309","462251","481786","508703","537343","556787","569951","583238","596167","612102","631934","656604","691166","724874","754926","791433","828358","859456","890325","919772","938716","959931","987716","1001263","993869","980540","979392","996063","1032813","1070283","1103440","1142246","1187224","1235229","1296370","1396125","1519776","1623529","1725722","1836466","1939251","2037053","2102811","2131900","2129044",
"Kuwait","KWT","Population ages 60-64, female","SP.POP.6064.FE","2261","2455","2570","2622","2683","2771","2899","3063","3247","3441","3641","3864","4118","4411","4771","5212","5580","5870","6205","6549","6900","7221","7484","7731","8067","8489","9183","10228","11413","12713","10397","9238","11701","11233","8879","7391","7380","7780","8117","8426","8764","9192","9744","10425","11202","12077","13063","14110","15207","16390","17646","19270","21528","24196","27019","29906","33184","36469","40011","44353","48571","44474","41738","47537","50397",
"Latin America & Caribbean (excluding high income)","LAC","Population ages 60-64, female","SP.POP.6064.FE","1922368","1997141","2069768","2141072","2212141","2282706","2353447","2426485","2503762","2587088","2675554","2767217","2860778","2952207","3035742","3109420","3173411","3230660","3288488","3354590","3434678","3534932","3658101","3798714","3949039","4102477","4256973","4411205","4562895","4708158","4843320","4969336","5088033","5198919","5303223","5405188","5510235","5620907","5740855","5874918","6020675","6175790","6343706","6526551","6724624","6941859","7186214","7462548","7770237","8113248","8481408","8854172","9226263","9598497","9960106","10314171","10675945","11045252","11422223","11811542","12195089","12549415","12917269","13314283","13695054",
"Lao PDR","LAO","Population ages 60-64, female","SP.POP.6064.FE","22194","23036","23964","24929","25837","26671","27427","28085","28699","29362","30099","30908","31798","32727","33616","34425","35146","35785","36376","36966","37592","38250","38927","39623","40343","41083","41848","42656","43468","44210","44866","45440","45915","46351","46864","47492","48255","49163","50162","51152","52122","53133","54199","55370","56749","58424","60121","61598","62793","63544","64471","65889","67572","69731","72425","75696","79407","83332","87451","91904","96759","101674","106463","111099","115344",
"Lebanon","LBN","Population ages 60-64, female","SP.POP.6064.FE","23013","23388","23989","24728","25469","26180","26888","27509","28134","28914","29741","30792","32155","33427","34053","33933","32635","30478","28444","27104","26889","27716","29435","31910","34675","37208","39750","42059","43887","45575","47124","48447","49535","50387","51146","51940","52801","53717","54606","55339","55903","56333","56559","56888","57696","58944","60827","63460","66935","71227","77318","85248","94520","110201","127722","133431","130744","128374","126922","126084","128098","132110","135292","138241","141304",
"Liberia","LBR","Population ages 60-64, female","SP.POP.6064.FE","10040","10209","10371","10539","10723","10935","11170","11424","11703","12018","12367","12753","13185","13648","14114","14580","15038","15484","15950","16477","17083","17763","18515","19322","20125","20884","21610","22312","23002","23708","21058","18678","19860","20740","20796","21120","21892","23848","26582","28288","29517","30510","31378","31662","32027","33382","35076","36447","37183","37506","38065","39120","40381","41755","43321","44806","46257","47760","49316","50926","52594","54275","56034","57914","59804",
"Libya","LBY","Population ages 60-64, female","SP.POP.6064.FE","14915","15010","15144","15299","15413","15460","15468","15466","15484","15571","15749","16012","16362","16839","17521","18385","19340","20368","21521","22872","24426","26174","27226","27316","28024","29493","30936","32364","33745","34960","36022","37106","38275","39458","40567","41551","42444","43307","44182","45094","45874","46139","46374","46874","47605","48451","50538","53107","55638","58354","61029","62468","63919","65943","66589","66840","67663","69662","73503","79785","87290","94703","102540","110748","117906",
"St. Lucia","LCA","Population ages 60-64, female","SP.POP.6064.FE","1192","1194","1194","1195","1199","1205","1221","1256","1301","1350","1381","1386","1383","1375","1366","1362","1364","1388","1436","1492","1527","1537","1549","1562","1569","1570","1569","1568","1600","1660","1709","1722","1705","1694","1688","1684","1678","1673","1744","1875","1991","2056","2078","2114","2171","2239","2303","2427","2606","2770","2866","2912","2971","3046","3137","3249","3390","3559","3749","3952","4166","4369","4563","4763","4958",
"Latin America & Caribbean","LCN","Population ages 60-64, female","SP.POP.6064.FE","2199112","2281890","2362751","2442771","2522976","2603317","2684514","2768554","2857314","2952627","3053150","3157026","3263573","3368429","3464588","3549813","3624393","3691190","3758733","3836322","3930752","4047334","4188472","4349152","4521379","4697626","4876012","5055607","5232451","5400121","5553632","5693935","5823916","5944585","6058873","6171978","6289450","6413561","6547901","6697342","6860180","7035105","7225811","7434134","7660058","7907022","8184395","8496339","8841930","9225830","9641404","10067067","10493697","10921104","11337211","11744966","12159604","12580639","13002904","13437484","13863396","14256767","14659911","15091582","15505861",
"Least developed countries: UN classification","LDC","Population ages 60-64, female","SP.POP.6064.FE","2489166","2552408","2619560","2688873","2758461","2827620","2895644","2962817","3031660","3104638","3179952","3252049","3331137","3423881","3518877","3611743","3703637","3793377","3884191","3978107","4064116","4143997","4230620","4321500","4415622","4512088","4610446","4714211","4818063","4921797","5022672","5117033","5217826","5327594","5428524","5529648","5643170","5765063","5892301","6021807","6157431","6303506","6464682","6638993","6829768","7042730","7272809","7509238","7730261","7942073","8175934","8440711","8736492","9080339","9464802","9855158","10243761","10595760","10906040","11209196","11501468","11771062","12097055","12497117","12899605",
"Low income","LIC","Population ages 60-64, female","SP.POP.6064.FE","1180464","1204369","1229585","1256248","1284612","1314574","1345830","1378783","1413186","1448126","1483987","1519747","1553021","1586118","1620716","1656629","1695906","1739859","1791329","1849821","1904247","1947017","1992483","2046924","2102763","2157722","2211624","2265720","2316195","2367333","2418409","2465731","2523073","2592231","2651293","2707136","2774362","2847093","2924429","3002817","3076518","3147859","3221154","3291445","3361616","3440630","3530523","3624676","3712787","3796674","3890430","3971177","4037925","4133781","4264798","4412414","4590644","4810978","5045661","5263230","5460431","5644269","5812158","5982558","6175325",
"Liechtenstein","LIE","Population ages 60-64, female","SP.POP.6064.FE","323","334","348","366","396","418","430","442","453","451","450","461","477","490","497","488","457","429","419","414","415","463","530","570","599","615","618","613","600","588","569","541","522","537","565","579","592","614","633","642","676","729","780","830","884","940","980","1008","1042","1066","1081","1081","1095","1121","1138","1173","1216","1248","1279","1324","1378","1431","1474","1521","1588",
"Sri Lanka","LKA","Population ages 60-64, female","SP.POP.6064.FE","81523","84369","87822","91693","95612","99445","103213","106875","110532","114401","118539","122920","127589","132463","137366","142316","147305","152246","157350","163015","169318","176163","183426","190757","197728","204509","211361","217889","223916","229472","234317","238902","243714","248451","253263","258947","265489","271821","277102","281256","285404","291643","301703","315793","333070","352941","375249","399214","423649","447341","469237","488746","505359","500062","510994","520912","532220","545028","558894","571500","583448","597324","603313","602356","600171",
"Lower middle income","LMC","Population ages 60-64, female","SP.POP.6064.FE","8987397","9223142","9389205","9523437","9687530","9898439","10150653","10449054","10773871","11090542","11383971","11649576","11896047","12141711","12393938","12659849","12934917","13222312","13525753","13846582","14179397","14529568","14904264","15293647","15698719","16121032","16558056","17010598","17479345","17964693","18481510","19001007","19544526","20097536","20631560","21139576","21634638","22132855","22610936","23036870","23424328","23788734","24133485","24502859","24966375","25562212","26276758","27082179","27938898","29033723","30432047","31936941","33542274","35287047","37019201","38597355","40135990","41603910","42960709","44235213","45434604","46474481","47581344","48884676","50186630",
"Low & middle income","LMY","Population ages 60-64, female","SP.POP.6064.FE","24669887","25160435","25766678","26482268","27243718","27987531","28729744","29468140","30168977","30914759","31626162","32246793","32883352","33590326","34333511","35042958","35689579","36272892","36832981","37414489","38144631","39098832","40229300","41514877","42918693","44314195","45582389","46837927","48154878","49414073","50603557","51820393","53150481","54456015","55716198","57061534","58521400","59940787","61171403","62202628","63111529","63951807","64683298","65290802","66117476","67321768","68958129","71223135","74157261","77834417","82431528","87372233","92636686","98060949","103053623","107448910","111179998","114486704","117151895","118442918","118551996","118350293","119759793","124837085","131952716",
"Lesotho","LSO","Population ages 60-64, female","SP.POP.6064.FE","11168","11310","11395","11432","11441","11441","11618","11757","11732","11826","12062","12453","13002","13692","14487","15351","16211","17006","17744","18413","18983","19426","19736","19932","20045","20114","20311","20615","20904","21222","21566","21955","22384","22824","23242","23600","23851","24131","24401","24481","24386","24122","23729","23280","22854","22560","22241","21931","22048","22726","23256","23425","23667","23840","23829","24119","24789","25423","26018","26540","26932","27110","27136","27095","26968",
"Late-demographic dividend","LTE","Population ages 60-64, female","SP.POP.6064.FE","15321016","15601886","16069421","16696764","17324251","17858635","18294595","18669378","18983863","19359742","19748842","20092491","20473429","20913423","21369956","21702886","21833636","21765194","21655984","21622271","21790122","22284764","23045591","24011569","25090227","26175013","27146245","28046584","28940656","29646432","30179232","30667232","31126812","31513984","31818849","32209687","32810711","33528473","34197530","34758392","35133435","35379046","35304913","34858424","34511965","34538160","35165723","36639624","38962389","41973981","45512720","48956384","52447157","55843242","58749941","61211372","63033839","64474793","65360679","64874642","63229722","61388264","61053471","64084957","68995643",
"Lithuania","LTU","Population ages 60-64, female","SP.POP.6064.FE","68492","71333","73865","75939","77061","76892","76860","78786","80239","82054","83372","83613","83613","83424","82331","79660","75544","70298","65504","63103","64050","68374","75652","84706","92494","98741","103933","107728","110571","112721","113644","113685","113847","113062","111214","109809","109312","108784","107946","107784","107219","106649","106812","105960","102427","98789","95359","91011","88751","90691","93449","95517","98114","99007","98191","97957","98806","100641","104540","109389","113529","116989","119023","118647","116794",
"Luxembourg","LUX","Population ages 60-64, female","SP.POP.6064.FE","9167","9456","9793","10072","10252","10409","10514","10557","10638","10751","10744","10665","10627","10610","10587","10472","10087","9453","8709","8213","8237","8655","9211","9867","10425","10575","10618","10774","10870","10965","11160","11302","11269","11140","10986","10765","10534","10444","10531","10698","10653","10521","10594","10667","10602","10566","10754","11095","11490","11957","12517","12907","13178","13554","14024","14513","15148","15857","16285","16749","17232","17757","18407","19245","20116",
"Latvia","LVA","Population ages 60-64, female","SP.POP.6064.FE","62890","65132","67103","69266","71027","71892","72444","73504","74263","75192","75728","75890","76261","76400","76052","74144","69774","63952","59499","56550","55246","57831","63739","70626","76670","82483","87465","90605","91880","92478","92668","90358","87418","85356","82555","80367","79646","79884","81245","83820","85662","86168","85123","81999","77745","73044","68479","65468","64902","66422","68641","70525","71644","71392","70462","70260","70656","71234","72533","73881","74723","75266","75771","75817","74193",
"Macao SAR, China","MAC","Population ages 60-64, female","SP.POP.6064.FE","2895","3002","3051","3121","3075","2947","2947","3020","3074","3162","3236","2952","2468","4502","7221","6625","5943","5319","4881","4673","4633","4657","4718","4841","4958","4993","5057","5231","5376","5470","5532","5663","5776","5778","5775","5739","5587","5383","5221","5053","4860","4692","4594","4605","4835","5411","6324","7360","8523","9387","10436","11708","13018","14481","16273","17925","19339","20498","21909","22790","23425","23642","23986","24860","26194",
"St. Martin (French part)","MAF","Population ages 60-64, female","SP.POP.6064.FE","52","56","57","58","60","61","64","66","70","73","76","79","82","84","86","84","80","75","70","65","61","56","61","76","91","106","121","131","142","152","158","162","166","173","186","204","224","243","265","283","296","319","350","385","428","475","518","556","594","630","659","692","739","790","853","911","940","955","982","1030","1020","973","963","981","1007",
"Morocco","MAR","Population ages 60-64, female","SP.POP.6064.FE","123782","127826","132553","137084","140630","142311","142371","141074","138787","135940","132873","129734","125707","121297","118339","117423","118511","121689","127104","134744","144525","156226","169620","184240","199107","213564","227528","241181","254319","266082","276347","284815","291402","296940","302475","307860","312484","317259","322915","328806","335074","343255","352670","360437","366713","375626","386528","396061","406190","419952","436655","455933","479341","506558","535689","565984","595650","624429","654937","686470","715204","742242","769276","793696","815272",
"Monaco","MCO","Population ages 60-64, female","SP.POP.6064.FE","967","981","992","994","985","980","984","990","1011","1045","1068","1077","1084","1078","1053","1008","950","910","903","920","955","997","1013","1003","995","990","987","983","977","965","956","961","975","984","992","997","1000","1003","1009","1027","1054","1075","1091","1115","1144","1175","1206","1232","1241","1231","1214","1194","1174","1165","1166","1198","1239","1277","1329","1380","1401","1425","1449","1436","1413",
"Moldova","MDA","Population ages 60-64, female","SP.POP.6064.FE","37022","39264","41250","42749","43738","44282","44548","44947","45884","47494","49421","51463","53507","54991","55512","55099","54078","52955","52469","53049","54773","57682","61465","65361","68724","71364","73283","74948","76796","78140","78651","78548","77466","75371","73072","71577","71530","72300","73652","74438","74310","73731","72544","69965","66015","61216","56484","53588","55412","63498","75580","87550","97342","103137","104642","103987","103351","103485","104635","106301","108269","108648","105844","100857","95010",
"Madagascar","MDG","Population ages 60-64, female","SP.POP.6064.FE","60188","61355","62600","63970","65810","67994","70381","73022","75379","76663","76630","75309","72712","69440","66447","64231","62660","61731","61554","62211","63655","65976","69275","73196","77118","80813","84276","87410","90392","93569","97009","100680","104632","108657","112345","115525","118303","120732","122886","124891","126828","128692","130536","132579","135100","138274","142155","146752","152674","163217","178160","193983","210014","225641","237780","246468","254855","263460","272243","281161","289892","298185","306325","314558","322900",
"Maldives","MDV","Population ages 60-64, female","SP.POP.6064.FE","584","589","590","593","603","613","617","631","655","686","718","750","780","810","844","888","936","984","1022","1051","1090","1141","1204","1278","1356","1416","1462","1515","1577","1648","1717","1784","1868","1971","2087","2207","2330","2462","2607","2754","2868","2926","2931","2899","2845","2776","2718","2681","2668","2675","2701","2744","2802","2879","3014","3269","3654","4132","4657","5175","5656","6082","6449","6746","6975",
"Middle East, North Africa, Afghanistan & Pakistan","MEA","Population ages 60-64, female","SP.POP.6064.FE","1609519","1655358","1700566","1747361","1797759","1847949","1893904","1937462","1978976","2020710","2064754","2108648","2149404","2190386","2234048","2287282","2349429","2412089","2478436","2554423","2640204","2734457","2841151","2958581","3075735","3186799","3291963","3392628","3490219","3592130","3708746","3821256","3948583","4080650","4204927","4320872","4431792","4538687","4639223","4731990","4817871","4904169","5000572","5110789","5247716","5427482","5648313","5894075","6145403","6392855","6638576","6910841","7204184","7535648","7891133","8240666","8574138","8894597","9212287","9553318","9914679","10250558","10632519","11055781","11464411",
"Mexico","MEX","Population ages 60-64, female","SP.POP.6064.FE","309374","323023","335244","346742","357972","368907","380548","393919","408495","423589","438681","452662","464857","475556","485131","493525","501319","509709","519638","531556","546210","566873","594254","625042","656814","688145","718323","747059","775451","803690","830775","857901","886935","917818","949675","983106","1018819","1055678","1093236","1131119","1167592","1202784","1239070","1277969","1319338","1364105","1413801","1467567","1523006","1580501","1641164","1703428","1768439","1838951","1913511","1991214","2074129","2161212","2251629","2347243","2438449","2520979","2610028","2707035","2803104",
"Marshall Islands","MHL","Population ages 60-64, female","SP.POP.6064.FE","182","185","188","188","191","195","197","196","187","165","154","174","205","229","244","255","260","265","274","280","284","290","297","300","304","309","312","315","317","315","312","307","291","278","271","268","273","288","304","307","298","288","279","276","284","299","311","331","362","395","434","468","486","502","523","547","564","567","556","537","521","518","525","542","565",
"Middle income","MIC","Population ages 60-64, female","SP.POP.6064.FE","23489423","23956066","24537093","25226020","25959106","26672957","27383914","28089357","28755791","29466633","30142175","30727046","31330331","32004208","32712795","33386329","33993673","34533033","35041652","35564668","36240384","37151815","38236817","39467953","40815930","42156473","43370765","44572207","45838683","47046740","48185148","49354662","50627408","51863784","53064905","54354398","55747038","57093694","58246974","59199811","60035011","60803948","61462144","61999357","62755860","63881138","65427606","67598459","70444474","74037743","78541098","83401056","88598761","93927168","98788825","103036496","106589354","109675726","112106234","113179688","113091565","112706024","113947635","118854527","125777391",
"North Macedonia","MKD","Population ages 60-64, female","SP.POP.6064.FE","18453","19459","20474","21297","21964","22551","23053","23554","24202","25069","26123","27230","28201","28828","28931","28432","27492","26499","25873","25946","26938","28846","31314","33950","36570","38961","40922","42510","43924","45187","46283","46734","46686","46990","47877","48922","49588","48914","48301","47673","47263","46879","46274","46369","46166","45686","45376","45935","47704","50157","52795","55413","57513","58918","60165","61446","62523","63186","63539","63826","63850","63435","63244","63169","63219",
"Mali","MLI","Population ages 60-64, female","SP.POP.6064.FE","56783","59202","62002","65002","67891","70552","72997","75209","77236","79144","80984","82715","84318","85859","87404","88935","90436","91981","93472","94663","95514","96044","96211","96204","96261","96400","96596","96897","97260","97577","97800","97964","98153","98376","98610","98923","99290","99736","100531","101981","104649","108600","113238","118000","122179","124758","125967","127009","127556","127433","128386","130473","132084","134030","137019","139592","141556","143669","145949","148456","151232","154327","157967","162217","166874",
"Malta","MLT","Population ages 60-64, female","SP.POP.6064.FE","6413","6335","6325","6416","6626","6913","7204","7424","7431","7233","6997","6768","6537","6337","6181","6105","6039","5994","6024","6099","6247","6468","6868","7273","7573","7938","8168","8199","8189","8166","8199","8465","8652","8907","9130","9231","9321","9443","9527","9607","9611","9428","9086","8959","9549","10622","11840","13313","14676","15279","15397","15363","15101","14752","14562","14468","14548","14794","15075","15372","15478","15440","15699","16121","16166",
"Myanmar","MMR","Population ages 60-64, female","SP.POP.6064.FE","265942","273781","282429","291431","299956","307708","314768","321155","327070","332949","339197","345576","351835","358406","366236","375552","386592","399770","413771","426349","436968","445572","451634","456848","464000","473693","485621","500056","515808","530444","542938","553613","562454","569619","575453","580029","583595","586619","589093","590813","592227","593751","595781","599515","606319","616702","630340","645998","662300","689497","729997","774052","820544","868054","908137","939575","969343","998855","1027762","1055999","1083403","1109187","1135205","1162810","1190954",
"Middle East, North Africa, Afghanistan & Pakistan (excluding high income)","MNA","Population ages 60-64, female","SP.POP.6064.FE","1533336","1575772","1618137","1663105","1711454","1759319","1802621","1841821","1879335","1916421","1955202","1994015","2030553","2067008","2107108","2157934","2218623","2281070","2347393","2422314","2505008","2594323","2693990","2803087","2913141","3018243","3118233","3214000","3308144","3406938","3520965","3626174","3744806","3871627","3992848","4102576","4203941","4301075","4391709","4473783","4550228","4629478","4721490","4827584","4956045","5121590","5321288","5538937","5762936","5987896","6222788","6479071","6760348","7077003","7419902","7753186","8068354","8369040","8668481","8985914","9311585","9637949","9992994","10374025","10741761",
"Montenegro","MNE","Population ages 60-64, female","SP.POP.6064.FE","8333","8656","8987","9321","9571","9616","9432","9195","9053","9062","9299","9834","10590","11255","11457","11053","10145","9016","8084","7691","7883","8492","9318","10203","11019","11724","12380","13039","13667","14184","14547","14761","14886","14992","15147","15374","15662","15980","16321","16655","16900","16947","16673","16104","15185","14100","13457","13614","14227","15255","16767","17962","18612","19255","19801","20128","20462","20809","21074","21232","21270","21356","21430","21438","21380",
"Mongolia","MNG","Population ages 60-64, female","SP.POP.6064.FE","17783","18168","18624","19062","19413","19741","20022","20283","20604","20913","21184","21471","21683","21734","21575","21265","20946","20732","20690","20678","20645","20665","20657","20534","20235","19799","19370","19116","19197","19656","19798","21011","21646","22089","22516","22684","22506","22115","21723","21556","21895","22690","23608","24412","24934","25183","25321","25557","26046","26817","27725","28679","29816","31341","33442","36255","39872","44181","48881","53631","58151","62139","65575","68677","71328",
"Northern Mariana Islands","MNP","Population ages 60-64, female","SP.POP.6064.FE","79","81","83","84","86","86","90","91","90","86","81","83","89","95","104","117","128","132","132","130","130","131","135","144","153","161","172","180","187","198","205","209","218","234","249","265","292","319","337","351","361","360","361","365","380","413","458","506","562","619","673","729","788","848","906","968","1026","1081","1122","1152","1192","1244","1294","1347","1403",
"Mozambique","MOZ","Population ages 60-64, female","SP.POP.6064.FE","67749","68268","68842","69740","70984","72651","74700","77077","79734","82588","85660","89117","92832","96556","100299","104046","107750","111292","114553","117412","118958","119414","119514","119066","118314","117452","116588","114458","112006","111168","111491","112481","113195","114910","120524","125568","128835","133346","138388","144563","151668","158905","166484","174967","184023","193382","202885","212811","223790","235372","247177","259611","272217","283978","294770","304371","311898","317055","319912","320797","319840","316623","312548","308818","304991",
"Mauritania","MRT","Population ages 60-64, female","SP.POP.6064.FE","7641","7943","8234","8525","8830","9152","9487","9836","10196","10560","10922","11292","11664","12035","12411","12791","13173","13554","13933","14318","14713","15114","15525","15950","16390","16847","17322","17812","18319","18803","19288","19818","20455","21130","21743","22284","22747","23265","23851","24437","25143","25940","26720","27541","28447","29351","30226","31125","31556","31280","30849","30812","31412","32463","33716","35123","36638","38225","39874","41573","43271","44950","46726","48611","50524",
"Mauritius","MUS","Population ages 60-64, female","SP.POP.6064.FE","6751","7200","7768","8030","8100","8142","8174","8237","8372","8596","8908","9300","9748","10196","10624","11008","11280","11414","11393","11386","11524","11889","12406","13008","13745","14505","15185","15682","15907","15821","15426","14936","14553","14424","14613","14931","15428","15999","16417","16709","16866","16947","17048","17422","18180","19156","20169","21321","22606","23972","25604","27516","29421","30970","32086","32891","33608","34415","35303","36260","37239","38216","39135","39755","40553",
"Malawi","MWI","Population ages 60-64, female","SP.POP.6064.FE","35075","36022","37264","38583","39554","40105","40178","39763","39272","39293","40094","41634","43856","46582","49540","52496","55561","58836","62405","65953","69080","71596","73392","74805","76332","78115","79980","84208","88732","90922","92258","92777","93233","92558","89842","88493","89464","90841","92542","95677","99864","103706","107402","111134","115060","119107","122951","125981","126262","124828","122403","118697","115411","113551","112585","112999","115540","119207","124200","130675","138443","146961","156155","166053","176041",
"Malaysia","MYS","Population ages 60-64, female","SP.POP.6064.FE","69673","70297","69222","67842","68265","71090","76460","84570","93740","101409","106674","109421","109508","108349","108122","109711","113086","118341","124651","130592","135386","139393","142882","146061","149237","152417","155646","159398","164486","171382","179491","187839","195555","202114","207580","213001","219575","227777","237522","247726","257005","264803","270989","276500","283772","294611","309275","327350","348032","369892","391254","412242","434104","456533","478470","499454","519381","538287","556690","575322","595661","617267","639275","661235","681344",
"North America","NAC","Population ages 60-64, female","SP.POP.6064.FE","4070204","4162145","4227706","4301396","4386821","4446349","4513185","4627892","4744972","4848911","4945779","5050735","5152640","5255321","5363729","5478602","5575219","5655497","5746420","5853276","5953391","6080203","6213613","6307206","6366079","6408577","6403030","6363959","6316896","6252818","6178299","6116883","6060301","5992546","5948533","5934200","5931827","5955188","6025975","6126707","6236724","6399498","6668735","6998760","7307373","7565580","7918997","8375613","8790209","9180330","9597177","9896995","10052035","10224914","10473143","10761208","11054140","11306341","11517160","11678402","11803307","11888204","11993997","12095454","12170014",
"Namibia","NAM","Population ages 60-64, female","SP.POP.6064.FE","7721","7950","8206","8464","8689","8875","9016","9109","9177","9270","9405","9579","9792","10032","10279","10518","10746","10970","11143","11284","11414","11472","11509","11568","11668","11826","12054","12367","12721","13179","13537","13629","13709","13938","14299","14727","15208","15735","16297","16883","17447","17882","18175","18546","19075","19678","20336","20997","21618","22300","22995","23526","24021","24586","25081","25556","26184","27012","28144","29767","31822","33867","35864","37781","38990",
"New Caledonia","NCL","Population ages 60-64, female","SP.POP.6064.FE","887","915","944","976","1004","1028","1051","1077","1107","1128","1164","1229","1296","1355","1398","1429","1449","1457","1462","1471","1485","1506","1534","1569","1618","1677","1746","1827","1921","2016","2111","2212","2310","2396","2471","2542","2620","2720","2850","3008","3183","3364","3534","3683","3813","3933","4059","4200","4340","4472","4612","4760","4904","5043","5182","5323","5479","5670","5930","6210","6483","6746","7002","7246","7454",
"Niger","NER","Population ages 60-64, female","SP.POP.6064.FE","27830","28454","28816","29077","29549","30338","31399","32749","34300","35850","37319","38722","40075","41420","42792","44207","45666","47171","48704","50238","51756","53243","54702","56153","57629","59174","60797","62487","64288","66274","68458","70848","73482","76313","79251","82295","85466","88758","92240","95954","99901","104065","108451","113118","118036","123056","127898","132017","134052","134500","135307","136836","139338","143911","150076","156268","162343","168474","174758","181226","187784","194357","201149","208330","215640",
"Nigeria","NGA","Population ages 60-64, female","SP.POP.6064.FE","527093","531223","533550","535440","538765","544271","551902","561403","572471","584258","596026","607968","620105","632954","647411","663750","681684","701393","722400","743599","764684","785523","805927","823211","840318","860169","879793","899397","919446","940165","961625","983637","1006488","1030602","1055692","1081303","1107724","1135456","1164023","1192550","1221074","1249550","1277968","1307574","1339533","1373518","1407358","1437598","1462647","1484191","1509205","1540723","1577327","1620142","1667872","1714625","1759575","1806567","1854239","1901783","1948759","1995862","2046343","2100110","2154828",
"Nicaragua","NIC","Population ages 60-64, female","SP.POP.6064.FE","14131","14608","15190","15837","16490","17130","17769","18402","19027","19660","20307","20968","21571","22185","22876","23583","24297","24999","25727","26570","27578","28747","30066","31456","32778","33964","35035","35993","36831","37561","38203","38743","39175","39560","39990","40510","41304","42368","43480","44652","45862","47062","48287","49552","50866","52229","53424","54636","56464","59476","63406","67553","71612","75151","77619","79321","81089","83152","85538","88231","91094","93970","97232","100955","104823",
"Netherlands","NLD","Population ages 60-64, female","SP.POP.6064.FE","250098","255005","260889","267079","273520","280283","286089","290665","295246","299817","303052","304689","307046","310464","313531","315401","316887","317157","314256","310733","315243","326113","335186","345628","356500","359521","356816","354701","352599","350728","351222","353242","355412","356256","355795","354815","353514","352912","355019","360379","367608","374551","381105","390128","401807","411602","435751","473949","502394","520871","536518","536853","524365","518496","517963","521425","528483","536464","544977","555908","567419","579381","592343","604816","615888",
"Norway","NOR","Population ages 60-64, female","SP.POP.6064.FE","94712","96493","98105","99360","100382","101402","102373","103311","104122","105349","106887","108314","109938","111545","112473","113022","113605","114357","115371","115605","117254","120079","121030","121074","121190","118814","114717","111197","107469","104078","101558","99538","97766","95782","93475","91465","89792","88995","89770","91956","94466","96487","99016","102980","108554","115599","124817","134084","140225","143491","144549","143108","141044","140997","142075","143683","146342","148861","150384","151782","152837","153522","154931","157163","159696",
"Nepal","NPL","Population ages 60-64, female","SP.POP.6064.FE","109507","112772","116115","119442","122704","125883","128991","132084","135211","138415","141727","145136","148705","152493","156502","160744","165097","169432","173620","177467","180944","184119","187163","190324","193751","197523","201582","205738","209838","213804","217652","221517","225724","230177","234858","239935","245285","250825","256344","261603","268484","277874","288661","300389","312323","322269","330280","339258","350319","361704","372489","383214","392523","399620","406458","413800","420453","426425","431901","437140","442971","449629","457604","467045","476161",
"Nauru","NRU","Population ages 60-64, female","SP.POP.6064.FE","37","33","28","25","25","23","25","32","25","14","14","12","7","5","8","12","14","21","35","49","64","85","105","117","113","104","94","84","80","74","67","60","55","53","50","48","47","48","45","40","34","27","23","26","35","42","50","63","72","81","91","99","102","107","115","118","123","136","150","155","155","158","156","153","154",
"New Zealand","NZL","Population ages 60-64, female","SP.POP.6064.FE","44210","45027","46058","46986","48192","49250","50520","52181","53716","55291","56863","58289","59841","61475","63163","64600","65026","64781","64006","63094","63769","65606","67390","68971","70317","70977","70303","70139","69747","69408","69343","72402","72425","71711","70813","69860","69611","70396","71980","74354","77761","81455","85039","87678","90063","92441","95651","100778","107043","112624","117350","120523","121943","123089","125366","128221","131777","135578","139558","143747","149330","152935","156199","162194","165903",
"OECD members","OED","Population ages 60-64, female","SP.POP.6064.FE","17513991","17940389","18311178","18677949","19041495","19315054","19563091","19919686","20328296","20749206","21149029","21496582","21763509","22010356","22187354","22144224","21758709","21126092","20411569","20013815","20368917","21372545","22607870","23853692","24803404","25241449","25373178","25431128","25501218","25591004","25657351","25740980","25817336","25828304","25852485","25974325","26146514","26356152","26640237","27012211","27418968","27862043","28337666","28915172","29386339","29538767","30116058","31428593","32852324","34221265","35655079","36564358","36889109","37093829","37397897","37874968","38478368","39049847","39644058","40293729","40897440","41438296","42117437","42871444","43572807",
"Oman","OMN","Population ages 60-64, female","SP.POP.6064.FE","5623","5758","5881","5998","6118","6245","6377","6513","6652","6794","6939","7087","7241","7399","7574","7763","7952","8148","8355","8582","8825","9086","9368","9671","9988","10216","10343","10458","10566","10674","10787","10915","11067","11251","11513","11829","12123","12352","12540","12777","13065","13353","13634","13857","14122","14539","15075","15739","16470","17160","17744","18811","20374","21923","22948","24022","25570","26953","28275","29674","31219","32630","34623","36718","38259",
"Other small states","OSS","Population ages 60-64, female","SP.POP.6064.FE","93324","95718","97594","99267","100677","101687","102900","104651","106204","107916","109997","112149","114312","116125","116987","116204","113423","109549","106630","105288","105630","109043","114915","120985","126647","132312","137103","140733","143573","145741","147536","149173","149654","149489","149319","149449","150652","153024","156187","159363","162105","165068","166869","166587","166134","167033","169918","175648","183939","193062","201978","209292","215026","219690","223648","227930","232739","237975","243873","250186","255965","261133","267388","272707","276685",
"Pakistan","PAK","Population ages 60-64, female","SP.POP.6064.FE","316694","334020","354344","375863","396869","415824","431488","444323","456194","468882","483949","500983","520088","541185","562589","583694","604494","625473","647239","671126","699105","729357","759462","789374","818586","847979","878064","908737","940219","972734","1007408","1043791","1079736","1115991","1153226","1190881","1229080","1267818","1307838","1349687","1394658","1443034","1493864","1548700","1608999","1672713","1737661","1800978","1850776","1879408","1901929","1933551","1977986","2043379","2135830","2241892","2347495","2453579","2560609","2666679","2768708","2864829","2957982","3046567","3124441",
"Panama","PAN","Population ages 60-64, female","SP.POP.6064.FE","10786","11104","11451","11817","12194","12581","12975","13366","13756","14158","14576","15010","15462","15932","16416","16915","17438","17984","18546","19113","19679","20237","20779","21309","21845","22397","22974","23584","24236","24939","25696","26517","27409","28378","29421","30534","31731","33023","34394","35813","37268","38754","40261","41803","43405","45083","46839","48666","50540","52622","54930","57333","59862","62584","65253","67816","70478","73199","75962","78842","81869","85103","88696","92567","96523",
"Peru","PER","Population ages 60-64, female","SP.POP.6064.FE","116166","118010","119374","120663","122558","125247","128606","132674","137169","141457","144626","147412","150467","152748","154172","155235","155928","156233","156592","157663","159760","162927","167277","172587","178255","184042","189900","195708","201746","208512","216112","224406","233503","243126","252762","262099","271124","280025","288748","297237","305670","314112","322642","331787","342290","354969","369945","386840","406326","427630","448342","467429","484682","500532","514989","527822","539246","551194","565599","581028","595751","608928","623469","639918","655905",
"Philippines","PHL","Population ages 60-64, female","SP.POP.6064.FE","181786","189478","197657","206421","215263","224156","234343","246689","260459","275737","292671","308938","323561","337105","349609","361521","373752","386364","399138","411930","424134","435739","447298","459098","470910","482353","493279","504311","515835","527441","540366","556052","575602","599011","624403","649390","673956","698983","723469","746330","767891","787949","805265","819625","833441","850552","870611","898674","943370","1008011","1079633","1149791","1222157","1291197","1352841","1420805","1499334","1578030","1655275","1727733","1794341","1851848","1904453","1957415","2008395",
"Palau","PLW","Population ages 60-64, female","SP.POP.6064.FE","92","93","93","92","89","86","84","88","96","104","111","110","109","115","124","139","158","164","160","152","145","147","157","169","175","174","182","192","196","205","208","199","192","186","177","169","167","181","202","222","240","246","246","248","250","255","269","279","292","313","336","359","382","398","411","430","445","456","468","481","497","516","534","549","559",
"Papua New Guinea","PNG","Population ages 60-64, female","SP.POP.6064.FE","6406","6804","7249","7753","8213","8635","9031","9336","9603","9930","10317","10761","11452","12430","13556","14850","16327","17989","19813","21766","23805","25479","26717","27844","28829","29660","30332","30850","31230","31679","32833","34342","35609","36875","38185","39519","40843","42135","43368","44563","45754","46970","48214","49462","50728","52020","53293","54438","55523","57030","59171","61734","64703","68027","71240","74274","77608","81510","86066","91263","96981","103016","109419","116185","123186",
"Poland","POL","Population ages 60-64, female","SP.POP.6064.FE","610098","637946","661186","686849","713537","729212","741331","763241","783191","801398","817066","826192","833853","839010","836510","811742","763909","703575","641149","606618","618207","662137","730304","817471","886604","936428","978854","998133","1004212","1012505","1018633","1023741","1029571","1026694","1014074","998678","984763","974455","966651","961135","941187","921485","893035","864050","839968","821325","840852","910894","1003066","1119762","1211165","1265262","1313668","1354421","1386937","1411714","1426285","1432377","1429940","1415318","1374165","1321924","1275185","1224611","1175620",
"Pre-demographic dividend","PRE","Population ages 60-64, female","SP.POP.6064.FE","1988974","2028060","2066368","2104928","2146017","2190392","2237435","2287350","2341110","2397671","2455965","2516019","2577137","2641473","2708742","2777512","2847918","2920967","2999018","3080533","3157684","3223986","3291837","3363975","3437895","3513046","3587764","3665485","3742738","3824618","3906072","3984672","4074699","4176680","4280793","4376981","4464019","4554150","4650601","4747988","4844872","4945507","5056368","5176176","5307386","5455885","5609970","5758010","5908370","6062862","6230280","6424546","6650255","6910290","7187958","7460622","7726572","7986244","8244477","8510097","8778218","9045960","9340811","9670701","10010191",
"Puerto Rico (US)","PRI","Population ages 60-64, female","SP.POP.6064.FE","30620","30988","31305","31775","32443","33388","34669","36205","37912","39698","41094","41970","42819","43736","44637","45490","46381","47400","48644","50170","52073","54001","55801","57779","59982","62283","64628","67146","69629","71868","73165","73189","72905","72948","73340","74001","75045","76144","77143","78325","80143","82896","86016","88748","90490","91355","91128","89729","87943","86965","90138","97327","105162","111860","116422","119518","121545","124009","123674","125701","126154","126416","124939","123746","123575",
"Korea, Dem. People's Rep.","PRK","Population ages 60-64, female","SP.POP.6064.FE","143087","145417","148348","151614","154727","157502","160164","162803","165290","167481","169428","171083","172486","174054","176714","181248","188780","199646","213201","228442","244171","259471","274018","288125","302051","316282","330884","345343","359232","374022","389993","406741","425143","446602","470712","495005","519994","547256","574374","597569","615615","627540","632295","632141","628955","624000","620177","616642","610255","601455","594613","564448","513809","480890","471214","475512","506556","574009","648600","698550","727386","750071","759083","762689","780962",
"Portugal","PRT","Population ages 60-64, female","SP.POP.6064.FE","180911","190383","195733","202509","211368","213968","213608","217399","219874","218352","221243","225148","224023","223881","227688","233469","233893","232109","228983","225855","228019","234954","242265","252371","264170","272085","277422","282156","285501","287552","288841","290054","292099","294043","294986","296731","298701","299229","298679","298984","297281","292237","288047","287003","288486","293981","301743","308601","316929","324503","328629","333162","339546","342399","343235","346611","349428","352024","357022","363498","369457","377522","384758","392949","400971",
"Paraguay","PRY","Population ages 60-64, female","SP.POP.6064.FE","18790","19343","19818","20246","20640","20993","21309","21599","21933","22449","23259","24411","25876","27539","29062","30097","30553","30471","30069","29717","29756","30332","31404","32884","34647","36541","38503","40504","42410","43988","45040","45473","45312","44783","44302","44227","44687","45654","46982","48443","50011","51964","54406","57049","59727","62301","64426","66105","67804","69749","71738","73884","76360","78969","81713","84917","88549","92397","96426","100597","104854","108854","113137","118109","123103",
"West Bank and Gaza","PSE","Population ages 60-64, female","SP.POP.6064.FE","","","","","","","","","","","","","","","","","","","","","","","","","","","","","","","13194","13784","14493","15289","16138","17060","18072","19185","19973","20712","21383","22032","22654","23276","23940","24618","25319","26086","26912","28291","29963","31496","33227","35117","36661","38069","39758","41358","43340","45493","47763","50092","52548","55200","57857",
"Pacific island small states","PSS","Population ages 60-64, female","SP.POP.6064.FE","6766","6984","7207","7431","7641","7840","8033","8218","8368","8507","8689","8917","9193","9509","9862","10255","10678","11112","11531","11872","12172","12485","12760","13010","13266","13541","13850","14183","14548","14935","15306","15649","15991","16346","16720","17113","17552","18135","18836","19565","20243","20826","21372","21913","22426","22980","23622","24383","25276","26252","27147","27878","28706","29635","30594","31676","32826","33978","35174","36428","37716","38879","40118","41543","42753",
"Post-demographic dividend","PST","Population ages 60-64, female","SP.POP.6064.FE","17331913","17786459","18170474","18576451","18967928","19233440","19484765","19877001","20297087","20733637","21151131","21518448","21828239","22102707","22296465","22241396","21756126","20954285","20133983","19662409","19919537","20902293","22179106","23455365","24417604","24881883","25034984","25095652","25121204","25163704","25135736","25080578","25041228","24892182","24687747","24664397","24810426","25043105","25431748","25930879","26407476","26772584","27061412","27347325","27508390","27368000","27666887","28787762","30055402","31286988","32649521","33489598","33661130","33691644","33806009","34069939","34506666","34939309","35407725","35941201","36440785","36853599","37250530","37713962","38215008",
"French Polynesia","PYF","Population ages 60-64, female","SP.POP.6064.FE","577","605","646","688","729","774","819","866","914","963","1013","1060","1099","1140","1187","1235","1277","1294","1282","1266","1261","1276","1312","1365","1433","1517","1613","1712","1804","1883","1945","1998","2062","2158","2274","2376","2454","2529","2607","2681","2781","2918","3054","3185","3321","3446","3584","3724","3836","3938","4033","4157","4346","4582","4845","5141","5474","5715","5856","6040","6232","6415","6713","7108","7470",
"Qatar","QAT","Population ages 60-64, female","SP.POP.6064.FE","358","373","393","416","444","476","510","550","596","645","681","700","718","735","751","768","783","798","815","830","845","861","873","884","893","902","928","978","1041","1109","1184","1270","1359","1449","1538","1623","1700","1770","1838","1907","1979","2054","2136","2224","2350","2510","2809","3170","3366","3739","3984","4226","4694","5435","6201","6941","7841","8495","8852","9620","11757","11454","12500","13386","14800",
"Romania","ROU","Population ages 60-64, female","SP.POP.6064.FE","393516","406264","417930","427529","436581","446166","457666","470591","481911","494124","508912","523908","539095","551261","558573","556367","537149","486934","418349","383468","390256","422366","482962","559189","609053","629876","642675","647945","654425","659988","664923","664071","666363","672183","672748","672575","675139","679193","681963","687144","684465","659976","624996","595743","569942","549638","542822","544998","556656","587353","630617","668210","695486","717719","725075","728475","735107","735691","729623","714699","684313","642606","603472","571768","546125",
"Russian Federation","RUS","Population ages 60-64, female","SP.POP.6064.FE","2555255","2698063","2823989","2998829","3162504","3268889","3334080","3430302","3515095","3610520","3720825","3844448","3981042","4087291","4170792","4161638","3975947","3651999","3409391","3230285","3045415","3021489","3159313","3364891","3622438","3972540","4362874","4718107","4983086","5142231","5189487","5120609","4960910","4692786","4316160","4049697","3994874","4147132","4487830","4892184","5134547","5158756","4839764","4172106","3448641","2876735","2614500","2741495","3162146","3774217","4394091","4790912","5025015","5215558","5340758","5430933","5519797","5591849","5682951","5766616","5838854","5885742","5843698","5740635","5591852",
"Rwanda","RWA","Population ages 60-64, female","SP.POP.6064.FE","29592","29689","29497","29186","29094","29384","30014","30971","32238","33573","34687","35637","36485","37064","37293","37378","37278","36921","36600","36807","37718","39294","41534","44256","47144","49986","52798","55290","57318","58967","60025","60359","60510","61546","48234","35135","39978","44429","46605","50215","55127","61235","67052","70262","71522","72504","73470","74841","76956","80274","85238","91610","98864","106735","114500","121462","128074","135251","143441","152593","162077","170394","174866","174956","172495",
"South Asia","SAS","Population ages 60-64, female","SP.POP.6064.FE","5663953","5796265","5850528","5873139","5936462","6060967","6241271","6482447","6754990","7007858","7219834","7389239","7524636","7649007","7780862","7931170","8095469","8274364","8463153","8654385","8846156","9038782","9233744","9435419","9650223","9881670","10128589","10389294","10664339","10955107","11260264","11577317","11907273","12246625","12584366","12913330","13245124","13589561","13929255","14233088","14499838","14740807","14961967","15195608","15488668","15859800","16302078","16797074","17298688","17971027","18875665","19861989","20921144","22062366","23155105","24092125","24983245","25792163","26490955","27105453","27660729","28108269","28633697","29338550","30077171",
"Saudi Arabia","SAU","Population ages 60-64, female","SP.POP.6064.FE","24430","24925","25433","25952","26478","27009","27546","28097","28658","29227","29844","30546","31340","32246","33293","34471","35754","37153","38666","40288","42018","43861","45815","47886","50080","52399","54840","57405","60091","62891","65806","68877","72148","75642","79369","83332","87580","92179","97145","102472","107390","111768","116275","120954","125790","130644","135302","139519","142902","145765","141466","144711","147196","151504","151551","156382","164085","174781","185499","199435","224302","232347","252960","274843","298474",
"Sudan","SDN","Population ages 60-64, female","SP.POP.6064.FE","68239","69851","71843","74179","76681","79232","81869","84621","87413","90121","92727","95212","97566","100936","104597","107579","110666","113828","117032","122074","128948","135683","142211","148328","153320","157349","161404","165365","168888","172020","174749","177023","178789","179693","178505","176000","172926","170157","168411","166545","164633","163034","162169","162037","163647","167750","173889","181966","192264","203989","217213","232989","251531","273263","298978","326692","354146","382308","409890","435115","458050","479125","499704","514155","526705",
"Senegal","SEN","Population ages 60-64, female","SP.POP.6064.FE","33818","34726","35653","36601","37576","38580","39610","40659","41731","42832","43967","45143","46363","47627","48920","50228","51554","52894","54255","55658","57111","58613","60158","61763","63467","65287","67231","69298","71448","73640","75848","78063","80279","82483","84649","86731","88761","90809","92820","94672","96357","97926","99429","101162","103348","105906","108959","112502","116025","119331","122711","126022","129103","132187","135677","139731","144214","149013","153914","158758","163415","167837","172237","177014","182533",
"Singapore","SGP","Population ages 60-64, female","SP.POP.6064.FE","14422","15210","15991","16803","17684","18596","19573","20561","21544","22615","23782","24992","26127","27110","27798","28192","28392","28567","28781","29224","29712","30934","32027","32531","33366","33748","34515","36198","38393","40779","43301","44891","46131","47048","48711","50469","51850","52432","54399","56645","60014","64167","66630","66121","65658","64509","66130","73000","82798","92021","101638","109642","114710","118417","122776","127768","133853","138798","143377","147801","150312","146430","150589","157291","161405",
"Solomon Islands","SLB","Population ages 60-64, female","SP.POP.6064.FE","826","890","950","1003","1045","1080","1115","1151","1186","1220","1247","1263","1279","1299","1327","1365","1424","1503","1583","1659","1733","1802","1868","1935","2009","2088","2176","2274","2376","2476","2572","2661","2745","2822","2898","2976","3054","3138","3229","3325","3419","3514","3616","3726","3838","3947","4049","4146","4242","4355","4529","4770","5038","5315","5575","5796","5976","6136","6305","6479","6702","7012","7397","7842","8317",
"Sierra Leone","SLE","Population ages 60-64, female","SP.POP.6064.FE","29644","30179","30725","31281","31857","32459","33071","33688","34310","34923","35535","36136","36733","37340","37941","38532","39105","39684","40285","40889","41511","42144","42789","43461","44142","44818","45580","46439","47305","48080","49576","49710","48320","47773","47498","47091","46859","47057","47125","46968","47676","50085","52576","54367","56048","57480","58523","59471","59984","59675","59673","60279","60930","62127","64272","66448","68481","70817","73350","75996","78677","81437","84361","87472","90670",
"El Salvador","SLV","Population ages 60-64, female","SP.POP.6064.FE","26384","26992","27658","28376","29091","29776","30418","31021","31568","32071","32578","33021","33385","33799","34285","34858","35577","36469","37481","38454","39287","40031","40994","42183","43435","44761","46119","47523","49141","51041","53053","55060","57012","59191","61526","63635","65501","67236","69028","70979","73109","75418","77834","80118","82053","83641","84919","86232","88032","90290","92798","95520","98347","100966","103315","105555","107767","110080","112688","115573","118547","121611","125027","128701","132434",
"San Marino","SMR","Population ages 60-64, female","SP.POP.6064.FE","349","345","338","334","334","336","343","357","368","383","400","430","452","458","468","474","481","471","448","455","492","544","600","627","610","590","590","577","571","584","612","636","648","670","686","681","673","679","689","702","713","722","738","756","804","827","857","899","919","968","975","963","998","990","976","1000","1036","1077","1109","1137","1187","1185","1185","1273","1365",
"Somalia, Fed. Rep.","SOM","Population ages 60-64, female","SP.POP.6064.FE","32168","32898","33644","34405","35183","35983","36793","37614","38448","39292","40150","41009","41877","42767","43618","44423","45220","46085","49076","55068","59443","59284","58818","60037","61522","63237","65015","66477","65638","63604","62366","58919","54865","55340","57622","59498","61865","64740","68256","71287","73694","75627","76913","77978","79398","81276","83411","86207","89360","92670","97312","100803","103943","109222","114524","118446","122064","125936","129553","133572","137818","141721","145085","149148","154182",
"Serbia","SRB","Population ages 60-64, female","SP.POP.6064.FE","138702","147382","155583","161451","164468","165720","166246","166448","168114","173214","177651","182584","186193","186694","182720","172648","157022","138831","124026","118917","129490","150282","178133","206256","228761","244072","254833","263370","270876","277426","282779","275600","278028","279071","278890","277702","275273","271524","266915","261561","254879","246435","235915","223840","213112","204835","200911","205184","218085","235835","256322","274419","286840","294985","300613","302746","301925","296287","285561","274938","266007","258281","249150","245751","241078",
"Sub-Saharan Africa (excluding high income)","SSA","Population ages 60-64, female","SP.POP.6064.FE","2124955","2169207","2213317","2257429","2304357","2355386","2410038","2468249","2530478","2595373","2661825","2728685","2795520","2866203","2940494","3017452","3097244","3181842","3275211","3374485","3467545","3560002","3661689","3763201","3864420","3959323","4046765","4140289","4238045","4341239","4452863","4561790","4687444","4791144","4892396","5018986","5140635","5252217","5346211","5448416","5559594","5674521","5787278","5898441","6015548","6143851","6281970","6430242","6585008","6755974","6963750","7201209","7464650","7763031","8069799","8365620","8661286","8980466","9328694","9682960","10027783","10358332","10679344","10998092","11320106",
"South Sudan","SSD","Population ages 60-64, female","SP.POP.6064.FE","26985","27352","27817","28310","28900","29511","29949","30306","30696","31115","31555","32205","33067","34051","35093","36073","36990","37846","38672","39522","40432","41405","42451","43491","44453","45435","46516","47185","46114","44864","45340","46473","47313","47788","48790","50000","50803","51596","51773","52328","54040","55963","58084","60470","63141","66070","69197","72332","74994","76946","79268","82229","85289","88901","91628","93386","94191","93617","95706","100658","105759","110423","115200","123065","131390",
"Sub-Saharan Africa","SSF","Population ages 60-64, female","SP.POP.6064.FE","2336298","2387685","2440496","2494214","2550249","2609377","2670886","2734944","2802748","2873379","2946076","3019550","3093243","3171047","3252382","3336100","3423236","3513370","3611500","3714945","3809099","3909465","4024017","4134276","4243037","4345705","4441041","4544148","4653039","4767421","4890187","5011065","5149284","5265543","5379663","5519541","5655241","5781705","5891268","6009219","6136067","6266847","6396112","6525146","6662545","6813653","6976588","7151058","7329988","7521701","7742467","7987323","8261217","8575784","8905385","9233718","9568125","9925670","10316792","10722251","11124505","11516415","11904099","12289812","12673735",
"Small states","SST","Population ages 60-64, female","SP.POP.6064.FE","129842","133640","136825","139566","141922","143818","145777","148114","150158","152377","155030","157853","160807","163448","165093","165046","162956","159760","157545","156902","158057","162398","169171","176145","182744","189352","195062","199482","203013","205736","207873","209885","210982","211573","212271","213443","215867","219582","224211","228996","233375","238030","241739","243705","245806","248635","254606","263921","276186","289301","302238","313492","323309","332418","341258","350674","360506","370517","380624","391313","401913","411540","422236","432204","439979",
"Sao Tome and Principe","STP","Population ages 60-64, female","SP.POP.6064.FE","790","789","783","782","787","798","819","846","872","895","915","932","947","961","976","992","1009","1032","1059","1085","1114","1148","1170","1182","1196","1211","1229","1251","1271","1292","1316","1337","1355","1373","1389","1404","1415","1425","1436","1447","1451","1440","1426","1409","1380","1343","1312","1290","1280","1287","1311","1355","1430","1524","1623","1718","1799","1869","1946","2040","2152","2281","2420","2554","2662",
"Suriname","SUR","Population ages 60-64, female","SP.POP.6064.FE","3195","3381","3413","3243","3118","3125","3197","3297","3413","3533","3639","3711","3692","3595","3482","3378","3303","3266","3265","3292","3348","3433","3542","3663","3789","3911","4020","4107","4190","4281","4361","4440","4528","4609","4693","4870","5103","5289","5444","5624","5875","6212","6615","7008","7223","7289","7356","7433","7515","7600","7729","7960","8350","8889","9497","10099","10635","11076","11456","11814","12180","12555","13003","13550","14121",
"Slovak Republic","SVK","Population ages 60-64, female","SP.POP.6064.FE","88924","93494","95986","98512","100810","101972","102679","104090","106280","109314","111617","112817","114290","115371","115305","112053","103776","92333","79901","73521","77187","89334","106153","123310","133768","136667","136959","135057","132990","131865","132210","132106","131657","130962","129070","126906","124448","121716","120079","120218","121090","122874","125512","127709","130092","131961","133264","137318","144095","150706","158604","168853","177373","183225","188266","192152","194359","194892","194068","191711","188000","183810","179599","176891","176776",
"Slovenia","SVN","Population ages 60-64, female","SP.POP.6064.FE","39910","42003","43574","44552","45174","45315","45331","45652","46313","47211","48194","48770","49149","49480","49125","47295","43677","38853","34094","31309","31993","35648","40906","46782","51271","53885","55775","56867","57228","57363","57820","58419","58871","59112","59048","58396","57213","56053","55053","54570","54483","54431","54803","55673","55668","53799","52542","52958","53437","55523","59867","64145","66578","68662","70515","71786","72738","73469","73435","72982","72091","71379","71552","72291","73278",
"Sweden","SWE","Population ages 60-64, female","SP.POP.6064.FE","203185","207477","212261","216410","220246","224034","227352","230792","234945","239877","243736","245988","247772","248704","248414","247267","245420","243254","240910","238148","241199","248624","252364","254000","255202","250681","241609","234516","229540","225183","221285","218382","216072","212881","209777","207597","206406","207019","209883","215201","220568","225779","233722","245621","260030","276322","292844","305640","312614","314016","310683","304039","296494","289853","284158","280811","280651","281832","282383","282946","283647","283945","285212","289356","297476",
"Eswatini","SWZ","Population ages 60-64, female","SP.POP.6064.FE","3355","3432","3529","3638","3751","3862","3968","4080","4194","4305","4416","4532","4648","4762","4878","4994","5104","5210","5310","5405","5495","5577","5651","5705","5747","5774","5802","5857","5956","6077","6196","6337","6491","6629","6644","6662","6790","7016","7362","7765","8234","8735","9217","9671","10129","10610","11111","11498","11654","11617","11412","11178","11161","11379","11730","12203","12860","13512","14107","14790","15371","15579","15651","15859","16056",
"Sint Maarten (Dutch part)","SXM","Population ages 60-64, female","SP.POP.6064.FE","42","42","45","49","48","47","47","49","56","68","80","92","100","103","102","105","109","113","120","132","144","156","164","165","163","161","160","163","173","182","192","207","217","218","215","214","215","219","231","239","251","279","310","340","377","420","471","530","585","645","714","778","832","892","968","1041","1104","1170","1235","1286","1332","1379","1445","1544","1661",
"Seychelles","SYC","Population ages 60-64, female","SP.POP.6064.FE","640","656","673","692","712","733","751","766","782","794","804","815","835","848","861","872","874","876","870","870","875","886","899","919","948","969","976","1008","993","989","1002","1032","1056","1095","1145","1186","1210","1217","1230","1229","1209","1179","1177","1126","1091","1067","1066","1069","1114","1159","1238","1226","1251","1299","1341","1411","1533","1690","1835","1963","2075","2154","2663","2743","2864",
"Syrian Arab Republic","SYR","Population ages 60-64, female","SP.POP.6064.FE","49076","48948","48833","48728","48629","48537","48423","48498","49013","50204","52763","55665","57262","57433","56899","56274","56338","57913","60932","64890","68979","72927","76773","80644","84504","88230","91939","95723","99637","103585","107488","111476","115677","120065","124004","126890","129319","131930","134726","137238","139178","141398","143952","145896","148548","153124","160427","171487","183180","193410","203929","214552","222150","224098","225647","231260","239770","249370","260341","273491","286659","299677","314512","331338","349500",
"Turks and Caicos Islands","TCA","Population ages 60-64, female","SP.POP.6064.FE","82","84","88","92","95","99","104","107","111","113","112","107","98","86","76","70","73","80","93","103","105","104","110","120","129","136","139","126","100","81","72","77","94","117","133","141","142","141","144","146","146","159","181","203","221","243","267","291","325","375","443","524","611","688","747","796","848","904","961","1020","1087","1155","1212","1260","1313",
"Chad","TCD","Population ages 60-64, female","SP.POP.6064.FE","41111","41745","42002","42076","42259","42663","43268","44081","44999","45870","46637","47305","47889","48438","48999","49604","50234","50880","51566","52373","52809","53264","54789","56418","57106","57587","58429","59270","59958","60614","61128","61907","62876","63242","63516","64410","65299","65863","66420","66966","67458","67889","68376","69199","70437","71690","72870","73974","75139","77499","81233","85492","90072","94998","99285","102481","105740","109501","113725","118294","123174","128566","134512","142025","150823",
"East Asia & Pacific (IDA & IBRD countries)","TEA","Population ages 60-64, female","SP.POP.6064.FE","10932044","10990117","11264323","11657207","12072688","12472378","12824545","13080958","13289603","13536993","13775564","13951088","14141728","14429268","14784261","15163582","15582961","16002810","16307294","16521514","16805988","17153659","17512433","17956889","18516082","19059249","19483701","19920961","20472909","20963055","21423405","22004990","22660206","23381302","24163763","24916935","25628246","26213843","26533765","26651047","26768070","27019339","27339376","27658596","28128537","28780816","29611482","30749599","32326900","34294191","36771622","39488691","42529966","45598087","48283858","50609267","52289564","53584348","54313490","53714498","52030520","50215518","50028205","53283959","58459105",
"Europe & Central Asia (IDA & IBRD countries)","TEC","Population ages 60-64, female","SP.POP.6064.FE","6165752","6497425","6783045","7139200","7461801","7649534","7785732","7995292","8160368","8351778","8565039","8793190","9067411","9282540","9422238","9360437","8943177","8243187","7677607","7338596","7159907","7358675","7909067","8597764","9258747","9948384","10642575","11223900","11633725","11918374","12018392","11910498","11719875","11342120","10749377","10368145","10360931","10643745","11208793","11869455","12252771","12204226","11626284","10553314","9400726","8461806","8001500","8203440","8913508","9996050","11180086","12077644","12684858","13194413","13566349","13822291","14085585","14308483","14523526","14736317","14886066","14964811","14849674","14676484","14562883",
"Togo","TGO","Population ages 60-64, female","SP.POP.6064.FE","17764","17913","18088","18307","18625","19102","19751","20551","21447","22365","23240","24062","24842","25568","26206","26751","27205","27570","27906","28310","28837","29498","30282","31142","32021","32877","33716","34576","35458","36344","37231","38124","39024","38589","38531","40054","41413","42615","43709","44814","45917","47017","48136","49367","50801","52435","54421","56650","58842","60856","63009","65309","67490","69761","72217","74557","76733","79047","81479","84063","86789","89620","92702","96118","99698",
"Thailand","THA","Population ages 60-64, female","SP.POP.6064.FE","255986","264568","271498","277541","284273","292169","301086","311172","321697","331348","339823","347241","353536","359306","365569","372816","381084","390772","401804","413727","426745","440800","455676","472317","492169","515460","542093","572312","605034","638047","672753","709402","746696","785763","827240","871751","918524","961950","1000187","1042498","1087336","1119641","1134729","1139931","1141929","1149005","1174129","1222182","1288054","1365650","1449536","1535090","1619260","1700019","1778032","1856092","1935865","2017699","2101323","2184690","2264061","2337691","2405059","2465787","2518377",
"Tajikistan","TJK","Population ages 60-64, female","SP.POP.6064.FE","29769","31628","33067","34147","34928","35419","35706","35883","36017","36297","36783","37536","38680","39891","40954","41699","41710","40888","39723","38842","38715","39644","41703","44714","48157","51854","55645","59379","62922","65495","67213","68433","68168","66625","64869","63437","63155","63122","62332","60778","59601","58631","56057","51887","47007","42782","40493","41009","44485","50175","56922","63902","70421","76295","81977","87826","94105","101206","109485","118845","128698","138424","147501","155173","161023",
"Turkmenistan","TKM","Population ages 60-64, female","SP.POP.6064.FE","21862","23328","24967","26612","28023","29171","29967","30317","30490","30890","31573","32631","34163","35696","36484","36327","35212","33054","30475","28523","27639","27720","28788","30635","32827","35489","38742","42123","45274","47663","49105","49780","49619","48717","47527","46702","46781","47988","50095","52437","54169","54436","52724","49248","45033","41541","39981","40996","44662","50259","56693","63197","69271","74648","79541","84368","89516","95444","102496","110549","119002","127147","134374","140123","144432",
"Latin America & the Caribbean (IDA & IBRD countries)","TLA","Population ages 60-64, female","SP.POP.6064.FE","2083290","2159833","2233693","2306214","2379278","2452949","2527941","2606412","2689935","2779929","2875401","2974406","3075853","3175790","3267829","3349968","3422421","3487787","3553712","3628940","3720104","3832994","3970353","4127357","4295766","4467645","4640954","4814742","4985460","5147307","5296174","5433169","5560082","5677356","5787489","5895612","6006992","6123759","6249774","6389672","6541607","6705170","6884698","7082049","7298333","7537416","7807743","8113633","8454544","8834664","9243518","9658955","10074220","10489432","10894574","11294213","11702794","12119152","12542014","12971381","13386009","13762544","14141962","14541310","14921451",
"Timor-Leste","TLS","Population ages 60-64, female","SP.POP.6064.FE","4796","5049","5290","5479","5571","5564","5447","5216","4948","4756","4682","4713","4851","5068","5304","5531","5783","6064","6329","6549","6763","6864","6802","6702","6609","6529","6451","6369","6255","6089","5924","5959","6169","6386","6616","6859","7122","7414","7732","6978","6393","7129","7896","8424","8722","9503","10882","12377","13832","15083","15786","15791","15532","15297","15077","14748","14153","13526","13181","13186","13538","14163","14786","15241","15609",
"Middle East, North Africa, Afghanistan & Pakistan (IDA & IBRD)","TMN","Population ages 60-64, female","SP.POP.6064.FE","1533336","1575772","1618137","1663105","1711454","1759319","1802621","1841821","1879335","1916421","1955202","1994015","2030553","2067008","2107108","2157934","2218623","2281070","2347393","2422314","2505008","2594323","2693990","2803087","2913141","3018243","3118233","3214000","3308144","3406938","3507771","3612390","3730313","3856338","3976710","4085516","4185869","4281890","4371736","4453071","4528845","4607446","4698836","4804308","4932105","5096972","5295969","5512851","5736024","5959605","6192825","6447575","6727121","7041886","7383241","7715117","8028596","8327682","8625141","8940421","9263822","9587857","9940446","10318825","10683904",
"Tonga","TON","Population ages 60-64, female","SP.POP.6064.FE","552","573","592","610","625","637","649","656","659","661","665","670","679","694","716","747","785","820","850","883","919","954","984","1005","1013","1023","1040","1068","1109","1155","1196","1233","1262","1275","1278","1273","1259","1255","1270","1297","1327","1357","1370","1359","1344","1334","1325","1336","1366","1393","1400","1370","1361","1381","1405","1432","1438","1437","1455","1490","1536","1579","1621","1650","1647",
"South Asia (IDA & IBRD)","TSA","Population ages 60-64, female","SP.POP.6064.FE","5663953","5796265","5850528","5873139","5936462","6060967","6241271","6482447","6754990","7007858","7219834","7389239","7524636","7649007","7780862","7931170","8095469","8274364","8463153","8654385","8846156","9038782","9233744","9435419","9650223","9881670","10128589","10389294","10664339","10955107","11260264","11577317","11907273","12246625","12584366","12913330","13245124","13589561","13929255","14233088","14499838","14740807","14961967","15195608","15488668","15859800","16302078","16797074","17298688","17971027","18875665","19861989","20921144","22062366","23155105","24092125","24983245","25792163","26490955","27105453","27660729","28108269","28633697","29338550","30077171",
"Sub-Saharan Africa (IDA & IBRD countries)","TSS","Population ages 60-64, female","SP.POP.6064.FE","2336298","2387685","2440496","2494214","2550249","2609377","2670886","2734944","2802748","2873379","2946076","3019550","3093243","3171047","3252382","3336100","3423236","3513370","3611500","3714945","3809099","3909465","4024017","4134276","4243037","4345705","4441041","4544148","4653039","4767421","4890187","5011065","5149284","5265543","5379663","5519541","5655241","5781705","5891268","6009219","6136067","6266847","6396112","6525146","6662545","6813653","6976588","7151058","7329988","7521701","7742467","7987323","8261217","8575784","8905385","9233718","9568125","9925670","10316792","10722251","11124505","11516415","11904099","12289812","12673735",
"Trinidad and Tobago","TTO","Population ages 60-64, female","SP.POP.6064.FE","8758","9140","9639","10159","10671","11146","11560","11892","12135","12287","12316","12298","12343","12452","12613","12820","13054","13304","13565","13821","14085","14329","14513","14647","14767","14919","15113","15312","15511","15689","15811","15887","15956","16041","16135","16213","16286","16383","16527","16752","17118","17672","18403","19286","20340","20634","21853","23225","24727","26265","28019","29840","31534","33255","35154","36903","38207","39151","39455","39868","40799","41755","42714","43563","43893",
"Tunisia","TUN","Population ages 60-64, female","SP.POP.6064.FE","46545","46231","45920","45608","45427","45452","45708","46300","47316","48742","50513","52541","54753","57014","59116","61009","62720","64224","65575","66929","68469","70552","73415","76450","79021","81478","84215","87110","90333","94280","98943","104126","109449","114979","121047","126564","130032","131826","132842","132885","132260","131807","131636","131638","132217","133956","136911","140899","145896","152613","161896","172367","183167","195813","211036","226008","239780","251416","258868","264725","271222","276353","282741","294334","308698",
"Turkiye","TUR","Population ages 60-64, female","SP.POP.6064.FE","352325","362927","373559","383168","391416","398419","404202","408876","412555","415247","417607","420766","424593","428464","432780","438373","446333","456808","469351","483765","499643","516223","533773","552635","572331","592791","613958","635801","658419","681786","705820","730357","755175","780020","804423","830301","855536","876644","895632","914381","933938","954579","975399","994791","1012289","1029265","1048230","1063569","1100344","1150634","1214775","1288566","1366440","1446398","1519044","1576459","1623091","1652881","1670257","1695872","1727563","1776386","1857384","1957770","2067724",
"Tuvalu","TUV","Population ages 60-64, female","SP.POP.6064.FE","65","66","68","70","71","73","75","75","76","76","77","79","79","80","83","88","92","99","107","115","116","117","123","130","139","145","149","152","153","153","155","155","156","155","150","145","138","134","136","142","148","156","162","158","147","136","125","125","137","155","172","184","193","194","192","193","198","205","218","230","233","233","238","247","250",
"Tanzania","TZA","Population ages 60-64, female","SP.POP.6064.FE","87154","89783","92532","95251","98242","101354","104449","107667","111867","117038","122286","127633","133468","139407","145098","150916","156867","162783","167979","171937","176032","181044","186264","190312","194521","198572","202117","205745","209725","214900","219820","224456","228806","233425","238358","242303","244774","247527","251226","255496","260973","267828","276386","287298","301067","317805","337209","358650","379431","396425","410851","424988","439029","454252","471959","490766","508027","522629","534262","542732","548773","552374","554483","557180","562076",
"Uganda","UGA","Population ages 60-64, female","SP.POP.6064.FE","56199","58774","61424","64206","67145","70250","73539","77043","80794","84780","88960","93176","97294","101438","105666","109915","114127","118239","122216","125886","129209","132392","135536","138627","141715","144808","147836","150735","153407","155805","157850","159513","160806","161585","161633","160419","158603","156523","154150","151830","149328","146823","144681","143031","142503","143906","147346","153307","162627","175350","189844","204234","217647","229410","239066","247582","256752","266873","277474","288889","300941","313330","326211","339739","354002",
"Ukraine","UKR","Population ages 60-64, female","SP.POP.6064.FE","1001349","1063161","1106849","1178130","1243820","1264977","1291695","1354416","1393929","1439414","1481229","1525120","1594252","1648077","1683396","1670709","1566112","1398526","1281465","1210240","1157617","1198720","1317800","1448129","1555917","1666394","1766290","1832780","1848949","1868530","1841119","1772400","1726520","1622465","1441103","1354297","1384863","1465706","1632866","1828811","1963278","1968903","1865670","1665973","1455887","1270114","1128402","1101075","1137155","1223872","1366653","1504290","1576494","1638784","1676605","1672102","1690036","1713070","1735074","1769355","1792231","1790315","1664454","1537565","1519851",
"Upper middle income","UMC","Population ages 60-64, female","SP.POP.6064.FE","14502026","14732924","15147888","15702583","16271576","16774518","17233261","17640303","17981920","18376091","18758204","19077470","19434284","19862497","20318857","20726480","21058756","21310721","21515899","21718086","22060987","22622247","23332553","24174306","25117211","26035441","26812709","27561609","28359338","29082047","29703638","30353655","31082882","31766248","32433345","33214822","34112400","34960839","35636038","36162941","36610683","37015214","37328659","37496498","37789485","38318926","39150848","40516280","42505576","45004020","48109051","51464115","55056487","58640121","61769624","64439141","66453364","68071816","69145525","68944475","67656961","66231543","66366291","69969851","75590761",
"Uruguay","URY","Population ages 60-64, female","SP.POP.6064.FE","47452","48510","49686","50894","52005","53009","53882","54531","55140","56099","57468","59308","61741","64343","66314","67415","67568","66635","65177","64185","64077","64742","66265","68434","70663","72647","74448","76058","77418","78497","79302","79818","80032","80017","79910","79761","79575","79367","79100","78763","78382","77974","77560","77210","77003","77026","77313","77873","78432","78749","79093","79647","80370","81503","83196","84979","86648","88233","89617","90780","91887","92910","93905","95117","96328",
"United States","USA","Population ages 60-64, female","SP.POP.6064.FE","3784407","3869632","3928469","3994968","4072070","4122038","4177857","4280856","4385916","4477753","4562461","4649094","4737615","4824808","4916247","5015736","5102010","5175220","5261183","5362281","5449648","5557119","5667199","5737712","5777900","5810104","5800077","5757056","5707976","5640897","5565247","5502711","5444007","5375057","5331458","5318535","5317117","5339955","5406815","5498961","5596457","5740996","5984973","6285001","6561036","6785883","7098891","7507033","7873976","8221350","8598548","8869360","9004578","9154486","9369568","9621942","9876061","10092259","10269421","10401701","10502386","10569561","10647385","10710434","10747289",
"Uzbekistan","UZB","Population ages 60-64, female","SP.POP.6064.FE","174560","183512","191589","197486","199461","197286","190468","178577","164536","152843","144957","141013","141985","145821","148515","148925","147204","143178","138814","137676","141396","149731","162474","178463","195745","212909","230421","248520","265939","280847","292816","301455","305973","307972","310610","314594","320730","329532","337909","340913","336935","327026","312037","294324","277862","265494","257714","255897","261363","275778","302763","337156","371545","405458","436500","460488","481071","503288","526796","553006","581820","611840","642781","671732","695482",
"St. Vincent and the Grenadines","VCT","Population ages 60-64, female","SP.POP.6064.FE","1074","1102","1125","1145","1163","1182","1197","1210","1225","1238","1253","1270","1291","1314","1336","1357","1367","1365","1358","1344","1329","1326","1331","1340","1363","1389","1410","1434","1452","1451","1442","1426","1404","1393","1395","1403","1420","1443","1456","1462","1460","1442","1417","1395","1386","1395","1420","1463","1531","1614","1689","1751","1806","1865","1922","1996","2105","2238","2361","2470","2576","2666","2734","2803","2871",
"Venezuela, RB","VEN","Population ages 60-64, female","SP.POP.6064.FE","60765","63392","66149","69049","72105","75325","78747","82422","86196","89990","93959","98065","102234","106574","111112","115919","121119","126662","132494","138543","144717","150985","157423","164122","171009","178005","185119","192389","199752","207133","214545","222018","229567","237081","244375","251511","258633","265822","273290","281016","289224","298173","308225","319437","331707","345109","359401","374532","389739","405594","422542","440684","461010","483882","508256","533549","558711","581438","601152","618432","634722","649767","663543","676404","688499",
"British Virgin Islands","VGB","Population ages 60-64, female","SP.POP.6064.FE","91","93","96","100","104","108","111","112","110","107","105","107","113","118","125","130","134","137","139","141","142","141","140","139","137","136","139","141","144","152","159","156","153","157","161","167","172","179","192","205","221","242","263","286","312","338","365","398","435","469","495","528","569","607","649","697","733","766","820","869","907","955","1007","1053","1091",
"Virgin Islands (U.S.)","VIR","Population ages 60-64, female","SP.POP.6064.FE","458","449","434","470","460","475","494","518","587","641","672","752","821","918","999","1072","1116","1108","1174","1204","1291","1350","1403","1459","1500","1523","1536","1550","1568","1591","1660","1703","1769","1844","1932","2031","2120","2199","2277","2364","2475","2610","2766","2942","3121","3295","3462","3620","3760","3863","3919","3929","3905","3869","3839","3841","3876","3933","4003","4077","4138","4194","4256","4313","4351",
"Viet Nam","VNM","Population ages 60-64, female","SP.POP.6064.FE","492872","512721","536984","561586","580513","592514","597262","593750","585551","580883","583046","591922","607519","626471","642787","655358","664502","668010","669453","674192","684834","702372","727023","755015","780099","800574","815885","824203","829858","840637","858151","882834","916461","953145","981223","996463","999776","990616","973608","957351","946044","939369","938584","944235","955471","972480","989823","1009113","1053457","1140132","1255575","1359137","1454713","1554740","1654467","1755329","1868082","1992549","2111906","2236867","2362315","2456804","2534139","2617583","2681954",
"Vanuatu","VUT","Population ages 60-64, female","SP.POP.6064.FE","370","371","381","400","421","444","465","482","494","503","515","529","547","568","593","619","645","669","692","674","646","646","647","651","657","665","677","689","701","713","713","701","690","681","674","673","678","695","727","774","842","927","1019","1118","1225","1340","1463","1594","1746","1919","2072","2204","2350","2500","2651","2807","2961","3138","3337","3518","3671","3797","3913","4020","4120",
"World","WLD","Population ages 60-64, female","SP.POP.6064.FE","45178003","46254985","47372264","48641391","49940718","51080178","52157276","53373494","54592873","55880621","57131239","58245557","59305924","60380916","61394094","62049762","62090674","61630590","61133105","61087959","61990661","63980391","66580067","69416776","72082831","74278564","76065799","77719486","79358299","80849410","82129874","83333398","84556300","85588089","86475126","87643824","89190216","90942942","92768736","94544184","96068142","97314731","98128559","98579346","99093494","99814965","101724115","105426462","110208441","115884625","122556221","128817348","134626659","140403384","145763867","150682469","155075131","158992498","162305863","164281961","165004865","165269423","167185643","172815753","180357503",
"Samoa","WSM","Population ages 60-64, female","SP.POP.6064.FE","810","848","887","921","947","965","974","977","976","975","974","977","991","1015","1063","1127","1191","1240","1280","1331","1391","1449","1483","1500","1532","1576","1625","1677","1726","1761","1777","1778","1776","1780","1791","1805","1828","1856","1883","1907","1929","1916","1902","1930","1957","1982","1992","2001","2034","2076","2106","2095","2157","2273","2368","2453","2568","2699","2816","2979","3148","3252","3366","3533","3598",
"Kosovo","XKX","Population ages 60-64, female","SP.POP.6064.FE","11725","12386","12999","13400","13684","13938","14134","14320","14542","14812","15109","15443","15758","15965","16081","16127","16133","16112","16094","16125","16265","16522","16898","17461","18240","19169","20207","21333","22305","23219","24369","25678","26932","27962","28824","29612","30353","31064","31051","30391","30181","30306","29991","29299","28731","28315","28014","27835","27781","27811","27939","28488","29413","30401","31447","32419","33428","34558","35666","36736","37972","39343","40787","40520","39857",
"Yemen, Rep.","YEM","Population ages 60-64, female","SP.POP.6064.FE","61750","62795","63777","64704","65725","66905","68197","69602","71110","72716","74367","76042","77783","79593","81485","83463","85530","87687","89939","92275","94698","97214","99808","102499","105320","108264","111315","114478","117722","121034","124432","127932","131555","135280","139051","142808","146618","150601","154697","158680","162566","166278","169607","172757","176163","180157","185024","190530","195051","197520","197804","196884","196455","198004","202492","210023","219540","229785","240731","252494","264566","276660","289653","303986","319464",
"South Africa","ZAF","Population ages 60-64, female","SP.POP.6064.FE","162795","170575","179248","188259","197317","206357","215148","223621","231818","239612","246915","253161","258703","264391","270187","276090","282030","288461","295543","302811","314845","332455","351546","371764","391962","403340","404802","406336","412476","425285","445644","467802","494923","495511","515028","562964","597752","619831","620319","625532","634664","642932","647457","647401","641254","631244","623593","623856","634905","658077","691456","728161","767133","807519","839932","865940","891677","934020","995250","1058776","1119803","1171709","1208357","1234175","1256494",
"Zambia","ZMB","Population ages 60-64, female","SP.POP.6064.FE","28554","29857","31133","32365","33541","34674","35758","36766","37743","38768","39839","40968","42202","43510","44820","46115","47400","48654","49918","51285","52765","54358","56105","57884","59496","60895","62088","63033","63794","64505","65213","65912","66634","67342","67931","68366","68683","68949","69178","69385","69669","70107","70686","71475","72517","73824","75387","77074","78565","80353","83413","87339","91626","96616","101891","106600","111146","116108","121485","127356","133673","140211","147270","155098","163385",
"Zimbabwe","ZWE","Population ages 60-64, female","SP.POP.6064.FE","38861","39652","40471","41301","42106","42876","43628","44378","45140","45949","47333","49181","50883","52598","54608","57180","60506","65444","72850","78894","73598","66300","64940","64100","65149","67043","69838","76048","83273","87005","88843","90036","101992","113364","112106","109222","105199","101136","97815","96171","96502","97551","98816","100772","103449","106377","108374","109734","110654","113976","120606","127603","135641","145204","152600","156472","158987","160102","159758","158083","155307","151575","146765","141651","137351",
