"Data Source","Health Nutrition and Population Statistics",

"Last Updated Date","2026-02-02",

"Country Name","Country Code","Indicator Name","Indicator Code","1960","1961","1962","1963","1964","1965","1966","1967","1968","1969","1970","1971","1972","1973","1974","1975","1976","1977","1978","1979","1980","1981","1982","1983","1984","1985","1986","1987","1988","1989","1990","1991","1992","1993","1994","1995","1996","1997","1998","1999","2000","2001","2002","2003","2004","2005","2006","2007","2008","2009","2010","2011","2012","2013","2014","2015","2016","2017","2018","2019","2020","2021","2022","2023","2024",
"Aruba","ABW","Population ages 60-64, male","SP.POP.6064.MA","453","488","524","559","597","637","681","731","780","812","825","821","804","798","782","761","740","727","724","733","740","734","736","760","782","774","746","725","729","769","848","967","1089","1208","1296","1349","1421","1479","1515","1544","1580","1624","1665","1719","1787","1878","1979","2077","2176","2270","2365","2489","2660","2845","3015","3169","3297","3377","3446","3514","3555","3592","3654","3736","3822",
"Africa Eastern and Southern","AFE","Population ages 60-64, male","SP.POP.6064.MA","1080405","1116034","1156871","1199737","1242512","1283811","1323031","1360691","1399050","1438699","1478874","1519447","1560540","1602785","1646550","1693082","1742054","1792991","1852641","1914582","1954614","1993798","2048016","2098055","2148288","2197832","2245168","2299217","2356862","2415493","2479121","2544168","2612407","2689953","2734033","2748680","2765889","2787746","2827506","2881604","2950565","3029162","3111546","3198061","3290248","3389884","3499016","3620379","3746211","3878080","4009675","4132311","4263254","4411338","4559443","4713381","4875377","5055243","5269086","5496343","5720586","5936018","6143095","6340995","6539402",
"Afghanistan","AFG","Population ages 60-64, male","SP.POP.6064.MA","94078","94786","95966","97367","98628","99666","100474","101020","101525","102327","103582","105183","107183","109565","111996","114270","116311","118233","119903","119349","114098","102472","93172","91293","92062","92192","90834","89828","90253","92297","92685","92975","99410","110454","118802","123403","127195","131041","134950","138740","138921","138334","144184","152018","156712","161913","168410","170980","172772","176588","179063","182964","188619","194651","202034","208999","215405","222427","229969","238202","246558","252736","258454","267909","280247",
"Africa Western and Central","AFW","Population ages 60-64, male","SP.POP.6064.MA","976115","990955","1004715","1018722","1034156","1052141","1072904","1095716","1120070","1145426","1171479","1197642","1223927","1251817","1281934","1314053","1347406","1382582","1419384","1456765","1493629","1529765","1566266","1599849","1631655","1665343","1700078","1736183","1773937","1813405","1851844","1890604","1932599","1975125","2017849","2061968","2106911","2154233","2204253","2253933","2304848","2358894","2415364","2474404","2537447","2603205","2667387","2725976","2771390","2806659","2852778","2916842","2994018","3092007","3203673","3314300","3428032","3548114","3672749","3799961","3924752","4055661","4199866","4353569","4514075",
"Angola","AGO","Population ages 60-64, male","SP.POP.6064.MA","48995","48898","48782","48713","48711","48773","48915","49173","49510","49837","49840","49669","49762","50079","50578","51257","52108","53246","54726","56519","58662","61156","64000","67147","70569","74273","78194","82115","86046","90115","94215","98388","102415","106020","109354","112602","115741","118712","121379","123607","125673","127860","130341","133538","137841","143218","149442","156165","162461","167698","172687","178127","184303","192065","201721","212535","224067","236123","248357","260642","272312","283395","294519","305393","315683",
"Albania","ALB","Population ages 60-64, male","SP.POP.6064.MA","17115","17568","17980","18385","18824","19326","19890","20513","21207","21952","22702","23503","24366","25189","25933","26555","27003","27431","27964","28638","29623","30871","32174","33211","33585","33226","32920","33559","35315","38929","42893","44836","45702","46430","47499","48964","50881","52732","54086","54990","55607","56034","56892","57546","57747","57407","56827","56596","57303","59129","61797","64562","66034","67250","68464","69919","71528","73178","74767","76147","77044","77524","77429","76398","74782",
"Andorra","AND","Population ages 60-64, male","SP.POP.6064.MA","139","148","165","189","222","263","298","320","337","350","363","382","408","435","466","496","526","554","580","604","630","662","699","748","797","858","916","963","1021","1081","1121","1190","1265","1328","1366","1371","1378","1377","1372","1330","1330","1356","1379","1488","1669","1793","1880","2010","2149","2223","2117","2006","1961","1900","1890","1906","1997","2134","2239","2359","2477","2599","2746","2905","3044",
"Arab World","ARB","Population ages 60-64, male","SP.POP.6064.MA","944810","964716","984165","1004645","1028116","1053150","1076218","1097521","1119617","1142347","1166246","1190707","1214069","1236048","1258690","1287961","1321269","1350952","1383602","1425957","1473522","1520531","1569571","1621917","1675118","1729117","1786143","1846222","1904863","1963772","2030106","2085062","2150666","2220270","2282834","2336300","2386788","2435524","2479447","2518978","2557929","2598305","2643396","2697394","2764508","2855114","2976862","3124499","3291923","3468131","3636793","3827289","4032545","4255237","4484219","4724657","4958527","5165120","5335845","5507329","5694053","5821449","6032094","6331852","6628096",
"United Arab Emirates","ARE","Population ages 60-64, male","SP.POP.6064.MA","935","965","990","1005","1008","1000","995","1001","1096","1332","1676","2138","2740","3449","4178","4793","4870","4545","4390","4485","4752","4926","4983","5116","5350","5646","6043","6556","7127","7722","8294","8797","9233","9641","10064","10573","12028","14367","16666","18891","21170","23950","27873","33053","39161","46585","55340","64597","72672","76918","77963","80269","83207","86028","89566","94301","99083","101739","101433","100621","99042","100351","105402","119034","137237",
"Argentina","ARG","Population ages 60-64, male","SP.POP.6064.MA","340212","350622","361671","372828","383333","392913","401886","410068","417333","423930","430489","436217","441165","446379","451457","456833","462020","466807","471871","477739","484848","493312","503496","514762","525941","536671","547228","557543","567170","575555","582524","588032","592011","594658","597279","600689","604440","608577","613436","619502","627225","637129","649596","664405","681334","700005","720126","741185","762673","783178","802060","820232","837163","852588","867939","882913","896488","909264","920328","931403","942429","949623","957507","969758","981116",
"Armenia","ARM","Population ages 60-64, male","SP.POP.6064.MA","19670","20687","21893","23254","24654","26022","27319","28484","29486","30303","30836","31146","31403","31443","30882","29686","27465","24444","21881","20023","19158","19650","21241","24101","28656","34654","41687","49434","56537","62451","66880","69047","68496","65803","62549","60375","60195","61455","63211","64296","65323","62528","57153","49505","41352","34939","32068","33176","37374","43090","48878","53380","56649","59635","62683","65540","68125","71011","74555","78502","82130","85007","86152","84566","84569",
"American Samoa","ASM","Population ages 60-64, male","SP.POP.6064.MA","123","138","158","177","190","196","194","185","178","180","191","206","218","233","250","266","285","300","310","314","320","329","336","342","351","366","385","404","424","446","462","469","471","476","486","503","528","556","582","601","609","609","609","611","616","629","645","667","697","721","740","763","788","807","828","856","887","916","941","968","1003","1032","1046","1070","1106",
"Antigua and Barbuda","ATG","Population ages 60-64, male","SP.POP.6064.MA","680","737","789","837","851","831","810","798","808","841","893","952","1003","1043","1073","1093","1102","1107","1112","1117","1128","1146","1166","1180","1167","1126","1066","995","930","875","827","803","801","797","792","793","811","830","835","835","838","840","848","878","921","972","1030","1090","1144","1204","1283","1387","1490","1570","1643","1711","1764","1830","1943","2067","2161","2239","2305","2359","2435",
"Australia","AUS","Population ages 60-64, male","SP.POP.6064.MA","185291","189729","195101","199446","204346","209909","216737","221879","228025","233960","238649","247365","254301","261909","272403","278031","280880","282447","281919","280509","283381","292245","305117","319699","333560","343898","350598","355552","360211","364432","366580","365517","361788","357226","353932","352173","353848","360317","370372","383241","397407","410948","422555","435281","450886","469881","494438","526949","556999","579766","596520","606563","611012","615449","621677","628762","638014","649442","662153","678790","697874","709098","722541","740929","756389",
"Austria","AUT","Population ages 60-64, male","SP.POP.6064.MA","181276","187576","193523","197974","200555","201844","201568","199520","196827","194178","191286","188328","186440","184683","180900","171895","156918","139244","122235","111625","112925","124758","140073","154506","164529","168744","169935","171077","174112","178069","181566","183894","184312","182150","177897","172811","168367","165699","166219","178038","199620","220173","234114","241763","240061","224945","209880","207796","212443","215766","222664","229495","229225","227235","227627","231155","238809","248749","258752","269903","281604","292653","305863","320621","332932",
"Azerbaijan","AZE","Population ages 60-64, male","SP.POP.6064.MA","36171","36063","35756","35608","35796","36125","36700","37439","38338","39378","40306","40974","41282","41147","40595","39726","38672","37289","36822","36733","37012","38079","40085","42996","48223","55870","65127","75520","87010","97857","106786","111540","113955","115279","114259","113348","115505","119253","121557","122548","121071","115887","106066","92697","78588","66910","60340","61530","70409","82721","95924","108763","118555","125871","134391","145116","158534","175033","192637","210498","227585","242025","251181","257648","261064",
"Burundi","BDI","Population ages 60-64, male","SP.POP.6064.MA","24884","25645","26321","26858","27525","28163","28732","29351","29945","30511","31092","31759","31748","31659","32265","32831","33270","33710","34185","34559","35398","36234","36654","37127","37487","37712","37787","37920","37939","37866","37900","37981","38364","36735","36545","38341","38019","37796","38396","39224","39906","40692","41557","42563","43862","45212","46520","47808","49369","51099","54356","59139","63926","68664","73584","76277","76764","77730","79175","80823","82118","83183","84530","86274","88047",
"Belgium","BEL","Population ages 60-64, male","SP.POP.6064.MA","235757","240867","245638","249891","253915","256847","256823","255588","254683","252824","250205","247707","246187","245847","245436","241012","229437","211560","191334","179547","183895","200390","222301","245538","262400","268024","267538","266474","265877","265192","265894","268144","270320","271078","269894","266098","260454","256121","254607","254379","252510","246887","240234","237662","239518","245065","260006","280268","295457","305966","314766","320025","320253","322051","324789","329123","334720","340543","346601","353425","360052","366633","374955","384120","392338",
"Benin","BEN","Population ages 60-64, male","SP.POP.6064.MA","32844","33099","33496","33974","34423","34793","35097","35344","35535","35673","35773","35832","35853","35848","35839","35838","35846","35860","35892","35956","36058","36200","36387","36613","36865","37147","37469","37835","38254","38742","39310","39974","40760","42141","43394","44165","45235","46506","47945","49590","51424","53389","55515","57787","60061","62301","64287","66472","69220","71849","74405","77269","79964","82313","85002","88102","91423","95049","98959","103140","107466","112072","117119","122392","127729",
"Burkina Faso","BFA","Population ages 60-64, male","SP.POP.6064.MA","53151","54254","55428","56646","57841","59003","60118","61167","62188","63235","64328","65439","66587","67750","68868","69927","70927","71886","72793","73645","74462","75207","75878","76508","77061","77493","77780","77921","77954","77915","77853","77783","77792","77979","78429","79159","80139","81461","83276","85422","87709","90190","92881","95882","99334","103166","106944","109874","109911","107627","105501","104109","104060","106964","112328","118136","124120","130200","136296","142477","148602","154585","160605","166734","172949",
"Bangladesh","BGD","Population ages 60-64, male","SP.POP.6064.MA","549164","569598","592652","617135","641464","664953","687875","710512","732776","754395","774556","774552","774976","795570","816416","838120","861201","884448","907510","929811","951003","971422","991513","1011287","1030584","1049732","1068695","1086999","1105335","1125249","1147019","1170133","1195771","1223783","1252003","1280194","1310082","1343031","1379114","1417733","1458646","1498365","1536016","1575099","1617062","1661939","1707786","1751003","1779373","1791412","1809498","1843955","1891575","1960539","2051689","2145038","2231554","2321587","2406654","2473877","2523977","2557008","2595789","2650737","2705937",
"Bulgaria","BGR","Population ages 60-64, male","SP.POP.6064.MA","146539","154554","160118","167670","177281","185485","193004","201121","206201","209272","212973","215519","218296","215450","214470","219570","210992","187340","169915","162315","160171","176117","205436","232508","249436","259157","265075","266093","265763","261143","254400","250200","248418","248822","249407","248062","244090","237924","228735","218656","211155","204061","198559","198894","200689","203660","210370","218238","225002","233383","241857","243856","241874","237097","232038","225489","221856","220005","216246","212405","209636","207478","204930","203077","202418",
"Bahrain","BHR","Population ages 60-64, male","SP.POP.6064.MA","1430","1494","1559","1625","1702","1780","1854","1935","1996","2024","2034","2055","2103","2152","2204","2264","2344","2445","2560","2686","2815","2958","3114","3261","3395","3524","3654","3786","3917","4049","4165","4021","4094","4159","4181","4189","4203","4245","4348","4520","4720","4902","5143","5332","5535","5835","6306","7004","7842","9079","10365","11031","12151","14191","16606","17476","17703","19096","20269","21377","22401","23048","22613","23839","24913",
"Bahamas, The","BHS","Population ages 60-64, male","SP.POP.6064.MA","863","910","967","1034","1097","1159","1236","1333","1447","1571","1699","1834","1978","2120","2260","2393","2512","2609","2678","2714","2722","2719","2727","2759","2827","2934","3072","3229","3395","3564","3732","3897","4061","4223","4385","4549","4727","4926","5155","5418","5704","5979","6215","6391","6556","6702","6770","6782","6768","6685","6557","6470","6440","6472","6570","6732","6948","7201","7475","7771","8085","8410","8790","9242","9716",
"Bosnia and Herzegovina","BIH","Population ages 60-64, male","SP.POP.6064.MA","33725","36035","38803","41229","43125","44819","46424","47926","49335","50355","50698","50497","49960","49028","47477","45040","41570","37555","34231","32749","33653","36847","41430","46197","50608","54851","59491","65165","71961","79351","86492","92554","94469","93035","92382","93333","95411","97245","98219","98376","97527","95443","92010","87323","82084","77770","75588","76073","79352","84406","89903","95306","100212","104580","108727","112281","114793","116453","117462","118103","118654","118896","118803","118194","116607",
"Belarus","BLR","Population ages 60-64, male","SP.POP.6064.MA","102452","105266","108025","113750","120367","124853","128961","135103","138263","140723","143070","143408","142542","141914","140314","135027","125853","114556","106718","102089","101654","107800","120045","135696","150026","164216","179922","198230","215541","231643","246603","254797","255864","250000","237316","225761","222785","224157","228498","235987","236952","230086","215267","192725","170827","153326","142781","146491","162072","183235","204624","220560","229425","233795","236458","241358","249040","257849","269537","281370","289878","294773","295983","293983","288304",
"Belize","BLZ","Population ages 60-64, male","SP.POP.6064.MA","1015","1043","1074","1105","1132","1159","1184","1206","1229","1257","1287","1320","1348","1359","1357","1355","1350","1343","1350","1369","1389","1416","1448","1477","1510","1554","1610","1675","1736","1785","1814","1827","1807","1756","1714","1703","1749","1841","1960","2089","2198","2271","2316","2348","2381","2438","2529","2666","2841","3046","3242","3418","3595","3769","3937","4105","4292","4487","4683","4893","5117","5352","5625","5906","6152",
"Bermuda","BMU","Population ages 60-64, male","SP.POP.6064.MA","555","584","626","674","723","769","806","830","841","846","852","866","888","914","936","956","963","954","937","922","923","938","964","999","1034","1066","1098","1122","1134","1140","1141","1156","1191","1227","1257","1281","1295","1284","1253","1230","1224","1238","1285","1355","1420","1485","1566","1638","1689","1727","1769","1818","1866","1916","1979","2036","2075","2123","2178","2244","2331","2394","2446","2520","2576",
"Bolivia","BOL","Population ages 60-64, male","SP.POP.6064.MA","36946","37114","37500","38054","38694","39406","40202","41078","42037","43086","44184","45352","46620","47883","48976","49870","50588","51105","51559","52243","53302","54665","56292","58204","60381","62748","65354","68257","71259","74012","76387","78430","80130","82157","84701","87289","89886","92454","95048","97800","100735","103810","106608","109254","112267","115602","119117","122412","124641","125407","125720","126274","127135","129048","132368","136279","140315","144709","149440","154431","157601","158540","161436","166878","172587",
"Brazil","BRA","Population ages 60-64, male","SP.POP.6064.MA","629551","656298","681568","706146","731192","756404","781631","807878","835898","865745","897030","928724","959727","989552","1017998","1044529","1069177","1093302","1118492","1145992","1177337","1214434","1258480","1308916","1363492","1419053","1473632","1526978","1578197","1625955","1670483","1712725","1752226","1788535","1823032","1858614","1900663","1951469","2010521","2078679","2152585","2226970","2300158","2372322","2444422","2518691","2593086","2676228","2780728","2911450","3059947","3218852","3383111","3541552","3688338","3831121","3977660","4125420","4275722","4427613","4574051","4704622","4832047","4964556","5084846",
"Barbados","BRB","Population ages 60-64, male","SP.POP.6064.MA","2734","2845","2891","2908","2937","2985","3049","3124","3203","3278","3348","3412","3477","3541","3614","3692","3784","3894","3987","4011","4012","3992","3910","3825","3792","3803","3823","3845","3856","3840","3811","3827","3879","3915","3916","3903","3921","3980","4022","4061","4076","4048","4034","4129","4324","4561","4901","5294","5639","5938","6199","6379","6541","6739","6988","7291","7612","7896","8095","8239","8383","8515","8589","8661","8714",
"Brunei Darussalam","BRN","Population ages 60-64, male","SP.POP.6064.MA","937","955","972","991","1015","1040","1069","1100","1136","1176","1252","1357","1413","1420","1415","1406","1405","1419","1459","1531","1624","1723","1791","1814","1812","1791","1766","1767","1797","1839","1892","1957","2024","2072","2101","2121","2148","2204","2294","2412","2553","2710","2868","3021","3162","3313","3525","3756","3960","4133","4233","4377","4732","5204","5667","6109","6507","6867","7229","7600","7941","8312","8699","9024","9342",
"Bhutan","BTN","Population ages 60-64, male","SP.POP.6064.MA","1893","1941","1996","2058","2124","2195","2272","2355","2442","2534","2631","2735","2844","2959","3082","3215","3357","3508","3668","3839","4016","4202","4397","4603","4821","5051","5292","5546","5810","6083","6352","6574","6441","6292","6389","6410","6518","6737","6970","7213","7429","7598","7715","7778","7784","7802","7907","8064","8235","8422","8636","8894","9199","9529","9870","10222","10561","10891","11209","11475","11691","11889","12108","12384","12741",
"Botswana","BWA","Population ages 60-64, male","SP.POP.6064.MA","3839","3967","4203","4475","4688","4785","4766","4649","4473","4299","4155","4060","4095","4298","4577","4911","5333","5827","6533","7320","7718","8092","8730","9332","9835","10214","10447","10511","10416","10352","10479","10765","11194","11697","12188","12610","12970","13274","13517","13705","13855","13938","13954","13955","13977","14040","14158","14329","14568","15131","16039","16897","17917","19166","20128","20778","21279","21839","22487","22984","23325","23272","23465","24368","25435",
"Central African Republic","CAF","Population ages 60-64, male","SP.POP.6064.MA","21058","21290","21410","21475","21576","21747","21978","22265","22588","22916","23219","23504","23776","24041","24297","24548","24522","24190","23820","23455","23116","22809","22538","22301","22074","21837","21590","21342","21232","21515","22054","22585","23115","23640","24162","24652","25151","25695","26266","26857","27458","28031","28677","29422","30243","31215","32210","33168","34071","32855","32186","34031","35740","37341","37946","38041","38503","38619","38615","37852","36869","35986","33252","31317","31389",
"Canada","CAN","Population ages 60-64, male","SP.POP.6064.MA","286561","293019","299213","305867","313503","321755","330910","340786","350951","360824","370852","387235","398379","410676","423471","434170","439964","441947","441586","442820","451521","466540","484954","503350","518887","528651","535475","544156","552567","562547","571234","579326","586332","590779","592655","592135","590726","590048","592568","599768","611188","628665","653545","683563","716361","749854","789851","837887","885664","929336","970975","1001793","1020687","1039711","1067943","1099137","1134403","1169221","1203785","1233910","1258723","1276980","1303800","1341164","1379898",
"Central Europe and the Baltics","CEB","Population ages 60-64, male","SP.POP.6064.MA","1642618","1729522","1812419","1893959","1969966","2026230","2076538","2134886","2183935","2226687","2262123","2280911","2289428","2280894","2254247","2182591","2032521","1821943","1605716","1485582","1511511","1653826","1870648","2114085","2286695","2379817","2444700","2483679","2525508","2563558","2592572","2615961","2631794","2631521","2608618","2571224","2532227","2500335","2471390","2452960","2428233","2390568","2349123","2319901","2296973","2272501","2298358","2397387","2530463","2694446","2868494","3013952","3109410","3175249","3227704","3269763","3303577","3314919","3297740","3251228","3163027","3051031","2963511","2899327","2855510",
"Switzerland","CHE","Population ages 60-64, male","SP.POP.6064.MA","117017","120026","123531","126834","129493","132086","134651","136629","138930","141308","143346","144454","145168","145919","146095","144474","141308","137697","133824","130736","131574","136341","141384","145873","149403","150733","150128","149808","150022","150927","152693","154192","155575","157416","159643","161832","163468","164566","165883","167612","169251","172194","178125","186280","195058","204065","212264","218237","222476","225387","226454","226194","225781","226059","227470","230291","235161","241431","247748","254687","261983","268913","278448","292812","307755",
"Channel Islands","CHI","Population ages 60-64, male","SP.POP.6064.MA","2692","2784","2855","2939","3006","3070","3148","3223","3301","3371","3421","3458","3490","3510","3509","3474","3364","3182","2979","2848","2847","2912","2983","3075","3165","3224","3265","3260","3226","3217","3216","3192","3176","3225","3289","3325","3389","3481","3564","3641","3673","3646","3594","3557","3562","3610","3822","4178","4454","4620","4753","4782","4692","4653","4693","4724","4765","4849","4977","5127","5274","5441","5632","5815","6005",
"Chile","CHL","Population ages 60-64, male","SP.POP.6064.MA","84090","85709","87253","88900","90860","93193","95847","98771","101821","104834","107683","110528","113568","116732","119859","122961","125971","128776","131603","134994","139353","144494","150179","156718","164577","173507","183658","195200","206696","215948","222315","225982","226962","226368","225967","226547","227885","229991","232865","236305","240208","244784","250265","256879","264806","273471","283220","295181","309466","325029","341898","359299","375136","389193","402212","414740","427683","441722","456071","470041","482510","493112","502903","513041","523765",
"China","CHN","Population ages 60-64, male","SP.POP.6064.MA","7858547","7747646","7829214","8016810","8229597","8439694","8627400","8760788","8871750","9034058","9231615","9416226","9627777","9936054","10311445","10674831","11018515","11338406","11557991","11701441","11935600","12264387","12606191","13006252","13505947","13988035","14350148","14722966","15201070","15605207","15977181","16452115","16968128","17555841","18202920","18770809","19316952","19839115","20161998","20270136","20367438","20560835","20726327","20833260","21102551","21527194","22094271","23010277","24277944","25731820","27520561","29443681","31581326","33735068","35619656","37282332","38400099","39166770","39418402","38374180","36274094","34097647","33543614","36317207","40930855",
"Cote d'Ivoire","CIV","Population ages 60-64, male","SP.POP.6064.MA","30571","31812","33137","34528","35975","37475","39034","40652","42336","44118","46040","48127","50382","52777","55305","57979","60416","62565","64748","67168","69807","72436","75066","77718","80245","82676","85195","87797","90424","93393","96753","100183","103683","107221","110733","114131","117403","120564","123500","125758","127293","128444","129298","129977","130602","131250","131829","132051","133544","137693","144389","153704","165284","178526","188715","195670","203292","211151","219186","227703","236008","244103","252989","262750","273145",
"Cameroon","CMR","Population ages 60-64, male","SP.POP.6064.MA","56605","57082","57970","59282","60617","61989","63406","64867","66364","67897","69449","71004","72556","74102","75651","77215","78742","80223","81772","83348","85142","87063","88358","89468","91007","92689","94401","96151","97897","99609","101344","103089","104855","106689","108557","110410","112330","114378","116480","118498","120474","122549","124788","127253","130044","133116","136175","138820","140692","142058","143971","146792","150536","155529","161759","168248","174423","180561","186839","193434","199845","206081","212790","220200","228037",
"Congo, Dem. Rep.","COD","Population ages 60-64, male","SP.POP.6064.MA","117540","120183","122927","125905","129104","132616","136668","141210","146019","150901","155796","160623","165429","170386","175524","180850","186293","191885","198492","205909","212986","219884","227060","234762","243186","252013","260974","270440","280450","290700","301593","312901","324789","337601","353849","369213","378858","388112","400884","415554","430321","445587","460891","476496","493306","511551","530259","548366","564120","576232","586480","597339","609601","625077","644853","667032","691411","717290","742398","767156","792083","817084","843194","871079","900212",
"Congo, Rep.","COG","Population ages 60-64, male","SP.POP.6064.MA","11394","11673","11874","12030","12192","12380","12588","12815","13058","13310","13564","13827","14098","14379","14668","14935","15191","15504","15940","16496","17095","17631","17961","17939","17634","17371","17375","17696","18293","19035","19765","20358","20759","21046","21343","21697","22186","22686","23252","23910","24716","25406","25612","25742","26030","26485","27148","28046","29062","30363","31848","33229","34502","35728","37197","38971","41024","43408","46077","48822","51498","54129","56762","59465","62285",
"Colombia","COL","Population ages 60-64, male","SP.POP.6064.MA","117981","122548","128008","133965","139745","145199","150257","154714","159010","163962","169730","176330","184016","192111","199296","205257","210040","213537","216484","220120","225037","231065","238262","246528","255306","263766","272331","281421","290459","299189","307583","315900","324604","333786","343097","352581","362100","371409","381048","392144","405269","420619","438638","459464","482680","507656","533736","560042","585571","614405","647379","681076","716701","755447","793438","830295","870040","912912","958133","1004193","1047639","1086068","1125585","1168339","1209562",
"Comoros","COM","Population ages 60-64, male","SP.POP.6064.MA","1948","2021","2099","2181","2270","2371","2470","2572","2674","2775","2880","2989","3104","3229","3366","3504","3631","3742","3832","3891","3912","3931","3977","4030","4093","4167","4254","4353","4465","4587","4720","4880","5060","5250","5445","5636","5818","5975","6090","6009","5830","5817","5949","6055","5969","5710","5398","5152","5069","5209","5552","5999","6438","6753","6921","7053","7261","7514","7755","8010","8261","8511","8811","9162","9505",
"Cabo Verde","CPV","Population ages 60-64, male","SP.POP.6064.MA","2154","2280","2462","2707","2945","3176","3409","3642","3875","4105","4209","4173","4120","4068","4020","3918","3756","3582","3397","3203","3091","3087","3108","3139","3180","3229","3284","3346","3411","3474","3553","3637","3697","3728","3731","3705","3656","3593","3527","3468","3428","3395","3349","3286","3212","3140","3080","3029","2999","3008","3116","3386","3760","4158","4553","4945","5349","5787","6268","6803","7349","7872","8381","8866","9279",
"Costa Rica","CRI","Population ages 60-64, male","SP.POP.6064.MA","11540","11998","12435","12851","13254","13686","14187","14761","15401","16090","16798","17485","18146","18773","19347","19848","20271","20647","21032","21500","22117","22925","23908","25040","26274","27533","28809","30129","31470","32779","34057","35311","36524","37692","38925","40293","41800","43514","45360","47154","48879","50590","52271","54034","56055","58414","61126","64107","67371","70803","74158","77458","80840","84261","87780","91547","95526","99727","104150","108837","113624","118205","122512","126421","129666",
"Caribbean small states","CSS","Population ages 60-64, male","SP.POP.6064.MA","26863","28038","28894","29446","29908","30351","30799","31262","31789","32427","33233","34193","35109","35909","36631","37220","37674","38041","38342","38558","38714","38799","38839","38897","38998","39157","39306","39394","39483","39539","39520","39633","39899","40206","40550","41061","41782","42626","43628","44801","46029","47241","48553","50167","51936","53055","55291","57995","60956","63929","67012","70056","72975","75805","78836","82051","85143","88023","90774","93781","96931","100005","103420","107102","109969",
"Cuba","CUB","Population ages 60-64, male","SP.POP.6064.MA","99045","104990","111554","118078","123586","127823","130761","132239","132816","133441","134467","136536","139645","142826","145645","147912","149625","150850","151973","153401","155101","156549","157564","158292","158954","160028","161680","163897","166684","169690","172615","175474","178109","180389","182908","185972","189976","195765","203069","211436","220321","228123","234394","240398","245681","249142","252401","256251","260038","263777","267352","269769","271419","274279","277620","279537","280706","280794","279651","282225","292163","306804","328879","359301","389261",
"Curacao","CUW","Population ages 60-64, male","SP.POP.6064.MA","1207","1255","1336","1430","1534","1646","1746","1833","1906","1950","1961","1953","1896","1818","1763","1702","1649","1619","1608","1629","1673","1726","1792","1851","1899","1944","1978","2002","2018","2037","2073","2122","2184","2267","2359","2450","2540","2602","2592","2523","2445","2375","2423","2567","2725","2916","3120","3324","3521","3713","3928","4124","4204","4223","4249","4288","4344","4402","4234","4150","4265","4317","4395","4521","4628",
"Cayman Islands","CYM","Population ages 60-64, male","SP.POP.6064.MA","102","98","95","94","98","106","115","121","125","126","127","131","138","148","161","175","189","203","214","224","233","242","252","260","265","278","294","305","315","324","322","315","322","344","374","405","435","463","485","507","529","538","544","559","590","639","691","742","790","831","869","909","947","984","1033","1083","1136","1201","1273","1345","1433","1557","1711","1879","2048",
"Cyprus","CYP","Population ages 60-64, male","SP.POP.6064.MA","9360","9666","9827","9925","10015","10164","10410","10720","11043","11349","11607","11798","11919","11912","11684","11433","11383","11438","11509","11581","11636","11670","11728","11877","12110","12385","12677","12950","13180","13362","13511","13656","13853","14174","14606","15070","15523","15943","16332","16739","17239","17914","18826","19873","20905","21862","22727","23519","24283","25049","25817","26533","27149","27705","28274","28933","29740","30732","31861","33006","34040","34831","35339","35628","35799",
"Czechia","CZE","Population ages 60-64, male","SP.POP.6064.MA","219069","228242","238961","248525","256117","260329","263951","267840","271274","275610","278495","278963","278810","277602","273169","260630","237086","207743","178192","157986","158467","177250","204103","231811","251169","257038","255461","251466","247014","244076","242186","240577","239190","236670","232151","225557","218307","212462","209096","209466","214413","222775","233287","247558","263536","275519","290246","311739","329539","339879","349402","354560","352414","349519","348427","347667","345173","341132","334575","324946","313858","297814","291593","294548","306985",
"Germany","DEU","Population ages 60-64, male","SP.POP.6064.MA","1779380","1869922","1957545","2023725","2069633","2101426","2106214","2092159","2074422","2048985","2006923","1960037","1922909","1888309","1840680","1752699","1606974","1420864","1231992","1112547","1128938","1253144","1406888","1543797","1622517","1642039","1649789","1694340","1792612","1910762","2011245","2074241","2096380","2078819","2085257","2148186","2238960","2350980","2504367","2655470","2755755","2823483","2811398","2731745","2620303","2417866","2207867","2120852","2102101","2103288","2192554","2285536","2386771","2455096","2487543","2512290","2547252","2596098","2657326","2733769","2819929","2912638","3008056","3115257","3221172",
"Djibouti","DJI","Population ages 60-64, male","SP.POP.6064.MA","644","674","707","746","793","843","895","950","1006","1071","1145","1225","1316","1416","1533","1675","1848","2046","2257","2465","2649","2803","2931","3050","3184","3355","3567","3821","4095","4446","4947","5410","5390","5317","5457","5550","5723","5955","6221","6477","6725","6984","7254","7496","7720","7971","8268","8603","8962","9341","9665","9874","10002","10099","10207","10397","10719","11150","11641","12168","12707","13258","13858","14511","15191",
"Dominica","DMA","Population ages 60-64, male","SP.POP.6064.MA","621","630","633","637","650","678","711","744","778","802","809","814","821","827","845","874","902","925","937","937","928","910","895","891","894","899","907","919","935","935","923","919","918","919","938","963","975","985","986","974","956","952","971","1007","1045","1084","1126","1168","1205","1241","1282","1302","1325","1325","1338","1402","1524","1655","1732","1819","1897","1956","1988","1999","2004",
"Denmark","DNK","Population ages 60-64, male","SP.POP.6064.MA","105659","107173","109016","110844","112688","114806","116704","118306","120283","123132","125983","128061","129756","130815","130536","129243","127715","125979","124702","123691","124456","126856","127922","128036","128375","127183","124429","122536","121148","119342","117691","116719","115943","115172","115031","115801","117217","119534","122629","126012","129494","133172","138212","145000","153511","163884","174950","183581","187550","186993","182949","177090","171311","167965","166718","166579","167440","168595","169364","170155","171634","173419","175943","180473","186512",
"Dominican Republic","DOM","Population ages 60-64, male","SP.POP.6064.MA","27421","28248","29090","29944","30812","31640","32485","33402","34338","35279","36221","37163","38098","39030","39964","40899","41840","42797","43772","44756","45766","46811","47891","49029","50261","51615","53067","54607","56239","57985","59852","61841","63949","66174","68461","70713","73068","75634","78161","80251","81873","83129","84069","85056","86649","89282","93026","97881","103740","109833","116125","122933","129961","137221","145213","153635","161834","169903","177702","185141","191893","197831","203640","209228","214007",
"Algeria","DZA","Population ages 60-64, male","SP.POP.6064.MA","129072","129000","127128","125903","127621","131683","134343","135055","135765","136390","136760","136769","136527","136296","136348","141532","151250","155983","156430","157546","159441","162252","165962","170478","175711","181690","188440","195901","204275","213442","223029","232697","246074","262082","276093","288074","297931","306522","312968","318153","323818","328803","332034","332628","330911","329002","330099","337649","354649","381988","417474","457219","497113","533469","564178","589583","611566","632085","652820","675161","698193","723615","753720","787267","823717",
"East Asia & Pacific (excluding high income)","EAP","Population ages 60-64, male","SP.POP.6064.MA","10044082","10024541","10202848","10487637","10790393","11072162","11319020","11510533","11678215","11904379","12176686","12443828","12740458","13130728","13578889","14002895","14398815","14766019","15033345","15233575","15537894","15949982","16389165","16900165","17522297","18136103","18637063","19154163","19781135","20338989","20872259","21516442","22211911","22990870","23832946","24593264","25327389","26030829","26520748","26780758","27015648","27319047","27558737","27721135","28047155","28549463","29237627","30329558","31831203","33575862","35715236","37997144","40503293","43084233","45450726","47631519","49306427","50675706","51530748","51060377","49493976","47784641","47684077","50942067","56028173",
"Early-demographic dividend","EAR","Population ages 60-64, male","SP.POP.6064.MA","10509774","10849649","11142718","11413538","11702851","12005877","12321717","12675074","13044959","13400061","13737026","14027892","14285945","14550495","14821552","15114705","15427160","15757796","16109554","16484301","16865701","17280866","17740670","18220830","18724473","19245382","19783545","20346141","20925839","21503474","22088941","22652748","23202543","23752281","24264441","24761926","25294460","25857577","26432710","26984243","27516099","28026575","28511383","29013571","29589303","30269079","31072412","31978227","32976051","34258019","35852312","37593398","39471028","41490864","43422436","45217684","46987739","48719367","50399666","52041823","53581916","54897702","56357279","58034576","59699304",
"East Asia & Pacific","EAS","Population ages 60-64, male","SP.POP.6064.MA","12053977","12102713","12338589","12665645","13003044","13305496","13582679","13827259","14069769","14386752","14748636","15106734","15458286","15903575","16399808","16864301","17294783","17681663","17944565","18170622","18536785","19028783","19591949","20282956","21109378","21946586","22694137","23440499","24262330","24975677","25627283","26383285","27192464","28074358","29013567","29881192","30725000","31512207","32055495","32387516","32756695","33234771","33660950","34026198","34435070","34825171","35542617","36925872","38783883","40894794","43440110","45926028","48367905","50785855","53000084","55115588","56782194","58148773","59062866","58734417","57295450","55680937","55691206","59075921","64231421",
"Europe & Central Asia (excluding high income)","ECA","Population ages 60-64, male","SP.POP.6064.MA","1615150","1666527","1717149","1787957","1859626","1916274","1975762","2045089","2092304","2135900","2170564","2192759","2217667","2236065","2234703","2190315","2091815","1961593","1867872","1830355","1836640","1910451","2042459","2188399","2346382","2536423","2755274","3007014","3244070","3471608","3634524","3699143","3716268","3630930","3461573","3377819","3420621","3521068","3690577","3857352","3943737","3898513","3741245","3482136","3217653","3001872","2868413","2889996","3047811","3303707","3631338","3948764","4197365","4416835","4604217","4747037","4893232","5037374","5190175","5372140","5552761","5704813","5765550","5824821","5945407",
"Europe & Central Asia","ECS","Population ages 60-64, male","SP.POP.6064.MA","11595245","12039542","12465266","12922512","13356429","13732733","14030154","14329670","14575368","14791363","14979305","15085801","15190178","15257626","15224704","14915999","14197008","13187002","12216344","11588193","11608762","12290795","13265995","14288860","15173338","15812426","16390595","17114952","17919278","18684432","19245156","19527032","19553347","19260959","18776156","18503017","18536729","18814498","19363396","19965185","20310762","20283878","19807756","19015026","18228994","17540382","17370828","18000105","19018603","20197682","21462552","22365553","22877452","23252755","23554083","23853545","24247491","24667738","25129158","25608365","26044936","26408471","26696075","27022979","27395112",
"Ecuador","ECU","Population ages 60-64, male","SP.POP.6064.MA","48655","49177","49842","50613","51421","52276","53151","53989","54905","56088","57547","59326","61488","63787","65807","67431","68666","69469","70080","70923","72177","73793","75795","78132","80649","83265","86008","88888","91855","94936","98233","101737","105320","108927","112581","116301","120056","123796","127616","131759","136296","141185","146501","152269","158327","164496","170627","176941","184538","193871","203705","213501","223275","231916","239033","245929","253324","261011","269110","277530","284014","289558","297387","306786","316775",
"Egypt, Arab Rep.","EGY","Population ages 60-64, male","SP.POP.6064.MA","292583","301257","309584","317757","326350","335507","345156","355364","365938","376300","386122","395485","404384","412838","421340","430087","438446","446560","454834","463285","472178","481490","491179","501456","512158","523220","534355","545461","557218","570227","585708","602188","619205","636456","650721","660511","666870","670852","672115","670645","668629","667864","669936","679593","701232","736778","786118","846893","911555","970697","1019774","1062052","1101889","1143451","1191818","1247323","1304955","1360896","1414816","1467413","1518764","1569627","1622931","1680418","1739663",
"Euro area","EMU","Population ages 60-64, male","SP.POP.6064.MA","5733701","5989590","6219202","6411010","6567405","6711838","6785474","6836709","6893054","6938783","6972395","6959028","6946939","6929819","6872091","6692731","6335479","5853742","5349268","4995623","5053790","5484129","6021362","6556651","6978532","7162854","7221342","7325188","7490550","7689212","7877086","8023753","8103179","8109065","8108065","8144786","8198786","8267810","8394193","8540075","8657386","8728422","8704334","8649497","8596337","8453207","8416416","8659287","8982209","9279916","9619659","9844354","9953639","9993633","10002236","10051626","10162796","10307242","10493299","10712913","10953852","11179851","11428554","11723177","12022386",
"Eritrea","ERI","Population ages 60-64, male","SP.POP.6064.MA","7601","7726","7850","7982","8138","8319","8514","8737","8995","9267","9550","9843","10140","10441","10738","11029","11352","11711","12087","12487","12916","13376","13859","14288","14660","15045","15455","15945","16512","17080","17650","16852","16011","16687","17365","18358","19304","19780","20222","20529","20896","21602","22420","23382","24410","25074","25491","25876","26218","26392","26216","25786","25410","25288","25234","25470","26027","26512","27248","28303","29512","30841","32314","33755","34990",
"Spain","ESP","Population ages 60-64, male","SP.POP.6064.MA","537517","554271","570488","592423","615171","631597","642799","656246","669448","680724","691042","698916","704304","707256","705890","702190","697289","691345","687935","689752","704434","738088","782220","827774","870453","902078","921688","935863","948869","962196","979029","996375","1012599","1029385","1039245","1039570","1036930","1024002","988821","936471","912398","904120","893127","922534","988480","1036322","1067860","1112669","1151223","1176391","1184581","1191785","1206966","1211603","1212152","1229684","1259970","1294958","1337414","1388988","1439380","1483533","1532172","1588157","1650772",
"Estonia","EST","Population ages 60-64, male","SP.POP.6064.MA","20665","21468","22438","23509","24357","24949","25510","25828","25672","25584","25814","26113","26343","26573","26685","26352","25043","22947","21453","20521","19817","20295","21805","23185","24402","25855","27417","29717","32194","34097","35885","37096","37055","36133","34920","33831","33184","33097","33511","34578","35295","35444","34993","33242","31082","29248","27954","27749","28975","31020","33011","34314","34957","35235","35376","35972","36609","36969","37495","38102","38448","38666","39525","40390","40483",
"Ethiopia","ETH","Population ages 60-64, male","SP.POP.6064.MA","152815","161629","173565","186921","198944","208650","215984","221197","225358","229493","234153","239106","244252","249545","254492","258844","263428","266383","268672","270631","270336","275610","285072","291531","297429","304949","314118","325850","340527","355066","368767","387260","405614","419131","432349","443825","454482","466547","479571","492692","506864","522482","538854","556730","576843","599270","623359","648102","670124","689438","701820","708714","718550","733593","753786","782034","815812","848406","884126","926531","973299","1022755","1076715","1131401","1181621",
"European Union","EUU","Population ages 60-64, male","SP.POP.6064.MA","7391560","7723289","8027415","8292250","8517767","8714969","8835844","8940148","9041163","9130467","9206414","9220281","9226206","9211431","9135624","8895303","8409253","7745427","7051155","6590094","6673775","7232395","7956671","8701926","9273898","9533118","9635152","9756235","9940450","10155780","10352068","10504011","10589097","10590748","10567009","10573026","10596604","10641178","10747061","10883552","10986145","11034405","10983867","10924157","10882093","10756169","10783274","11145170","11600200","12040983","12518432","12848875","13021024","13103595","13147521","13226704","13364807","13517677","13682865","13854328","14009750","14127571","14293864","14534188","14805348",
"Fragile and conflict affected situations","FCS","Population ages 60-64, male","SP.POP.6064.MA","2451683","2507071","2567587","2651925","2741092","2820748","2905588","3000504","3078437","3155039","3231197","3302752","3380486","3457163","3527691","3572988","3582213","3574823","3605576","3662670","3701037","3772432","3890149","4006733","4130076","4281817","4447304","4627656","4785504","4949273","5092212","5183492","5288305","5334225","5305247","5334282","5439144","5582725","5797691","6022968","6197061","6286259","6322269","6309380","6309389","6346899","6421552","6574898","6753188","6963990","7227170","7500089","7755235","8035959","8317666","8564000","8820601","9081142","9353774","9651385","9952215","10236053","10462833","10728145","11076585",
"Finland","FIN","Population ages 60-64, male","SP.POP.6064.MA","74449","77218","80344","82643","84833","87053","89144","91785","94559","97117","99458","101129","101892","101731","100526","98406","95398","92470","90592","87977","87205","89790","92290","95223","100043","104153","106738","109710","112531","114888","116771","118005","118350","117118","115450","114697","114269","114972","118080","122199","123613","127507","130588","129917","131658","139141","149371","162367","177886","189564","195965","195510","192593","189084","185127","182365","181400","180299","178134","176668","175711","174597","174639","177078","179686",
"Fiji","FJI","Population ages 60-64, male","SP.POP.6064.MA","3533","3491","3460","3461","3496","3562","3663","3792","3932","4082","4249","4422","4592","4761","4925","5078","5216","5350","5473","5566","5633","5692","5756","5835","5937","6076","6269","6428","6547","6700","6864","7028","7187","7335","7486","7643","7815","8064","8381","8706","9027","9344","9665","9984","10298","10628","11018","11453","11860","12219","12479","12652","12825","13031","13311","13716","14223","14739","15260","15785","16282","16666","17046","17486","17830",
"France","FRA","Population ages 60-64, male","SP.POP.6064.MA","1083613","1140971","1186699","1219956","1238667","1250565","1255804","1252160","1250972","1253512","1254916","1250737","1249187","1252388","1247611","1198212","1095616","981136","877591","801144","836758","979794","1120147","1241934","1341271","1377588","1367603","1366516","1373470","1384051","1397696","1409229","1417804","1419015","1413939","1400618","1380118","1360080","1345065","1337142","1325034","1302122","1287979","1298564","1319051","1350624","1444247","1585905","1716934","1836189","1949463","2007186","2005414","1993753","1979995","1967648","1962007","1964341","1970776","1984027","2001575","2016786","2029110","2043625","2061758",
"Faroe Islands","FRO","Population ages 60-64, male","SP.POP.6064.MA","581","593","610","628","648","670","691","712","735","761","788","817","846","871","889","898","900","908","929","955","980","995","1002","999","987","981","970","955","958","957","962","986","1009","1011","991","965","939","944","960","970","986","1031","1098","1174","1246","1307","1345","1371","1410","1443","1455","1472","1470","1466","1469","1458","1446","1459","1477","1499","1521","1536","1548","1569","1595",
"Micronesia, Fed. Sts.","FSM","Population ages 60-64, male","SP.POP.6064.MA","408","416","423","431","438","445","454","463","472","482","492","500","509","518","528","533","536","536","539","548","564","581","601","620","634","646","656","667","679","693","709","726","783","887","983","1022","1026","1050","1095","1139","1120","1028","927","852","814","816","857","929","1027","1121","1223","1326","1398","1448","1517","1598","1660","1701","1717","1721","1725","1718","1713","1728","1742",
"Gabon","GAB","Population ages 60-64, male","SP.POP.6064.MA","9187","9237","9287","9339","9393","9446","9501","9556","9613","9676","9744","9808","9872","9935","10001","10066","10132","10202","10274","10350","10432","10519","10609","10703","10801","10905","11018","11136","11259","11385","11516","11650","11791","11941","12094","12249","12415","12595","12778","12946","13099","13252","13412","13602","13856","14196","14616","15105","15578","16060","16641","17274","17922","18640","19386","20071","20735","21415","22141","22938","23778","24669","25648","26700","27790",
"United Kingdom","GBR","Population ages 60-64, male","SP.POP.6064.MA","1204344","1253912","1300906","1351008","1396512","1425995","1445135","1463573","1481977","1497223","1506590","1509802","1510148","1509170","1505194","1493924","1467226","1416344","1345851","1302123","1322318","1373537","1428342","1482492","1508238","1487213","1450605","1426215","1429735","1436324","1422623","1408156","1393428","1379519","1368992","1363157","1364264","1374622","1395018","1420284","1434747","1432168","1431022","1443984","1464547","1495001","1567898","1679103","1768536","1820153","1853199","1840194","1776193","1724369","1706122","1706450","1727046","1756937","1793420","1830940","1851461","1877357","1922354","1965606","1999682",
"Georgia","GEO","Population ages 60-64, male","SP.POP.6064.MA","49084","50439","52334","54370","56176","57625","58386","58430","58320","58266","59249","60684","61272","61397","61010","59814","57881","55436","52888","51123","50434","50972","53237","57312","63175","71041","80816","91949","103313","111866","116313","117598","115956","112518","106671","100919","98634","99078","100984","103015","103604","100984","93175","80714","67217","55624","48859","49042","55543","64865","73958","80306","83855","86146","87869","89323","90761","92412","94271","96097","98168","99509","100517","100555","99172",
"Ghana","GHA","Population ages 60-64, male","SP.POP.6064.MA","54480","55593","56513","57257","57835","58525","59551","60815","62033","63300","64824","65998","66987","68599","70684","73069","75831","79114","82756","86512","89674","92325","95599","99377","102578","105355","108671","112829","117834","123206","128692","134361","139964","145433","150603","154702","157551","159740","161463","162638","163749","165436","167663","169683","171585","174123","176773","179368","183574","190297","197046","203519","211372","219683","227904","237977","250604","264413","279148","293881","307348","324832","347273","369397","390987",
"Gibraltar","GIB","Population ages 60-64, male","SP.POP.6064.MA","422","434","447","464","486","505","521","537","555","560","552","542","543","548","558","573","586","587","589","594","591","596","611","619","617","606","589","580","589","607","637","658","674","687","690","700","724","746","756","753","740","712","656","618","631","703","793","890","991","1054","1056","1041","1037","1021","1010","1009","1004","1006","1014","1018","1026","1028","1042","1083","1129",
"Guinea","GIN","Population ages 60-64, male","SP.POP.6064.MA","40576","41142","41804","42530","43263","44002","44745","45465","46205","47051","47999","49031","50162","51342","52464","53478","54402","55232","55999","56757","57538","58338","59155","59985","60836","61713","62613","63535","64437","65258","66584","68238","69292","70224","71155","71983","72904","73390","73797","74391","74678","74578","74765","75475","76217","76863","77430","78265","79434","80512","81865","83687","85434","87138","89209","91508","93903","96623","99667","103061","106598","110274","114285","118489","122655",
"Gambia, The","GMB","Population ages 60-64, male","SP.POP.6064.MA","3405","3505","3606","3713","3824","3938","4057","4181","4312","4448","4588","4737","4900","5068","5275","5524","5767","5998","6238","6524","6859","7229","7647","8099","8435","8637","8806","8936","9048","9172","9316","9479","9650","9767","9816","9845","9873","9900","9943","10035","10182","10380","10645","10981","11382","11831","12295","12700","12898","12851","12780","12840","13060","13567","14396","15371","16388","17484","18656","19891","21158","22437","23744","25076","26389",
"Guinea-Bissau","GNB","Population ages 60-64, male","SP.POP.6064.MA","6379","6433","6391","6304","6239","6255","6417","6762","7224","7638","8003","8327","8606","8880","9150","9349","9387","9274","9020","8790","8744","8780","8818","8873","8950","9051","9172","9306","9447","9594","9742","9807","9818","9860","9874","9819","9719","9603","9487","9396","9347","9342","9374","9445","9554","9699","9883","10113","10378","10673","11002","11359","11724","12083","12425","12740","13030","13308","13587","13879","14153","14436","14810","15271","15797",
"Equatorial Guinea","GNQ","Population ages 60-64, male","SP.POP.6064.MA","3718","3721","3713","3700","3697","3710","3742","3789","3847","3858","3797","3703","3594","3482","3373","3268","3165","3097","3076","3080","3136","3252","3402","3539","3654","3767","3875","3977","4078","4183","4293","4411","4541","4678","4821","4972","5128","5292","5464","5646","5929","6317","6723","7137","7558","7917","8241","8626","9091","9736","10551","11420","12327","13245","14056","14745","15387","16019","16718","17566","18532","19670","21017","22413","23741",
"Greece","GRC","Population ages 60-64, male","SP.POP.6064.MA","132867","140578","147128","150617","153844","181917","188264","192299","195528","198468","217759","214308","216912","219390","220783","220083","217506","211537","202821","194380","189312","189741","193208","198588","207093","217618","232343","249729","268603","287445","301545","308777","311164","311369","311165","311355","309252","306664","304443","300317","294399","285954","275071","265755","260839","262850","271612","283705","295179","303189","306920","307543","306528","304993","304504","306305","309111","311134","314178","318457","320700","320447","320734","321768","324531",
"Grenada","GRD","Population ages 60-64, male","SP.POP.6064.MA","895","882","850","807","766","729","694","661","631","603","578","582","615","659","713","772","836","900","961","1010","1053","1080","1088","1093","1103","1122","1146","1176","1211","1252","1293","1335","1378","1418","1454","1491","1526","1558","1583","1591","1579","1540","1489","1451","1422","1413","1442","1511","1609","1730","1867","1983","2077","2173","2277","2387","2503","2624","2740","2849","2950","3033","3099","3146","3163",
"Greenland","GRL","Population ages 60-64, male","SP.POP.6064.MA","262","273","284","300","314","330","339","345","353","363","377","387","402","419","438","461","483","486","480","480","482","482","486","501","527","562","602","650","698","738","775","800","812","816","817","823","836","853","876","911","963","1028","1104","1183","1253","1299","1322","1327","1321","1323","1339","1369","1402","1448","1527","1600","1664","1740","1826","1927","2011","2080","2129","2193","2251",
"Guatemala","GTM","Population ages 60-64, male","SP.POP.6064.MA","32150","33257","34181","35022","35880","36778","37731","38753","39823","40975","42267","43731","45334","46961","48435","49801","51082","52541","54350","56279","58253","60425","62830","65846","69426","72819","75827","78476","80821","82867","84634","86147","87368","88267","89147","90255","91426","92515","93570","94737","96091","97792","100044","102822","105953","109324","112956","116737","121013","125835","130614","135500","140895","146432","151967","157859","163703","168993","173393","176738","178609","179090","180222","183115","187243",
"Guam","GUM","Population ages 60-64, male","SP.POP.6064.MA","388","407","429","452","473","493","511","529","552","576","616","675","740","800","849","883","903","918","937","979","1048","1121","1203","1286","1387","1521","1671","1818","1928","1970","1960","1929","1897","1881","1885","1903","1941","2000","2077","2163","2227","2255","2259","2256","2279","2355","2495","2691","2911","3117","3274","3375","3439","3485","3533","3599","3687","3795","3917","4045","4173","4302","4427","4537","4619",
"Guyana","GUY","Population ages 60-64, male","SP.POP.6064.MA","5697","6006","6225","6414","6557","6643","6679","6695","6726","6809","6978","7198","7422","7634","7784","7831","7773","7643","7494","7381","7352","7411","7530","7675","7801","7870","7860","7765","7592","7357","7084","6880","6796","6764","6753","6763","6795","6851","6921","6995","7062","7112","7150","7213","7327","7514","7801","8185","8627","9069","9469","9802","10047","10241","10467","10765","11138","11588","12256","12886","13314","13655","13966","14307","14567",
"High income","HIC","Population ages 60-64, male","SP.POP.6064.MA","15991499","16520538","16999998","17491056","17959327","18349931","18674279","19049410","19414470","19760149","20084661","20361816","20594902","20794422","20910639","20777510","20259157","19465991","18662851","18188819","18372651","19191456","20282199","21437113","22440592","23160506","23782200","24500192","25280578","25981535","26509568","26856279","26975740","26846608","26611779","26530254","26663182","27005069","27554835","28173047","28661603","29008063","29143566","29156786","29093924","28870610","29302464","30721589","32398123","34100992","35868498","36999277","37408349","37641551","37929934","38388052","38994638","39614169","40281408","40977156","41603039","42048471","42574006","43202514","43713067",
"Hong Kong SAR, China","HKG","Population ages 60-64, male","SP.POP.6064.MA","21571","23216","24339","24185","23754","24291","25423","28421","33543","39538","46945","53164","57401","61594","65870","69111","71499","73809","76369","82064","86942","91944","95198","97859","99654","101826","105207","108590","111471","114660","117936","122164","125159","129414","133044","133019","136398","136707","135986","134294","132582","129814","126229","122812","122277","122575","126857","138174","152584","166927","182705","196645","207680","214858","221721","228406","237281","252004","268929","282798","289017","289851","288765","296354","293764",
"Honduras","HND","Population ages 60-64, male","SP.POP.6064.MA","19725","20043","20233","20356","20521","20775","21089","21448","21867","22359","22887","23486","24207","24915","25467","25941","26230","26234","26200","26495","27243","28459","30169","32108","33873","35329","36493","37296","37712","38087","38736","39635","40831","42215","43556","44758","45900","47019","48068","49079","50136","51265","52503","53949","55784","58110","60903","64281","68251","72769","77583","82298","86700","90691","94168","97229","100145","102926","105571","108112","110319","112172","114500","117504","120841",
"Heavily indebted poor countries (HIPC)","HPC","Population ages 60-64, male","SP.POP.6064.MA","1439238","1479610","1525292","1573924","1622482","1669799","1715693","1760537","1806437","1854242","1903126","1951970","2001022","2051110","2102096","2154435","2206617","2256662","2309995","2365479","2412998","2454757","2503327","2554590","2604301","2654030","2704914","2761391","2821298","2883241","2941454","3000029","3066615","3139168","3201632","3258729","3324825","3395799","3473730","3555618","3638621","3726656","3824354","3929766","4041704","4164284","4294630","4424581","4549088","4671186","4795829","4928993","5076277","5243725","5423890","5608942","5803974","6006067","6215677","6435281","6654901","6876796","7119447","7379893","7652209",
"Croatia","HRV","Population ages 60-64, male","SP.POP.6064.MA","73594","78431","82728","85992","88183","89805","91356","93151","95337","97511","99062","99705","99311","97784","94670","89223","81214","71711","63290","59095","60875","67598","76645","85292","90909","93818","96797","101030","106423","112687","119702","123842","125631","129904","133934","133876","132061","131820","131501","129895","127700","120761","118210","115664","111321","105330","102079","102805","105350","111277","120199","127199","131159","134797","138032","140112","142408","143076","142375","141059","139145","136989","135244","134418","133382",
"Haiti","HTI","Population ages 60-64, male","SP.POP.6064.MA","38630","40302","41927","43441","44809","46050","47118","47989","48736","49482","50265","51082","51946","52800","53543","54142","54611","54946","55188","55402","55612","55832","56089","56364","56624","56888","57159","57423","57782","58412","59393","60718","62405","64419","66670","69081","71700","74563","77510","80278","82744","84887","86744","88472","90230","92093","93892","95330","96710","98084","98897","100365","103260","106531","110081","113820","117459","121013","124483","127988","131158","133946","137025","140659","144615",
"Hungary","HUN","Population ages 60-64, male","SP.POP.6064.MA","222846","232722","240858","246806","249818","249836","250348","252394","255385","261000","268234","274082","278890","282138","282091","271726","247887","218645","189069","172634","179033","201326","228636","255798","270834","273175","272753","269500","266126","262101","259009","256881","254594","252193","248482","242978","236918","232123","228428","226286","227718","231587","236884","242604","248809","251263","249861","251488","255977","260599","268773","285129","295699","300646","311232","321748","327252","326918","318777","302944","285043","269642","258236","251806","248391",
"IBRD only","IBD","Population ages 60-64, male","SP.POP.6064.MA","","","","","","","","","","","","","","","","","","","","","","","","","","","","","","","","","","","","","","","","","","","","","","","","","","","","","","","","","","","","","","","","","",
"IDA & IBRD total","IBT","Population ages 60-64, male","SP.POP.6064.MA","25355589","25786889","26380537","27131523","27946829","28746951","29536595","30327962","31055305","31806153","32573749","33269659","33968832","34746449","35549517","36235054","36723742","37070079","37424196","37876590","38549859","39568485","40834726","42242936","43799522","45429281","47051016","48794695","50645156","52348620","53841684","55190973","56401932","57461703","58357839","59308707","60533538","61980698","63448131","64716459","65747902","66540746","66925323","66969910","67257965","68016314","69443946","71848264","75078871","79070256","83829119","88672533","93670480","98758676","103436520","107673643","111358700","114672192","117451244","118877915","119063923","118867172","120258702","125192324","131983148",
"IDA total","IDA","Population ages 60-64, male","SP.POP.6064.MA","","","","","","","","","","","","","","","","","","","","","","","","","","","","","","","","","","","","","","","","","","","","","","","","","","","","","","","","","","","","","","","","","",
"IDA blend","IDB","Population ages 60-64, male","SP.POP.6064.MA","","","","","","","","","","","","","","","","","","","","","","","","","","","","","","","","","","","","","","","","","","","","","","","","","","","","","","","","","","","","","","","","","",
"Indonesia","IDN","Population ages 60-64, male","SP.POP.6064.MA","813614","858533","905206","952555","999078","1034912","1064354","1098707","1135407","1174148","1216000","1260306","1302877","1340721","1372907","1398763","1418832","1435853","1453593","1475512","1504768","1543271","1591503","1649191","1715727","1790199","1870816","1954974","2039934","2123175","2202552","2277151","2347906","2417096","2486506","2557271","2629445","2701151","2769017","2829161","2879251","2918584","2948288","2970503","2986176","3000542","3021572","3046461","3075477","3107467","3158859","3245642","3365838","3519434","3708267","3917399","4127142","4339199","4552653","4766388","4964363","5138515","5326644","5533669","5734472",
"IDA only","IDX","Population ages 60-64, male","SP.POP.6064.MA","","","","","","","","","","","","","","","","","","","","","","","","","","","","","","","","","","","","","","","","","","","","","","","","","","","","","","","","","","","","","","","","","",
"Isle of Man","IMN","Population ages 60-64, male","SP.POP.6064.MA","1460","1496","1555","1619","1682","1730","1774","1827","1882","1926","1966","1990","1990","1989","1989","1972","1930","1863","1783","1716","1696","1714","1757","1811","1830","1808","1763","1709","1680","1668","1665","1672","1667","1662","1677","1704","1749","1808","1862","1916","1963","1979","2004","2060","2119","2201","2358","2568","2744","2847","2913","2882","2765","2691","2662","2638","2624","2643","2679","2728","2792","2852","2933","3025","3106",
"India","IND","Population ages 60-64, male","SP.POP.6064.MA","5195122","5335950","5419792","5477094","5557540","5672182","5816868","6001793","6207202","6395341","6558814","6695522","6802030","6896555","7004824","7137358","7287748","7458887","7641859","7826831","8010694","8189550","8364145","8540075","8725105","8920320","9125470","9342254","9566165","9788183","10005628","10217233","10421472","10623119","10828039","11037229","11258929","11501875","11751398","11983107","12192990","12386907","12569354","12765281","13008534","13310862","13669113","14068036","14513843","15204073","16143068","17147118","18214166","19329033","20303305","21104277","21869587","22594382","23257654","23856378","24391302","24812283","25280408","25884769","26519323",
"Not classified","INX","Population ages 60-64, male","SP.POP.6064.MA","","","","","","","","","","","","","","","","","","","","","","","","","","","","","","","","","","","","","","","","","","","","","","","","","","","","","","","","","","","","","","","","","",
"Ireland","IRL","Population ages 60-64, male","SP.POP.6064.MA","62972","63853","64043","64173","63898","62899","62416","63030","63820","64905","66506","68550","70867","72700","73611","73504","72563","70764","68757","67915","67855","68153","69034","69828","69668","68459","67174","66215","65367","65022","65194","65743","66530","67374","67812","68168","69129","70257","71389","73118","74919","76417","78499","81384","84446","87777","92125","97181","101765","105362","107817","109287","110456","111805","113447","115648","118564","121227","124039","127265","130333","133633","137699","141930","145623",
"Iran, Islamic Rep.","IRN","Population ages 60-64, male","SP.POP.6064.MA","219641","226799","236460","247435","257728","266425","273596","279098","283364","287417","291734","296222","301104","306380","311831","317971","324257","330074","337183","348907","365901","393187","426688","457852","485609","508353","526217","538203","546316","555607","568598","584287","601348","615061","628430","645035","662147","679397","695910","710608","723573","735308","746408","758733","775563","798759","828055","863812","905922","967768","1048588","1132248","1215334","1292093","1345421","1378782","1409662","1440051","1480012","1533690","1590199","1649904","1714615","1773613","1822931",
"Iraq","IRQ","Population ages 60-64, male","SP.POP.6064.MA","83459","86992","90791","94717","98524","102129","105578","108865","111901","114583","116981","119039","120705","122218","123724","125217","126882","129034","131338","132982","133830","133732","132693","131604","131018","129977","129422","129718","129707","130427","129746","129467","132641","138909","145363","149836","154083","158058","162217","167096","172683","178533","185202","192271","199240","206433","208466","205723","209466","217825","225259","235671","253572","274804","293196","306476","314441","312972","303640","298007","298565","306476","334679","379229","422458",
"Iceland","ISL","Population ages 60-64, male","SP.POP.6064.MA","3036","3055","3073","3123","3231","3325","3423","3503","3506","3517","3543","3553","3600","3686","3726","3755","3803","3860","3919","3964","4059","4212","4329","4421","4533","4621","4643","4707","4810","4893","5005","5131","5196","5170","5120","5025","4878","4780","4754","4763","4779","4841","5006","5253","5560","5994","6484","6903","7256","7562","7879","8135","8317","8557","8795","8949","9202","9580","9861","10122","10415","10573","10622","10558","10476",
"Israel","ISR","Population ages 60-64, male","SP.POP.6064.MA","35279","37817","40291","42087","44159","46363","48542","52043","54712","57623","60564","62706","63589","64646","64649","63628","62008","60166","58460","57505","58481","61373","65429","69454","71332","71061","69410","68013","67155","66845","69210","74655","77426","79320","81047","82628","85096","88591","91955","95372","97809","98577","96874","94269","94027","97557","106346","120456","134684","146572","156203","162938","165702","168488","172187","174423","175181","175489","176004","177545","179590","181157","182783","186647","188105",
"Italy","ITA","Population ages 60-64, male","SP.POP.6064.MA","978937","1018794","1052929","1083536","1115860","1148151","1179308","1213517","1254351","1297449","1335549","1366881","1388350","1401905","1403677","1388758","1341043","1246693","1123755","1020166","1000939","1059017","1164821","1295935","1413872","1465279","1476547","1486576","1491153","1505933","1521778","1541501","1553047","1553238","1546555","1545559","1547184","1545985","1564809","1596739","1624407","1646628","1652359","1631983","1597498","1570887","1572554","1620345","1692231","1757991","1807437","1826253","1809379","1781006","1759941","1756808","1774247","1796674","1833327","1865848","1910096","1944405","1992320","2058485","2124299",
"Jamaica","JAM","Population ages 60-64, male","SP.POP.6064.MA","19194","20530","22177","23828","25066","25760","25877","25383","24646","24228","24331","24991","26220","27622","28633","29038","28882","28197","27226","26334","25671","25229","24984","24841","24732","24673","24624","24552","24554","24767","25173","25855","26803","27754","28380","28591","28429","27919","27417","27420","28086","29283","30906","32710","34373","35693","36595","37018","36929","36137","35413","35437","35812","36636","38338","40414","42462","44956","47863","50715","53468","55861","57702","59325","60926",
"Jordan","JOR","Population ages 60-64, male","SP.POP.6064.MA","9343","9395","9423","9465","9584","9835","10235","10776","11392","11963","12389","12640","12734","12726","12696","12697","12753","12887","13108","13406","13796","14282","14860","15530","16292","17158","18134","19215","20421","21806","24339","27249","29643","32260","34933","37549","40073","42471","44734","46844","48678","50161","51376","52487","53726","55208","59290","63803","66637","69771","73313","77599","81535","85404","89599","96210","103379","108686","114823","121861","129506","137776","147027","157435","167931",
"Japan","JPN","Population ages 60-64, male","SP.POP.6064.MA","1422585","1475996","1519343","1550455","1571916","1573322","1579415","1607185","1645520","1692292","1740226","1798845","1827855","1857393","1881229","1900456","1905709","1894056","1867653","1870669","1899493","1932122","2003960","2129914","2283857","2467361","2680603","2877232","3039347","3160465","3246570","3327034","3411887","3486004","3554587","3628025","3692937","3730540","3730586","3749228","3833596","3954562","4087498","4253987","4315536","4191334","4186288","4391085","4622204","4859204","5130271","5194698","5003705","4733158","4468313","4256387","4076715","3917129","3814861","3787461","3767728","3749642","3768566","3794556","3823838",
"Kazakhstan","KAZ","Population ages 60-64, male","SP.POP.6064.MA","103070","104576","106722","109504","112794","116454","120338","124314","128415","132507","136311","140151","144364","148063","149735","149153","144665","136217","126691","126786","129371","125849","124825","126589","131413","139962","156121","180915","210281","234137","246427","249278","242459","228874","214230","206014","209167","222367","239838","256083","264784","260130","241773","212615","179714","152636","139305","142416","159078","184843","213113","236269","252354","264622","276528","289102","302810","318943","339072","361710","382808","397473","406876","414307","418992",
"Kenya","KEN","Population ages 60-64, male","SP.POP.6064.MA","60151","61284","62709","64122","65450","66822","68143","69456","71101","73306","75883","78510","81559","85150","88541","91583","94555","97403","100052","102666","105471","108407","111285","114085","116904","119794","122571","125097","127655","130612","133889","136989","139737","142196","144311","145845","146806","147241","147092","147075","147994","150352","154251","159751","167272","177019","188748","202181","217615","234715","245147","249537","255331","262106","270190","286784","309501","332334","359005","385841","407843","428121","450543","473996","497450",
"Kyrgyz Republic","KGZ","Population ages 60-64, male","SP.POP.6064.MA","27596","27816","28051","28338","28538","28581","28518","28239","27912","27733","27668","27881","28498","29162","29435","29147","28316","26946","25418","24426","24368","25077","26395","28478","31671","35768","40688","46567","52574","57849","61211","62181","60909","57815","54147","51780","51315","51771","52544","53665","54451","53722","50887","45870","39539","33799","30807","31263","34802","40982","49583","58945","68004","76575","84384","91453","96871","100240","104215","108619","111500","113387","116190","120057","123399",
"Cambodia","KHM","Population ages 60-64, male","SP.POP.6064.MA","48276","49543","50847","52148","53434","54732","56045","57361","58697","60079","60518","60315","60559","60901","61190","58795","54120","49831","45377","43517","43924","44151","44717","45495","46240","46828","47644","48643","49406","50162","51196","52262","53969","56078","60405","67300","74494","82235","86983","88956","91656","94480","97292","100132","103095","106342","110541","115764","121431","127838","135010","142383","149518","156112","162141","167918","174305","182347","192296","204421","218441","233488","248725","262748","274218",
"Kiribati","KIR","Population ages 60-64, male","SP.POP.6064.MA","506","525","542","554","559","563","561","552","543","534","529","536","561","594","609","598","579","565","565","571","577","584","591","593","594","595","601","614","636","667","706","742","762","767","753","723","692","665","650","661","691","731","777","820","849","869","880","885","897","921","944","970","1003","1030","1048","1060","1084","1123","1174","1244","1334","1433","1543","1659","1765",
"St. Kitts and Nevis","KNA","Population ages 60-64, male","SP.POP.6064.MA","540","564","588","610","634","659","684","704","715","717","720","728","737","747","755","759","759","752","735","716","698","674","648","632","616","599","586","573","556","537","511","486","468","457","450","448","449","450","452","455","461","471","482","497","514","528","541","560","585","614","650","699","771","859","949","1032","1111","1175","1216","1253","1287","1295","1295","1305","1316",
"Korea, Rep.","KOR","Population ages 60-64, male","SP.POP.6064.MA","235446","236219","235246","234436","235770","240842","248184","258247","274760","295180","312074","320037","322234","321359","318986","321652","334374","350790","361399","367653","376565","388875","403457","421936","438188","444670","448725","455337","461056","469723","483990","504588","537454","576259","616416","664898","715631","759612","798993","832548","854581","878530","910111","928364","927231","923107","931316","956722","1001167","1045522","1083598","1122305","1162446","1202741","1254635","1342048","1457611","1563545","1670254","1780961","1880635","1975427","2042361","2079208","2085061",
"Kuwait","KWT","Population ages 60-64, male","SP.POP.6064.MA","2684","2889","3049","3162","3257","3342","3403","3431","3487","3655","3965","4409","4993","5670","6338","6956","7348","7497","7625","7826","8168","8600","9078","9597","10250","10981","12274","14331","16658","19240","16148","14637","18663","17744","13418","10790","11094","12218","13110","13730","14122","14413","14753","15242","15898","16842","18049","19326","20634","22042","23716","26991","32483","39049","46525","55098","65316","76903","89602","101077","107108","82829","64768","78192","84697",
"Latin America & Caribbean (excluding high income)","LAC","Population ages 60-64, male","SP.POP.6064.MA","1888690","1958150","2026896","2095083","2161843","2225837","2287894","2348984","2410210","2473758","2539657","2606956","2675161","2741528","2802959","2859671","2911594","2960214","3010924","3068755","3136302","3219363","3321290","3436673","3558639","3681430","3803539","3924843","4044936","4163068","4274820","4379605","4481524","4582142","4683643","4789807","4906544","5035443","5175876","5330349","5495282","5664585","5838828","6021299","6212371","6413917","6625523","6852736","7104600","7388225","7693328","8008814","8332552","8657167","8972281","9281769","9598292","9922052","10253887","10595876","10916219","11194377","11500211","11850835","12189174",
"Lao PDR","LAO","Population ages 60-64, male","SP.POP.6064.MA","19915","20571","21317","22080","22769","23384","23924","24381","24812","25301","25878","26540","27293","28099","28901","29651","30314","30895","31434","31981","32581","33236","33929","34648","35385","36135","36904","37693","38476","39215","39905","40550","41148","41728","42331","42957","43644","44392","45130","45783","46353","46886","47395","47957","48690","49723","51147","52800","54483","55904","57936","60858","63881","67114","70556","73993","77404","80944","84567","88137","91404","94529","97772","100962","104116",
"Lebanon","LBN","Population ages 60-64, male","SP.POP.6064.MA","22051","22385","22934","23614","24302","24977","25662","26277","26903","27674","28479","29496","30803","32004","32583","32311","30597","28190","26218","24892","24606","25273","26611","28571","30870","32968","35079","37029","38597","39984","41179","42254","43202","43885","44380","44782","45115","45377","45554","45621","45619","45608","45558","45723","46404","47588","49426","52055","55434","59513","65242","72491","80696","94353","109621","116005","115881","114677","112769","110216","110192","112822","115929","119757","123722",
"Liberia","LBR","Population ages 60-64, male","SP.POP.6064.MA","11591","11923","12283","12659","13035","13406","13770","14124","14478","14856","15267","15707","16179","16675","17163","17635","18089","18526","18966","19431","19921","20441","20996","21576","22145","22669","23149","23585","24011","24483","21396","18646","19750","20553","20500","20679","21280","23009","25493","26992","28065","28940","29717","29914","30171","31374","32863","34003","34601","34696","34831","35538","36467","37384","38570","39827","41044","42289","43574","44904","46250","47616","49098","50682","52274",
"Libya","LBY","Population ages 60-64, male","SP.POP.6064.MA","17543","17481","17379","17284","17192","17095","17140","17419","17841","18218","18493","18651","18670","18724","19036","19605","20326","21177","22195","23440","24900","26592","28369","30088","31852","33640","35373","37059","38712","40276","41776","43391","45190","47110","49098","51144","53252","55457","57797","60266","62104","62663","63197","63902","63397","60887","59396","58502","57515","58728","61621","63020","63480","64287","63794","62980","63275","65874","70970","78163","85943","93123","100349","107766","114004",
"St. Lucia","LCA","Population ages 60-64, male","SP.POP.6064.MA","795","802","814","829","843","860","893","941","989","1039","1071","1086","1099","1111","1120","1124","1127","1161","1226","1289","1316","1304","1287","1272","1258","1240","1219","1197","1230","1313","1387","1402","1367","1341","1325","1322","1333","1352","1470","1648","1768","1812","1809","1824","1865","1938","2054","2255","2484","2651","2726","2746","2784","2845","2938","3063","3212","3373","3543","3710","3873","4022","4177","4345","4508",
"Latin America & Caribbean","LCN","Population ages 60-64, male","SP.POP.6064.MA","2157177","2234971","2312262","2389220","2464641","2537138","2607662","2677221","2747053","2819752","2895991","2974836","3055254","3133814","3206471","3273233","3334138","3390826","3449669","3517049","3596618","3693501","3810538","3942762","4083360","4225841","4368946","4512455","4654230","4791412","4918318","5034436","5145025","5253407","5363577","5480096","5608868","5751304","5906254","6076051","6258068","6446780","6642418","6848646","7066160","7295458","7537486","7798036","8085529","8407096","8755223","9117611","9489137","9862026","10225125","10582522","10946580","11316379","11689006","12072260","12430150","12742055","13079315","13462057","13832134",
"Least developed countries: UN classification","LDC","Population ages 60-64, male","SP.POP.6064.MA","2298718","2368432","2446975","2529920","2612304","2691702","2767958","2841671","2915271","2989936","3062942","3115526","3169811","3245673","3324100","3403683","3484274","3565850","3651131","3738485","3816871","3886628","3960725","4036509","4112401","4190687","4270774","4355879","4443251","4534011","4624261","4716604","4819610","4929708","5030798","5128463","5235880","5350720","5471304","5594457","5724748","5862991","6011640","6172935","6346625","6535396","6736129","6938422","7118133","7280668","7457988","7660026","7888157","8159561","8464949","8774468","9084949","9404054","9728405","10049037","10356414","10645751","10955040","11297708","11647045",
"Low income","LIC","Population ages 60-64, male","SP.POP.6064.MA","1023683","1045651","1069583","1094663","1120482","1146732","1172823","1199058","1226652","1256673","1290123","1325992","1362111","1397935","1433422","1468443","1502220","1536276","1576236","1621490","1661261","1688366","1717438","1753982","1790232","1825961","1861720","1899330","1935055","1972332","2010770","2047680","2096637","2158848","2215218","2273893","2347312","2425818","2507119","2587609","2662217","2734140","2807188","2879612","2951402","3028150","3113947","3202766","3283264","3354630","3434310","3504752","3561108","3639192","3747177","3870133","4018422","4203258","4400743","4581790","4740001","4888134","5029924","5180445","5357516",
"Liechtenstein","LIE","Population ages 60-64, male","SP.POP.6064.MA","299","303","309","326","336","337","346","356","367","377","390","403","416","440","458","449","426","403","389","395","405","438","481","501","508","511","497","473","453","442","445","459","475","495","515","524","531","562","585","605","656","714","769","842","918","964","1007","1056","1094","1127","1158","1187","1195","1190","1188","1184","1183","1211","1247","1274","1328","1374","1412","1461","1513",
"Sri Lanka","LKA","Population ages 60-64, male","SP.POP.6064.MA","108500","111562","115495","120013","124531","128858","133020","136937","140794","144976","149571","154488","159775","165290","170722","176000","181150","186112","191010","196104","201446","206867","212096","216884","221106","225130","229276","233121","236345","238652","239792","240523","241417","242191","243118","245188","248486","252392","256670","261217","266494","272971","280653","290097","301782","315861","332657","351702","371719","391065","408618","423980","437167","431652","439921","447283","455949","466002","477033","487112","496737","507816","512207","511044","509269",
"Lower middle income","LMC","Population ages 60-64, male","SP.POP.6064.MA","9114541","9374231","9587749","9777399","9982707","10210688","10457852","10734937","11028970","11314522","11586740","11820812","12035082","12265856","12509550","12774687","13056563","13359310","13679221","14008293","14332654","14661640","15006578","15357092","15723428","16106349","16505080","16924500","17356062","17785305","18222218","18638472","19052732","19465857","19866267","20256201","20646407","21053759","21462182","21844990","22214100","22577107","22932066","23321908","23799046","24384701","25075403","25850833","26687048","27775558","29156629","30634567","32213557","33912627","35565392","37070155","38544071","39986969","41359998","42644898","43825915","44833384","45900449","47153192","48424180",
"Low & middle income","LMY","Population ages 60-64, male","SP.POP.6064.MA","22983177","23342882","23853011","24469367","25129484","25783636","26427333","27058610","27665005","28314621","28983416","29591749","30206069","30919809","31685671","32415476","33084770","33712648","34302124","34900360","35642598","36572178","37623098","38777971","40070387","41392446","42634684","43938582","45343728","46674256","47926437","49169153","50423849","51678466","52877770","54053809","55352212","56715841","57971211","59001983","59933401","60805144","61507732","62072864","62879989","64019326","65532754","67689378","70455123","73828605","77974482","82377572","87058425","91892549","96390328","100471991","104007856","107216899","109901347","111246440","111379433","111160779","112566860","117545302","124429881",
"Lesotho","LSO","Population ages 60-64, male","SP.POP.6064.MA","6308","6427","6535","6643","6754","6874","7277","7692","7889","8176","8568","9074","9691","10399","11180","12008","12771","13434","14080","14709","15296","15822","16280","16684","17053","17410","17487","17548","17910","18335","18819","19364","19952","20545","21093","21539","21795","21881","21762","21353","20720","19951","19127","18280","17436","16641","15857","15192","14908","15099","15112","14850","14827","14915","14993","15464","16334","17135","17826","18390","18773","18924","18975","18985","18946",
"Late-demographic dividend","LTE","Population ages 60-64, male","SP.POP.6064.MA","12539717","12580694","12829231","13230717","13667740","14082645","14465593","14798481","15069802","15386162","15745461","16093364","16474387","16933909","17414606","17772698","17962032","18022674","18028776","18075946","18330211","18844630","19514271","20305626","21224765","22176975","23094474","24102429","25229352","26206763","27012124","27749500","28376284","28906517","29379873","29869100","30523064","31332227","32079683","32640902","33033887","33299484","33230523","32851097","32628854","32732351","33340657","34735079","36814475","39319245","42223780","45070033","47954271","50799274","53348977","55647069","57419995","58868771","59798119","59368553","57798928","56023279","55792977","58912732","63817052",
"Lithuania","LTU","Population ages 60-64, male","SP.POP.6064.MA","46079","47524","49191","51603","54729","57626","60783","66080","71761","73709","70993","66731","60831","54020","49940","48680","47018","44483","41916","40659","41691","44635","48903","54196","58496","61310","63661","67081","71373","75284","78903","81570","82511","81773","80331","79209","78853","78482","77843","77821","77533","77381","78119","77741","75110","72306","69423","66072","64529","65916","67949","69625","71622","72592","72613","72995","73964","75970","79763","84093","87866","91234","93529","93981","93513",
"Luxembourg","LUX","Population ages 60-64, male","SP.POP.6064.MA","7975","8356","8697","8899","9024","9125","9157","9219","9317","9344","9352","9332","9244","9156","9119","8978","8595","8074","7498","7040","6911","7005","7086","7288","7500","7615","7861","8367","8966","9563","10175","10570","10647","10527","10307","10025","9825","9809","9866","10031","10079","9948","10006","10188","10325","10444","10787","11254","11772","12316","12851","13245","13533","13941","14382","14844","15382","16018","16599","17201","17755","18379","19042","19889","20910",
"Latvia","LVA","Population ages 60-64, male","SP.POP.6064.MA","33690","35481","37897","41021","44426","47470","49764","51541","52096","51678","50777","49875","49222","48596","47801","46040","42765","38774","35877","34030","33319","34694","37194","39507","41398","43291","45201","48698","53405","55909","56208","60505","64400","62736","60165","57972","56848","56864","58085","60149","61266","61338","60343","57944","54862","51382","48060","46096","45977","47045","48690","50336","51311","51307","51119","51535","52270","53388","55242","56864","57863","58637","59199","59203","58180",
"Macao SAR, China","MAC","Population ages 60-64, male","SP.POP.6064.MA","1957","2119","2222","2318","2276","2176","2236","2370","2528","2711","2871","2854","2927","2997","3103","3133","3111","3088","3157","3378","3705","3903","3928","3952","3968","3927","3931","4061","4212","4329","4392","4544","4731","4796","4842","4911","4906","4862","4866","4885","4885","4873","4872","4941","5270","5957","7000","8275","9778","10882","11908","12847","13743","14776","16154","17784","19288","20144","21273","22037","22143","21557","21108","20914","20851",
"St. Martin (French part)","MAF","Population ages 60-64, male","SP.POP.6064.MA","34","35","38","41","43","46","48","49","49","51","56","60","65","71","76","75","73","69","65","66","69","74","82","94","108","121","135","151","167","183","194","198","203","214","224","232","244","253","259","283","318","349","385","423","456","485","510","538","567","595","624","660","706","757","810","840","839","845","897","946","919","891","893","900","917",
"Morocco","MAR","Population ages 60-64, male","SP.POP.6064.MA","109477","112793","117155","121619","125348","127329","127879","127337","126058","124356","122492","120626","118621","116913","116503","117799","120841","125258","130952","138181","146707","156554","167759","179995","193075","206715","221331","237048","252565","266537","278506","288624","296498","302591","308181","312304","314717","316873","318886","320069","320719","322069","324057","325626","326678","332443","344290","358918","377617","401565","429036","459261","492367","526745","561228","595928","627382","655326","684238","713113","734842","751243","766064","777181","786415",
"Monaco","MCO","Population ages 60-64, male","SP.POP.6064.MA","745","778","797","797","791","790","799","812","824","832","837","835","824","806","782","753","732","729","739","758","787","823","852","876","900","919","922","912","900","887","881","885","894","902","914","923","927","932","951","978","1009","1034","1048","1058","1075","1106","1145","1169","1180","1188","1196","1202","1201","1203","1210","1236","1269","1308","1362","1399","1413","1440","1460","1439","1406",
"Moldova","MDA","Population ages 60-64, male","SP.POP.6064.MA","22473","23735","25011","26255","27476","28674","29847","31074","32455","33996","35404","36600","37669","38353","38447","37966","37106","36229","35859","35832","36480","38253","40569","42826","44611","45844","46765","48277","50773","53317","55357","56668","56545","55135","53622","52819","52931","53428","54068","54011","53370","52682","51638","49594","46609","43083","39728","37935","39893","46545","55905","64971","72289","76390","77154","76429","75792","75823","76827","78033","79266","79421","77113","73036","68526",
"Madagascar","MDG","Population ages 60-64, male","SP.POP.6064.MA","52768","54501","56595","59023","61978","65280","68775","72566","76210","78963","80626","81216","80687","79519","78550","78197","78361","79008","80115","81614","83393","85515","88067","90829","93392","95614","97478","98915","100080","101290","102649","104162","105890","107708","109350","110692","111878","112968","113942","114791","115549","116227","116918","117915","119580","122169","125731","130271","136249","147205","162816","179075","195305","211004","222900","231095","239056","247259","255672","264240","272356","280017","287787","295668","303689",
"Maldives","MDV","Population ages 60-64, male","SP.POP.6064.MA","1117","1128","1134","1144","1161","1154","1120","1107","1132","1174","1212","1248","1282","1317","1357","1404","1454","1507","1551","1588","1638","1703","1781","1871","1970","2060","2143","2240","2358","2488","2587","2651","2716","2793","2874","2969","3075","3180","3280","3376","3441","3447","3405","3326","3229","3129","3033","2956","2922","2942","3005","3102","3233","3402","3639","3978","4421","4947","5514","6082","6615","7071","7454","7778","8026",
"Middle East, North Africa, Afghanistan & Pakistan","MEA","Population ages 60-64, male","SP.POP.6064.MA","1653888","1707021","1766478","1828939","1892332","1952048","2002848","2046630","2087164","2129421","2176653","2225675","2275713","2329285","2382824","2440796","2501407","2557403","2614149","2680142","2757168","2845785","2946618","3055847","3163908","3265857","3364971","3462542","3559487","3661587","3776911","3889686","4014953","4140750","4256970","4364007","4468120","4570936","4668880","4762551","4852880","4942909","5039045","5146751","5274593","5435652","5635705","5862394","6095434","6330139","6564520","6834400","7131617","7463873","7812859","8168512","8514546","8833664","9129912","9443643","9770976","10034102","10383489","10820872","11237089",
"Mexico","MEX","Population ages 60-64, male","SP.POP.6064.MA","308229","320765","332036","342855","353260","362793","372399","382625","392786","402680","412369","421230","428790","435348","441755","448753","456652","465791","476661","488945","501969","519857","543897","570310","597587","624926","652128","679247","707449","737683","765691","789973","814804","841320","868681","897488","928509","960623","993493","1027308","1060847","1093873","1128192","1165076","1204015","1245620","1291204","1339277","1386909","1434769","1484601","1535270","1587567","1644359","1704193","1764943","1828684","1895690","1965114","2037899","2100084","2150251","2211595","2283810","2356150",
"Marshall Islands","MHL","Population ages 60-64, male","SP.POP.6064.MA","192","195","198","203","208","211","217","221","224","234","247","254","258","267","276","279","285","298","314","334","345","338","324","311","299","292","293","300","309","319","328","331","328","321","312","305","300","299","299","297","294","297","305","321","346","371","398","434","472","512","552","583","604","620","632","640","638","627","613","594","570","560","565","570","573",
"Middle income","MIC","Population ages 60-64, male","SP.POP.6064.MA","21959494","22297231","22783428","23374704","24009002","24636904","25254510","25859552","26438353","27057948","27693293","28265757","28843958","29521874","30252249","30947033","31582550","32176372","32725888","33278870","33981337","34883812","35905660","37023989","38280155","39566485","40772964","42039252","43408673","44701924","45915667","47121473","48327212","49519618","50662552","51779916","53004900","54290023","55464092","56414374","57271184","58071004","58700544","59193252","59928587","60991176","62418807","64486612","67171859","70473975","74540172","78872820","83497317","88253357","92643151","96601858","99989434","103013641","105500604","106664650","106639432","106272645","107536936","112364857","119072365",
"North Macedonia","MKD","Population ages 60-64, male","SP.POP.6064.MA","15873","16914","17981","18991","19936","20768","21509","22227","22973","23775","24670","25579","26265","26487","26141","25198","23786","22295","21175","20767","21270","22609","24344","26096","27706","29061","30086","30895","31708","32572","33410","34696","36532","38768","40580","41509","42153","41638","40910","40403","40639","40939","40604","40601","40372","39817","39407","39808","41243","43237","45438","47784","49922","51652","53531","55684","57556","58804","59533","59944","59823","59204","58819","58546","58364",
"Mali","MLI","Population ages 60-64, male","SP.POP.6064.MA","54621","56596","58920","61415","63812","66017","68030","69832","71508","73189","74942","76734","78571","80433","82232","83947","85582","87163","88671","89994","91101","91971","92589","93038","93398","93638","93756","93807","93804","93746","93628","93454","93278","93132","92991","92885","92828","92878","93283","94329","96481","99715","103472","107273","110471","112278","113073","114039","114868","115284","116662","118969","120661","122515","125344","127939","130150","132540","135095","137860","140773","144014","147873","152289","157143",
"Malta","MLT","Population ages 60-64, male","SP.POP.6064.MA","5304","5316","5372","5476","5634","5817","5986","6117","6140","6058","5966","5869","5735","5584","5432","5335","5250","5194","5220","5303","5451","5648","5982","6305","6526","6793","6942","6929","6891","6843","6809","6938","7006","7137","7308","7466","7721","8011","8223","8428","8508","8364","8106","8054","8714","9892","11159","12612","13993","14665","14840","14907","14762","14511","14376","14352","14535","14892","15238","15514","15597","15622","15970","16514","16791",
"Myanmar","MMR","Population ages 60-64, male","SP.POP.6064.MA","234591","241910","250065","258561","266525","273671","280110","285822","291056","296319","302002","307886","313755","319920","327190","335765","345798","357671","370241","381562","391146","398963","404596","409426","415539","423347","432492","443001","454436","465762","476333","486358","496133","505229","512588","517819","521253","523064","523670","523905","524338","525163","526889","530423","536615","545794","557594","570595","582154","602011","633678","668523","706300","747894","784716","813681","841563","869174","896198","922642","947797","971271","995652","1021930","1048766",
"Middle East, North Africa, Afghanistan & Pakistan (excluding high income)","MNA","Population ages 60-64, male","SP.POP.6064.MA","1579755","1629518","1685666","1745497","1805929","1862527","1910247","1949648","1986618","2024934","2067927","2113134","2160183","2210229","2261054","2317231","2377220","2433242","2489453","2553576","2626220","2708262","2801058","2901987","3003587","3100839","3195886","3288217","3378874","3473653","3584401","3687715","3800046","3918106","4029885","4130692","4223273","4311268","4394235","4472486","4548460","4625634","4709843","4804633","4914966","5052365","5222180","5413896","5615106","5824802","6049044","6293738","6561098","6853950","7162562","7465308","7753651","8026303","8302383","8599598","8895016","9187706","9513701","9863326","10203440",
"Montenegro","MNE","Population ages 60-64, male","SP.POP.6064.MA","6218","6499","6802","7123","7397","7536","7513","7431","7394","7460","7632","7832","7984","8006","7774","7260","6568","5853","5295","5092","5316","5865","6598","7397","8134","8787","9445","10171","10918","11607","12181","12597","12860","13008","13130","13279","13460","13683","13947","14137","14177","14069","13690","13031","12161","11237","10703","10943","11598","12566","13990","15190","15991","16879","17728","18334","18843","19249","19489","19569","19463","19269","19040","18824","18593",
"Mongolia","MNG","Population ages 60-64, male","SP.POP.6064.MA","15383","15977","16574","17042","17382","17655","17780","17743","17603","17403","17268","17280","17355","17410","17378","17248","17079","16948","16917","17024","17267","17590","17888","18069","18062","17893","17684","17562","17642","18006","18037","18977","19358","19589","19873","20039","20031","19949","19935","20100","20623","21415","22138","22589","22647","22366","21949","21639","21607","21892","22365","22962","23789","24972","26613","28763","31446","34571","37940","41335","44706","47930","50882","53617","55992",
"Northern Mariana Islands","MNP","Population ages 60-64, male","SP.POP.6064.MA","68","70","74","77","81","86","90","96","101","100","102","114","130","142","143","139","134","125","120","122","124","135","154","176","196","213","226","235","244","251","267","286","299","315","336","354","376","410","442","472","490","491","492","504","527","572","634","700","766","825","879","932","983","1029","1076","1131","1189","1243","1292","1331","1392","1481","1560","1631","1696",
"Mozambique","MOZ","Population ages 60-64, male","SP.POP.6064.MA","53196","54882","56766","58838","61053","63415","65910","68490","71117","73737","76326","79019","82025","85336","88862","92630","96547","100701","105003","108927","110762","110842","110713","110270","109511","108632","108028","106471","104996","105325","106735","108641","110015","112093","117821","123046","126618","130988","135274","140067","144876","148839","152151","155279","157663","158820","158568","157519","156748","156396","156368","157247","158697","159639","159978","159839","158875","157208","155343","154026","153728","154577","157691","163659","172078",
"Mauritania","MRT","Population ages 60-64, male","SP.POP.6064.MA","7352","7594","7833","8075","8323","8579","8846","9123","9410","9702","9999","10301","10605","10913","11225","11541","11856","12169","12484","12804","13136","13480","13829","14185","14553","14933","15320","15721","16137","16513","16895","17338","17913","18538","19086","19548","19919","20352","20852","21351","21954","22570","23108","23682","24330","24973","25589","26225","27060","27944","28661","29568","30914","32098","32953","33932","35010","36156","37351","38583","39749","40856","42065","43347","44606",
"Mauritius","MUS","Population ages 60-64, male","SP.POP.6064.MA","6334","6662","7127","7395","7546","7709","7899","8105","8340","8616","8909","9201","9533","9936","10365","10754","11044","11206","11218","11232","11324","11562","11951","12512","13285","14079","14727","15133","15249","15033","14492","13871","13415","13275","13469","13759","14144","14515","14687","14779","14868","14988","15150","15552","16270","17128","18040","19157","20445","21887","23706","25817","27831","29459","30670","31588","32446","33359","34267","35141","35914","36605","37225","37615","38301",
"Malawi","MWI","Population ages 60-64, male","SP.POP.6064.MA","29417","30227","31301","32450","33297","33758","33818","33485","33078","33045","33610","34719","36280","38230","40513","42958","45663","48749","52187","55513","58303","60413","61771","62758","63929","65490","67231","71355","75815","78045","79520","80279","81023","80785","78667","77658","78616","79827","81281","83680","86747","89575","92246","94837","97484","100187","102751","104758","104829","103402","101533","99375","97696","97304","98004","99508","101955","104902","108273","112016","115812","119389","122945","126627","130253",
"Malaysia","MYS","Population ages 60-64, male","SP.POP.6064.MA","76551","78616","79759","80604","82419","85510","89826","95493","101615","106638","110166","112280","112686","112105","112014","112916","114790","117837","121579","125017","128015","130614","132710","134879","137722","141299","145718","151215","157625","164593","171569","178230","184573","190676","196701","203470","211878","222239","234224","246795","259210","271008","281411","290826","301360","314570","330478","348601","368257","388530","408656","429154","450804","473018","494740","515495","535081","553321","570923","589005","609231","630568","652045","673341","691655",
"North America","NAC","Population ages 60-64, male","SP.POP.6064.MA","3721939","3780915","3818832","3872880","3935791","3977635","4025471","4107895","4190836","4263546","4334146","4424262","4511259","4594504","4683949","4766825","4829234","4892933","4967494","5051960","5148402","5263874","5369599","5447958","5501166","5529846","5526214","5520353","5515982","5502769","5500361","5502763","5483522","5449087","5425731","5416163","5431613","5491076","5585819","5673587","5745140","5874756","6118603","6436425","6779729","7102551","7493900","7959652","8365346","8730060","9116352","9401390","9551578","9724457","9984245","10272443","10556506","10829610","11084370","11297094","11483229","11630257","11774561","11900340","11992951",
"Namibia","NAM","Population ages 60-64, male","SP.POP.6064.MA","6452","6620","6769","6896","7001","7089","7153","7194","7226","7274","7348","7448","7572","7715","7861","8007","8141","8263","8327","8391","8458","8452","8482","8567","8655","8748","8860","8997","9147","9481","9769","9799","9837","9993","10268","10612","11021","11487","11997","12533","13063","13511","13863","14265","14765","15301","15852","16368","16767","17063","17286","17388","17542","17873","18265","18718","19268","19909","20733","21883","23310","24711","26044","27404","28590",
"New Caledonia","NCL","Population ages 60-64, male","SP.POP.6064.MA","873","909","948","992","1030","1060","1089","1121","1161","1183","1222","1310","1413","1524","1636","1730","1766","1734","1679","1628","1595","1588","1602","1633","1687","1760","1845","1936","2031","2128","2230","2334","2435","2529","2619","2708","2801","2899","3002","3117","3242","3376","3526","3694","3883","4107","4347","4536","4633","4694","4811","4976","5122","5238","5319","5389","5473","5593","5745","5898","6062","6286","6576","6892","7195",
"Niger","NER","Population ages 60-64, male","SP.POP.6064.MA","15773","17013","18528","20176","21712","23050","24212","25189","26047","26900","27794","28701","29637","30613","31594","32581","33590","34632","35716","36862","38069","39334","40663","42030","43394","44756","46125","47484","48876","50398","52087","53949","56017","58267","60626","63111","65696","68329","71124","74203","77534","81054","84819","88832","92916","96887","100507","103238","106952","112351","118321","125188","133196","140577","146732","152893","158961","165087","171370","177851","184276","190713","197524","204744","212116",
"Nigeria","NGA","Population ages 60-64, male","SP.POP.6064.MA","455945","459113","460296","461032","463376","468207","475449","484528","495094","506357","517833","529659","541435","553838","567991","584132","602241","622621","644309","665998","687413","708328","728489","745558","762599","782158","801243","820320","839821","859830","880566","901524","923230","946217","969967","994328","1019614","1046569","1075151","1104382","1133846","1163826","1194609","1226985","1261848","1298144","1333324","1364023","1381558","1388252","1398490","1415937","1439999","1477697","1526842","1575462","1623019","1672892","1723492","1774153","1823445","1873390","1928026","1986091","2046330",
"Nicaragua","NIC","Population ages 60-64, male","SP.POP.6064.MA","13508","13815","14045","14241","14478","14782","15141","15556","16017","16502","17000","17518","18001","18496","19048","19600","20146","20669","21152","21590","22122","22795","23520","24242","24889","25473","26023","26521","27024","27616","28286","29025","29844","30714","31585","32438","33553","34910","36228","37559","38910","40244","41603","42986","44314","45545","46435","47137","48258","50181","52739","55523","58331","60836","62729","64232","65788","67562","69647","72036","74300","76519","79456","83016","86806",
"Netherlands","NLD","Population ages 60-64, male","SP.POP.6064.MA","225096","228463","232993","238062","243420","249120","253672","257050","260399","263571","265930","267205","269016","271975","275038","277045","278632","279175","276963","274198","278392","288106","296087","305168","314536","317456","316116","315698","315351","315978","319653","324268","328764","332365","334513","335647","336560","337792","341259","347798","356011","364316","372978","384106","397526","408730","433870","472172","500437","519153","534652","534656","522505","516656","515296","517468","522856","529369","537073","547908","560187","572663","585290","597590","608661",
"Norway","NOR","Population ages 60-64, male","SP.POP.6064.MA","85641","86886","88280","89505","90427","91215","91837","92522","93551","95331","97474","99480","101580","103416","104506","105078","105223","105607","106290","106186","107615","110229","111209","111640","112225","110455","107202","104360","100980","97845","95682","93830","92176","90639","88702","86610","85163","84762","85471","87629","90772","93469","96401","101107","107739","115674","125681","135627","142282","145928","147240","146166","144352","143939","144307","145541","147727","149845","151581","153707","155612","156946","158757","161161","163947",
"Nepal","NPL","Population ages 60-64, male","SP.POP.6064.MA","96568","99191","101964","104833","107795","110863","113996","117148","120264","123312","126311","129263","132219","135265","138436","141742","145141","148677","152323","155964","159610","163225","166818","170513","174263","178025","181807","185540","189318","193347","197768","202562","207861","213300","218794","224445","230019","235629","241189","246564","253718","263471","274868","287329","299595","309304","316516","324259","333978","343990","353363","362916","371388","377839","384230","391455","398251","404550","410420","415935","421370","426556","431854","437095","439311",
"Nauru","NRU","Population ages 60-64, male","SP.POP.6064.MA","34","35","35","36","34","32","36","43","47","49","52","55","62","71","83","100","119","136","149","157","157","150","142","130","122","118","109","100","94","90","86","86","86","89","88","85","86","87","90","94","95","91","90","89","82","75","70","61","52","50","56","63","72","85","96","102","100","97","98","96","93","96","100","105","116",
"New Zealand","NZL","Population ages 60-64, male","SP.POP.6064.MA","40705","42150","43874","45428","46937","48074","49306","50803","52022","53194","54427","55491","56549","57637","58762","59752","59946","59569","58872","58184","58451","59504","61357","63672","65520","66742","67142","68045","68555","69007","69475","72704","72544","71523","70484","69440","68735","68941","70116","72071","75210","78890","82443","85135","87639","89893","92831","97705","103693","109004","113481","116380","117364","117874","119550","121961","125029","128321","131827","135494","140425","143415","146085","151418","154696",
"OECD members","OED","Population ages 60-64, male","SP.POP.6064.MA","14723657","15233396","15683945","16100505","16473264","16765150","16985108","17246613","17527590","17797866","18041143","18239984","18386853","18516094","18585763","18474832","18104406","17559201","16961089","16621783","16901343","17689098","18650825","19657614","20489808","20974745","21285179","21626105","22027205","22424204","22765952","23070170","23289615","23398283","23499904","23677344","23911407","24194115","24552443","24958470","25364386","25816427","26307684","26894141","27415668","27664595","28314329","29641887","31037366","32330953","33681707","34538708","34809135","34966201","35237338","35672249","36234443","36821187","37472449","38197505","38868142","39453276","40146576","40901723","41611310",
"Oman","OMN","Population ages 60-64, male","SP.POP.6064.MA","5094","5162","5222","5277","5339","5410","5488","5573","5661","5749","5835","5923","6015","6110","6232","6391","6579","6797","7044","7326","7639","7991","8387","8809","9245","9707","10204","10739","11324","11975","12724","13590","14608","15788","16784","17514","18202","18781","19250","19670","19990","20103","19952","19503","19413","19881","20425","21015","21549","21893","22027","23953","27445","29765","31273","33742","37045","40351","43573","45288","44389","42959","44311","47041","49615",
"Other small states","OSS","Population ages 60-64, male","SP.POP.6064.MA","67685","69990","72588","75214","77588","79638","81581","83274","84419","85662","87216","88704","90002","91091","91606","91324","90002","87906","86501","86074","86555","88838","92543","96359","100201","104379","108479","113175","117868","121695","125197","128089","128910","129081","129668","130351","131973","134424","137261","139349","140925","143227","144948","145192","145281","146621","149752","155362","163115","171616","180193","187510","193523","198943","203917","209054","214675","220719","227063","233471","239059","243733","249280","254026","257949",
"Pakistan","PAK","Population ages 60-64, male","SP.POP.6064.MA","457104","482484","511891","542559","571827","597693","618553","634964","649695","665389","684240","704672","727823","754629","781810","808521","834571","860251","885993","913158","944045","976435","1007639","1038099","1066966","1096386","1127785","1159571","1191307","1223030","1256458","1290713","1321576","1352560","1385613","1419205","1453924","1489049","1525489","1564019","1606611","1652291","1697080","1743935","1795246","1846771","1895770","1939811","1964526","1962212","1953611","1957116","1977286","2024305","2104515","2200824","2296603","2392911","2490220","2585977","2673615","2753432","2831350","2903480","2967213",
"Panama","PAN","Population ages 60-64, male","SP.POP.6064.MA","11565","11854","12165","12494","12834","13182","13537","13887","14241","14609","14988","15385","15804","16242","16698","17172","17664","18175","18702","19236","19773","20310","20838","21362","21894","22444","23010","23597","24211","24844","25512","26237","27014","27855","28770","29752","30818","31988","33242","34559","35919","37308","38719","40154","41633","43167","44761","46419","48129","50019","52140","54400","56817","59405","62022","64577","67137","69697","72250","74948","77679","80484","83774","87453","91177",
"Peru","PER","Population ages 60-64, male","SP.POP.6064.MA","109521","111525","113243","115032","117399","120486","124187","128542","133244","137688","141084","144173","147595","150289","152167","153779","155075","155948","156789","158274","160619","163864","168197","173325","178586","183766","188846","193706","198686","204320","210750","217855","225787","234307","243227","252282","260970","269241","276949","284312","291924","299974","308471","317775","328483","341468","356876","374087","392758","412172","430593","447272","462728","477430","491078","503597","514872","526924","542195","558473","571567","581779","595991","614388","632932",
"Philippines","PHL","Population ages 60-64, male","SP.POP.6064.MA","195787","202319","209276","216907","224046","230126","236943","245804","255857","267450","280442","292679","302717","311245","318453","324867","331730","338621","345280","351677","357412","362899","369115","375960","383025","389603","395009","400507","406670","412661","419877","428801","440645","455682","470965","484986","498557","512474","526656","540110","553032","565175","575169","584957","597485","615787","639092","671761","719542","784668","854881","920598","987072","1049850","1104297","1174383","1264283","1353977","1444473","1530567","1602570","1656455","1705096","1756110","1804466",
"Palau","PLW","Population ages 60-64, male","SP.POP.6064.MA","80","84","87","92","98","101","102","101","103","108","109","103","98","98","102","112","126","138","145","147","148","154","166","173","177","183","186","185","186","186","180","172","165","162","163","166","173","188","202","218","230","235","240","249","258","268","279","292","308","328","351","373","393","408","420","439","462","483","503","521","536","548","561","573","581",
"Papua New Guinea","PNG","Population ages 60-64, male","SP.POP.6064.MA","9756","10272","10824","11419","11976","12505","13021","13483","13928","14432","14991","15601","16392","17399","18531","19794","21190","22708","24318","25978","27640","29100","30293","31326","32195","32909","33478","33920","34261","34646","35453","36635","37919","39319","40803","42331","43854","45335","46745","48101","49447","50968","52729","54656","56814","59239","61883","64613","67498","70197","72705","75421","78388","81600","85286","89524","94111","99157","104669","110542","116316","121795","127225","132601","137798",
"Poland","POL","Population ages 60-64, male","SP.POP.6064.MA","454461","479964","505985","534378","563028","584027","601509","623783","642870","658354","671344","676897","676929","674240","663951","634039","588950","539487","489636","463175","478258","517114","568600","631977","680494","710980","736679","753065","772629","798150","819059","837221","850260","850920","841010","827163","813440","802678","793756","786261","768432","753078","731179","708787","690471","676860","696149","758778","840489","934748","1018575","1083112","1132260","1170503","1202438","1229076","1247312","1257490","1259948","1251983","1219682","1176469","1139277","1100023","1062395",
"Pre-demographic dividend","PRE","Population ages 60-64, male","SP.POP.6064.MA","1772811","1808258","1845086","1883518","1924865","1969351","2016316","2065637","2118529","2173892","2229394","2284911","2340971","2398924","2460114","2525155","2592196","2661894","2736880","2812791","2881463","2936801","2991267","3046933","3102625","3159755","3216134","3275304","3333390","3395558","3456630","3514702","3584320","3666644","3756277","3841449","3917531","3998512","4088833","4183474","4280637","4384463","4501004","4629271","4767229","4917357","5069892","5213810","5347215","5471567","5600342","5746370","5916650","6120501","6341669","6560854","6781179","6999268","7219793","7450296","7680113","7914964","8188234","8501012","8831856",
"Puerto Rico (US)","PRI","Population ages 60-64, male","SP.POP.6064.MA","29153","30090","31091","32104","32957","33542","33901","34129","34430","35097","36558","38764","41206","43418","45048","45941","46252","46309","46476","47048","48327","49908","51427","53025","54797","56652","58616","60677","62657","64505","65345","64860","64029","63539","63481","63791","64530","65396","66203","67154","68784","71500","74158","76317","78120","79285","79560","79132","78490","78182","80394","85003","90062","94564","97775","100159","101887","103648","103298","105545","106148","106253","104729","103254","102701",
"Korea, Dem. People's Rep.","PRK","Population ages 60-64, male","SP.POP.6064.MA","90533","92192","93928","95539","96744","97576","97961","97643","97473","98678","101335","105450","111250","117587","122627","126085","128168","129083","129823","131362","133612","136166","138918","141667","144550","148060","152707","158552","165520","175062","188568","205294","225830","251768","283298","317293","352853","390249","426284","456468","479397","495929","505279","509615","510945","510647","510915","510839","507139","500343","497268","476091","437726","416648","417886","430730","464746","530213","601643","649152","676051","697770","707890","713316","732421",
"Portugal","PRT","Population ages 60-64, male","SP.POP.6064.MA","140345","148116","153611","159150","165589","168485","168837","171453","174548","175630","180012","185080","186294","187829","191827","197366","198522","196781","194237","192108","194540","201056","208101","216965","226831","233409","237311","240357","242554","243943","245282","247215","249800","251862","253011","255036","256755","256934","257151","258352","257571","253837","250547","249440","250062","253841","259695","265435","272831","281024","287544","294125","300776","303080","302896","304264","305328","307410","311956","317202","322981","330744","336006","341381","347025",
"Paraguay","PRY","Population ages 60-64, male","SP.POP.6064.MA","16234","16622","16958","17325","17745","18173","18620","19085","19591","20192","20933","21816","22815","23931","25032","25961","26715","27302","27786","28279","28887","29679","30626","31727","33014","34448","36001","37621","39164","40399","41134","41294","40939","40351","40011","40324","41442","43311","45676","48114","50349","52436","54438","56256","57961","59667","61290","62900","64817","67061","69188","71218","73389","75534","77701","80301","83286","86364","89612","92980","96222","98898","101999","106212","110765",
"West Bank and Gaza","PSE","Population ages 60-64, male","SP.POP.6064.MA","","","","","","","","","","","","","","","","","","","","","","","","","","","","","","","11721","12508","13370","14279","15215","16193","17222","18322","19134","19921","20647","21367","22107","22938","23917","24995","26176","27480","28766","29831","30862","31925","32967","34135","35515","36920","38311","39644","41267","43035","44887","46766","48818","50987","52788",
"Pacific island small states","PSS","Population ages 60-64, male","SP.POP.6064.MA","8098","8214","8341","8495","8653","8816","9011","9219","9444","9705","9990","10286","10609","10962","11309","11635","11958","12290","12632","13068","13463","13724","14001","14276","14552","14853","15189","15502","15801","16135","16454","16743","17061","17425","17775","18057","18334","18730","19243","19797","20286","20695","21131","21603","22075","22601","23226","23957","24749","25537","26255","26914","27656","28479","29400","30433","31487","32560","33662","34753","35874","36912","38013","39277","40435",
"Post-demographic dividend","PST","Population ages 60-64, male","SP.POP.6064.MA","14263334","14741450","15161051","15568452","15938747","16227079","16452333","16726129","17003488","17269268","17508590","17701249","17852049","17979796","18047739","17928338","17508597","16878997","16230284","15851519","16062665","16817770","17771479","18749853","19562322","20067181","20415016","20808451","21231532","21648862","21985101","22235185","22390868","22382735","22303512","22356993","22554372","22830817","23242295","23700818","24112132","24462899","24785862","25134768","25414266","25437356","25864874","27031277","28279858","29446714","30710932","31469019","31590547","31574638","31659721","31900327","32307171","32771869","33328133","33962110","34564975","35069625","35557160","36094775","36637732",
"French Polynesia","PYF","Population ages 60-64, male","SP.POP.6064.MA","804","836","874","903","924","948","978","1008","1040","1072","1100","1134","1180","1233","1290","1346","1395","1416","1405","1382","1367","1366","1385","1427","1487","1567","1667","1781","1897","2001","2095","2186","2275","2369","2476","2568","2637","2749","2869","2946","3052","3183","3325","3486","3651","3788","3891","3986","4066","4161","4259","4369","4543","4791","5082","5407","5756","6026","6263","6539","6733","6881","7151","7512","7817",
"Qatar","QAT","Population ages 60-64, male","SP.POP.6064.MA","345","371","408","453","505","564","632","712","802","903","974","1009","1043","1076","1107","1139","1176","1217","1264","1319","1386","1470","1573","1692","1831","2002","2203","2418","2633","2838","3037","3247","3463","3688","3914","4124","4290","4451","4629","4813","5050","5389","5866","6504","7010","7488","8375","9156","9602","10338","10776","11773","13404","15905","18918","21400","23073","23837","24364","25599","27806","24963","28179","31982","36155",
"Romania","ROU","Population ages 60-64, male","SP.POP.6064.MA","320850","338417","356132","372020","386375","399725","412654","423902","431208","437782","445193","452299","458820","462310","460689","450811","427253","381261","322075","289132","290983","314250","362477","426066","475579","508253","533652","549168","562962","572123","576980","575885","576729","579462","576462","572984","571733","570587","567813","567437","561192","538315","508712","485529","466517","452238","449076","453937","465782","491834","528099","559027","579834","596370","601682","605044","613109","614576","608169","595218","570896","537341","508116","488739","475232",
"Russian Federation","RUS","Population ages 60-64, male","SP.POP.6064.MA","1176884","1184036","1202941","1269722","1357190","1446656","1541237","1645853","1721384","1784788","1848290","1912139","1982199","2044063","2090751","2078959","1974219","1812514","1703769","1621246","1529323","1520121","1578142","1650696","1775272","1986622","2284447","2663477","3046015","3363733","3579092","3659082","3598034","3402905","3121504","2932012","2898310","3020159","3271252","3540633","3677829","3644455","3367842","2867472","2351836","1957756","1803527","1922309","2227873","2651945","3076001","3345320","3502539","3627425","3713477","3786258","3867964","3952463","4050915","4129568","4199590","4258404","4262315","4229539","4157849",
"Rwanda","RWA","Population ages 60-64, male","SP.POP.6064.MA","25273","25489","25509","25398","25363","25513","25810","26270","26915","27561","28029","28359","28585","28649","28627","28731","28925","29146","29570","30539","32167","34391","37193","40447","43889","47307","50719","53835","56436","58420","59494","59652","59437","59927","43835","27928","31580","34909","35887","37248","39185","41541","43581","44584","45080","45839","47151","49385","52650","56941","62250","68228","74464","80851","87086","92882","98568","104668","111424","118754","126163","132618","136038","136084","134368",
"South Asia","SAS","Population ages 60-64, male","SP.POP.6064.MA","5952364","6119370","6233033","6322277","6434615","6580205","6755151","6969852","7204610","7421732","7613095","7757808","7873126","7996956","8134837","8297839","8480051","8683139","8897921","9114137","9328407","9536969","9740750","9945233","10157849","10380318","10612683","10855700","11105331","11354002","11599146","11839676","12075678","12311478","12551217","12796435","13057109","13342844","13638621","13919210","14182718","14432759","14672011","14928910","15237986","15608897","16037012","16506020","17010070","17741904","18726188","19789965","20926728","22111994","23192654","24102253","24970323","25802359","26568484","27250859","27851692","28322623","28839820","29503807","30194607",
"Saudi Arabia","SAU","Population ages 60-64, male","SP.POP.6064.MA","23062","23489","23921","24357","24799","25245","25701","26170","26652","27143","27712","28432","29312","30369","31630","33059","34612","36300","38133","40116","42256","44557","47014","49626","52392","55304","58355","61553","64908","68422","72123","76086","80414","85167","90369","96031","102213","109004","116464","124641","133051","141577","150635","160161","169869","179207","187525","194332","199352","203830","199586","208800","221365","241986","260846","292412","328959","355054","357046","357024","380027","375467","405762","454297","496136",
"Sudan","SDN","Population ages 60-64, male","SP.POP.6064.MA","64493","66004","67691","69546","71559","73726","76039","78509","81105","83754","86433","89133","91876","94235","96880","100899","105036","108994","114568","122492","132392","141706","149758","155448","158258","160491","162585","164459","165817","166882","167781","168601","169398","169803","170074","170978","173497","176949","180388","184398","189128","194832","201755","210618","221109","232991","247038","262750","277639","290932","304352","318458","333622","350202","368962","388110","405554","422707","438345","450630","459670","466669","473918","476165","477318",
"Senegal","SEN","Population ages 60-64, male","SP.POP.6064.MA","29751","30642","31512","32377","33269","34211","35196","36221","37288","38404","39577","40812","42114","43465","44822","46143","47416","48611","49781","51018","52342","53752","55247","56834","58516","60305","62231","64271","66365","68450","70492","72490","74436","76327","78154","79865","81476","83041","84492","85698","86611","87272","88052","89239","90794","92703","95475","99064","102555","105691","108736","111165","112862","115163","118564","122714","127538","132975","138849","145055","151490","158189","165611","172837","179928",
"Singapore","SGP","Population ages 60-64, male","SP.POP.6064.MA","15352","16588","17772","18878","19915","20846","21712","22486","23224","24084","25172","26457","27638","28496","28937","29019","28869","28781","28925","29400","29965","31409","32705","33219","34147","34732","35544","37101","39032","41000","43133","44476","45694","46773","48359","49983","51705","52849","54999","56952","59925","63528","65246","64352","64129","63727","66352","74224","84877","94624","104324","112398","118073","122781","127846","132867","138598","142992","147173","151752","154668","150886","155224","161972","166039",
"Solomon Islands","SLB","Population ages 60-64, male","SP.POP.6064.MA","1248","1316","1382","1442","1492","1536","1579","1622","1665","1706","1747","1787","1829","1877","1929","1983","2047","2118","2191","2265","2339","2413","2490","2571","2656","2745","2839","2928","3014","3107","3203","3296","3384","3466","3543","3614","3681","3744","3806","3866","3916","3972","4054","4157","4264","4355","4417","4453","4481","4533","4674","4910","5189","5480","5758","6005","6227","6450","6698","6946","7209","7535","7919","8337","8760",
"Sierra Leone","SLE","Population ages 60-64, male","SP.POP.6064.MA","25660","26206","26754","27307","27871","28451","29044","29651","30256","30847","31419","31961","32477","32986","33483","33977","34466","34975","35513","36056","36617","37189","37767","38371","38994","39621","40328","41126","41933","42658","44026","44186","43002","42572","42362","41996","41776","41932","41916","41600","42079","44147","46293","47832","49291","50550","51492","52348","52641","52157","51996","52328","52739","53801","55758","57743","59702","61938","64359","66888","69396","71991","74789","77753","80818",
"El Salvador","SLV","Population ages 60-64, male","SP.POP.6064.MA","24334","24732","25278","25958","26633","27292","27958","28657","29355","30046","30521","30681","30719","30780","30895","31065","31372","31815","32374","32943","33270","33469","33992","34720","35446","36318","37336","38452","39707","41175","42736","44238","45635","47404","49518","51397","53014","54437","55795","57188","58671","60294","62045","63775","65358","66855","68321","69623","70966","72456","73750","74844","75814","76556","77166","77884","78741","79742","80936","82186","83229","84149","85337","86781","88442",
"San Marino","SMR","Population ages 60-64, male","SP.POP.6064.MA","317","318","321","327","332","335","335","338","339","347","356","388","426","442","448","450","464","442","416","442","491","535","570","588","582","565","562","563","562","568","576","583","607","643","662","667","669","671","677","684","690","697","702","711","749","760","774","803","819","857","862","871","920","915","901","912","935","973","1010","1056","1119","1166","1233","1318","1390",
"Somalia, Fed. Rep.","SOM","Population ages 60-64, male","SP.POP.6064.MA","28535","29278","30044","30828","31608","32390","33166","33929","34700","35509","36367","37261","38205","39190","40113","40946","41736","42562","45328","50850","54890","54744","54299","55410","56801","58454","60201","61691","60879","58825","57559","54125","50108","50461","52459","53868","55517","57401","59764","61836","63559","65051","66191","67297","68769","70680","72872","75649","78618","81712","86013","89037","91657","96359","101057","104430","107542","110849","113925","117391","120956","124162","126983","130469","134865",
"Serbia","SRB","Population ages 60-64, male","SP.POP.6064.MA","112994","122539","131249","137852","142143","144986","147113","148757","151105","155497","158102","159879","159520","156291","149812","139245","125206","109896","97726","93533","102006","118453","139789","160546","176499","187156","195460","203856","213181","222822","231760","229684","234471","237106","237856","237151","234998","231409","226832","221463","214886","206847","197443","187288","178583","172170","169742","174330","186229","202361","220727","236922","248882","257535","263564","266108","265420","259992","250060","240459","232042","224133","215403","211980","207448",
"Sub-Saharan Africa (excluding high income)","SSA","Population ages 60-64, male","SP.POP.6064.MA","1903136","1944776","1987419","2030916","2077078","2126631","2179259","2234504","2293048","2353918","2415487","2477264","2539474","2604303","2673229","2747525","2825275","2908441","3002609","3099962","3177135","3247151","3328376","3405514","3481633","3557333","3630239","3708645","3789382","3872936","3961287","4046572","4138422","4244940","4318506","4365792","4417276","4474389","4551154","4641828","4747556","4864606","4987068","5114751","5249858","5392812","5541999","5697172","5846333","5994105","6159348","6339147","6537389","6768370","7007888","7244105","7485931","7753105","8055670","8367590","8669769","8966619","9263501","9560446","9869080",
"South Sudan","SSD","Population ages 60-64, male","SP.POP.6064.MA","25436","25498","25712","25921","26210","26518","26535","26423","26344","26244","26121","26257","26648","27230","28010","28823","29658","30500","31348","32223","33126","34056","35018","35920","36652","37293","37920","38051","36532","34894","34802","35214","35347","35195","35619","36381","36923","37619","37902","38507","40053","41730","43529","45534","47818","50384","53197","56150","58982","61500","64484","68031","71611","75493","77696","78660","78538","76487","77575","82013","86382","90099","93899","100323","107059",
"Sub-Saharan Africa","SSF","Population ages 60-64, male","SP.POP.6064.MA","2056520","2106989","2161586","2218459","2276668","2335952","2395935","2456407","2519120","2584125","2650353","2717089","2784467","2854602","2928484","3007135","3089460","3175573","3272025","3371347","3448243","3523563","3614282","3697904","3779943","3863175","3945246","4035400","4130799","4228898","4330965","4434772","4545006","4665078","4751882","4810648","4872800","4941979","5031759","5135537","5255413","5388056","5526910","5672465","5827695","5993089","6166403","6346355","6517601","6684739","6862453","7049153","7257272","7503345","7763116","8027681","8303409","8603357","8941835","9296304","9645338","9991679","10342961","10694564","11053477",
"Small states","SST","Population ages 60-64, male","SP.POP.6064.MA","102646","106242","109823","113155","116149","118805","121391","123755","125652","127794","130439","133183","135720","137962","139546","140179","139634","138237","137475","137700","138732","141361","145383","149532","153751","158389","162974","168071","173152","177369","181171","184465","185870","186712","187993","189469","192089","195780","200132","203947","207240","211163","214632","216962","219292","222277","228269","237314","248820","261082","273460","284480","294154","303227","312153","321538","331305","341302","351499","362005","371864","380650","390713","400405","408353",
"Sao Tome and Principe","STP","Population ages 60-64, male","SP.POP.6064.MA","706","704","712","724","741","764","792","821","843","854","863","876","889","904","920","937","957","979","1003","1031","1064","1096","1123","1147","1172","1198","1224","1251","1279","1304","1325","1342","1355","1363","1369","1374","1378","1376","1371","1361","1340","1304","1271","1239","1199","1164","1138","1128","1140","1176","1231","1305","1401","1509","1607","1691","1765","1840","1927","2034","2143","2247","2344","2419","2480",
"Suriname","SUR","Population ages 60-64, male","SP.POP.6064.MA","3396","3534","3504","3272","3095","3045","3072","3149","3273","3434","3617","3798","3866","3811","3730","3638","3543","3451","3370","3318","3297","3320","3393","3491","3598","3698","3771","3815","3856","3905","3946","3987","4035","4072","4104","4260","4512","4727","4917","5111","5337","5610","5940","6284","6421","6354","6281","6227","6251","6420","6729","7129","7578","7999","8335","8627","8928","9266","9691","10226","10828","11434","12087","12786","13420",
"Slovak Republic","SVK","Population ages 60-64, male","SP.POP.6064.MA","76229","81943","85555","88668","91163","92257","92815","94129","96525","99853","102077","103142","104289","104654","104013","100587","92486","81565","70077","64254","67150","76773","89930","103235","110924","112518","112234","110468","108458","106917","106603","106058","105362","104527","102973","101082","98669","96125","94475","94036","94685","96538","98946","101217","103694","105306","106846","111433","118534","125703","134097","144208","152681","158791","164131","168343","170798","172095","172325","171159","169031","166201","162970","161220","161734",
"Slovenia","SVN","Population ages 60-64, male","SP.POP.6064.MA","28596","30776","32556","33767","34489","34721","34844","35117","35606","36334","37161","37585","37687","37527","36768","34933","31827","27987","24216","21781","21747","23774","26919","30510","33054","34422","35770","37393","39161","41071","43637","46126","47644","48381","48783","48510","48124","48173","48147","48375","48844","49290","49891","50721","50882","49389","48294","49052","50309","53042","57842","62586","65599","68392","70616","71782","72826","73300","72825","72455","71559","70560","70892","71922","72797",
"Sweden","SWE","Population ages 60-64, male","SP.POP.6064.MA","188435","192627","197143","200997","205055","208923","212200","216093","220888","226534","231797","235432","237766","239057","238627","236553","233891","231230","228298","225538","228617","235353","238135","239079","239479","234478","225761","219219","214258","209633","205657","202775","200784","198444","196401","195695","196113","198060","202411","209359","216355","222995","232700","246288","262223","279538","296206","308122","313652","313631","309118","301747","293993","287862","282750","279475","279869","281719","282487","283764","285149","285557","287215","292345","301029",
"Eswatini","SWZ","Population ages 60-64, male","SP.POP.6064.MA","2834","2882","2924","2968","3024","3088","3159","3244","3336","3417","3488","3549","3598","3643","3694","3755","3823","3884","3930","3969","3996","4007","3998","3976","3952","3970","4031","4114","4261","4439","4622","4843","5095","5335","5429","5544","5800","6070","6378","6715","7067","7417","7704","7892","7994","8046","8104","8218","8386","8566","8715","8832","9008","9297","9617","9918","10270","10624","10909","11160","11308","11235","11069","10979","10978",
"Sint Maarten (Dutch part)","SXM","Population ages 60-64, male","SP.POP.6064.MA","40","41","41","43","45","45","47","55","65","74","85","94","97","100","103","107","110","115","117","115","113","112","111","115","127","139","149","153","153","156","161","167","175","186","194","205","220","237","258","274","281","297","323","351","387","436","488","545","609","670","716","776","844","902","976","1050","1094","1139","1201","1257","1313","1385","1460","1529","1603",
"Seychelles","SYC","Population ages 60-64, male","SP.POP.6064.MA","569","584","602","622","646","671","692","706","714","714","713","719","741","754","763","766","757","749","744","754","772","802","834","859","881","893","889","905","890","896","911","940","970","1007","1027","1031","1042","1043","1034","1017","993","968","988","984","994","1007","1045","1081","1144","1196","1285","1292","1333","1382","1442","1542","1666","1846","2039","2183","2270","2305","2745","2717","2776",
"Syrian Arab Republic","SYR","Population ages 60-64, male","SP.POP.6064.MA","48724","47953","47220","46527","45864","45227","44563","44180","44446","45707","49002","53444","57190","59875","61662","62442","63130","64883","67612","71138","75007","78899","82667","86779","91319","95817","100257","104562","108651","112332","115442","118218","120894","123451","125759","127749","129598","131580","133719","136118","138988","142273","145865","149669","154002","159342","168056","181357","194434","202936","209000","214361","215374","208635","202976","204330","209597","216500","225219","236747","248008","258727","271713","287313","304169",
"Turks and Caicos Islands","TCA","Population ages 60-64, male","SP.POP.6064.MA","45","44","43","44","47","48","53","60","67","73","76","78","80","80","83","86","90","93","92","92","92","99","108","114","121","124","118","104","88","72","63","69","86","106","124","138","146","147","146","150","155","164","186","215","242","277","319","359","391","426","464","513","572","636","693","733","767","805","858","938","1038","1133","1224","1294","1331",
"Chad","TCD","Population ages 60-64, male","SP.POP.6064.MA","34539","35292","35926","36468","36967","37432","37838","38195","38547","38943","39410","39916","40488","41145","41834","42503","43144","43776","44384","44997","44998","44881","45949","47046","47018","46905","47418","47996","48523","49116","49423","50069","51005","51223","51474","52672","53975","54952","55968","56949","57798","58515","59240","60294","61770","63180","64441","65605","66846","68945","72031","75620","79500","83718","87584","90573","93599","97097","101001","105158","109458","114278","119675","126833","135204",
"East Asia & Pacific (IDA & IBRD countries)","TEA","Population ages 60-64, male","SP.POP.6064.MA","9953663","9932468","10109042","10392226","10693781","10974719","11221197","11413034","11580892","11805858","12075512","12338536","12629368","13013310","13456447","13877022","14270892","14637210","14903816","15102517","15404587","15814120","16250555","16758801","17378046","17988344","18484651","18995896","19615895","20164203","20683957","21311406","21986332","22739353","23549899","24276222","24974795","25640855","26094756","26324602","26536576","26823444","27053788","27211858","27536550","28039159","28727061","29819072","31324424","33075897","35218375","37521489","40066032","42668078","45033356","47201330","48842243","50146073","50929706","50411842","48818554","47087515","46976848","50229429","55296449",
"Europe & Central Asia (IDA & IBRD countries)","TEC","Population ages 60-64, male","SP.POP.6064.MA","3787478","3901929","4025053","4217739","4431683","4621972","4815522","5032899","5189304","5323607","5447426","5549318","5653222","5729912","5759234","5662917","5374443","4953906","4616557","4425318","4356250","4505651","4833759","5214938","5618072","6095253","6671924","7339847","7997862","8579444","8983757","9145373","9115340","8842943","8383890","8091916","8080255","8284236","8683634","9100234","9290045","9159183","8665747","7858482","7038487","6397716","6129614","6346063","6912307","7726894","8616069","9307278","9785031","10183027","10491884","10733016","10985881","11224984","11467828","11702373","11891710","12021494","12015432","11980617","11976683",
"Togo","TGO","Population ages 60-64, male","SP.POP.6064.MA","15361","15455","15572","15728","15971","16349","16876","17533","18264","19003","19701","20341","20928","21478","21995","22480","22938","23382","23835","24321","24878","25513","26211","26949","27718","28488","29259","30066","30899","31730","32556","33393","34251","33949","33977","35395","36657","37768","38796","39874","40994","42146","43352","44681","46178","47814","49712","51794","53857","55757","57749","59910","61995","64139","66450","68692","70828","73103","75501","78062","80711","83468","86530","89923","93484",
"Thailand","THA","Population ages 60-64, male","SP.POP.6064.MA","234960","241626","247324","252397","257419","262674","268029","273418","278950","284782","290989","297693","305110","312945","320524","327858","335091","342375","350273","359631","371050","384239","399073","416081","435729","457696","482075","509225","537862","565498","594440","624903","655496","688186","724103","763601","805633","848303","890633","936186","981758","1013604","1025084","1025367","1025670","1032671","1056466","1103450","1167716","1239319","1312726","1386076","1457093","1523557","1587019","1651034","1717576","1787612","1861224","1935051","2004335","2067276","2123965","2172702","2210373",
"Tajikistan","TJK","Population ages 60-64, male","SP.POP.6064.MA","27620","28586","29268","29695","29851","29727","29440","29075","28662","28311","28042","27909","28003","28141","28293","28388","28166","27619","27019","26634","26815","27684","29135","31332","34475","38045","41972","46636","51473","56102","59525","60824","59997","57695","55454","54432","54857","55614","55768","55175","54883","54870","53526","50708","46986","43212","40502","39708","41098","44305","48581","53274","58463","64080","69814","75857","82359","89643","98069","107595","116501","124330","131780","137953","142403",
"Turkmenistan","TKM","Population ages 60-64, male","SP.POP.6064.MA","19123","19788","20651","21556","22287","22771","22990","22927","22704","22504","22369","22309","22379","22439","22214","21652","20791","19605","18345","17427","17070","17176","17652","18595","20185","22625","26003","29999","33979","37234","39415","40616","40859","40385","39737","39430","39827","41001","42678","44263","45163","44909","43164","40042","36290","33055","31282","31479","33723","37447","41812","46268","50466","54272","57925","61745","65972","70848","76500","82748","89070","94984","100591","105541","109475",
"Latin America & the Caribbean (IDA & IBRD countries)","TLA","Population ages 60-64, male","SP.POP.6064.MA","2025809","2096615","2166157","2235325","2304153","2371576","2438543","2506122","2574761","2645897","2719436","2793774","2868466","2941440","3009461","3072910","3131676","3187009","3244424","3309695","3386152","3479920","3594322","3724073","3862025","4001352","4140626","4279635","4416395","4548420","4671179","4784539","4892900","4999024","5106281","5218987","5342528","5477838","5624260","5784311","5955337","6133037","6319131","6516500","6726198","6950083","7187852","7444338","7728129","8045851","8387852","8742835","9107286","9472417","9828463","10180975","10541504","10908760","11282275","11659974","12006500","12302921","12618758","12971568","13311280",
"Timor-Leste","TLS","Population ages 60-64, male","SP.POP.6064.MA","3649","3837","4020","4195","4357","4501","4627","4735","4827","4911","4996","5079","5155","5242","5342","5405","5459","5550","5630","5668","5699","5697","5640","5585","5564","5580","5616","5662","5698","5736","5829","5983","6170","6384","6631","6914","7236","7591","7965","7193","6563","7270","7972","8399","8577","9218","10413","11689","12929","14017","14650","14682","14490","14349","14274","14159","13846","13499","13351","13446","13778","14301","14857","15339","15798",
"Middle East, North Africa, Afghanistan & Pakistan (IDA & IBRD)","TMN","Population ages 60-64, male","SP.POP.6064.MA","1579755","1629518","1685666","1745497","1805929","1862527","1910247","1949648","1986618","2024934","2067927","2113134","2160183","2210229","2261054","2317231","2377220","2433242","2489453","2553576","2626220","2708262","2801058","2901987","3003587","3100839","3195886","3288217","3378874","3473653","3572680","3675207","3786676","3903827","4014670","4114499","4206051","4292946","4375101","4452565","4527813","4604267","4687736","4781695","4891049","5027370","5196004","5386416","5586340","5794971","6018182","6261813","6528131","6819815","7127047","7428388","7715340","7986659","8261116","8556563","8850129","9140940","9464883","9812339","10150652",
"Tonga","TON","Population ages 60-64, male","SP.POP.6064.MA","562","581","600","615","629","643","656","669","682","696","711","729","747","769","791","813","834","859","895","936","978","1020","1058","1082","1089","1080","1060","1058","1087","1129","1171","1208","1237","1249","1252","1252","1250","1247","1255","1276","1293","1301","1292","1261","1224","1199","1191","1207","1240","1267","1266","1241","1222","1227","1259","1289","1304","1325","1344","1358","1387","1410","1430","1452","1492",
"South Asia (IDA & IBRD)","TSA","Population ages 60-64, male","SP.POP.6064.MA","5952364","6119370","6233033","6322277","6434615","6580205","6755151","6969852","7204610","7421732","7613095","7757808","7873126","7996956","8134837","8297839","8480051","8683139","8897921","9114137","9328407","9536969","9740750","9945233","10157849","10380318","10612683","10855700","11105331","11354002","11599146","11839676","12075678","12311478","12551217","12796435","13057109","13342844","13638621","13919210","14182718","14432759","14672011","14928910","15237986","15608897","16037012","16506020","17010070","17741904","18726188","19789965","20926728","22111994","23192654","24102253","24970323","25802359","26568484","27250859","27851692","28322623","28839820","29503807","30194607",
"Sub-Saharan Africa (IDA & IBRD countries)","TSS","Population ages 60-64, male","SP.POP.6064.MA","2056520","2106989","2161586","2218459","2276668","2335952","2395935","2456407","2519120","2584125","2650353","2717089","2784467","2854602","2928484","3007135","3089460","3175573","3272025","3371347","3448243","3523563","3614282","3697904","3779943","3863175","3945246","4035400","4130799","4228898","4330965","4434772","4545006","4665078","4751882","4810648","4872800","4941979","5031759","5135537","5255413","5388056","5526910","5672465","5827695","5993089","6166403","6346355","6517601","6684739","6862453","7049153","7257272","7503345","7763116","8027681","8303409","8603357","8941835","9296304","9645338","9991679","10342961","10694564","11053477",
"Trinidad and Tobago","TTO","Population ages 60-64, male","SP.POP.6064.MA","8995","9414","9849","10246","10563","10787","10940","11030","11082","11136","11263","11469","11717","12006","12304","12592","12871","13132","13369","13579","13714","13732","13652","13499","13317","13181","13097","13029","12980","12946","12945","13014","13135","13285","13445","13571","13667","13788","13972","14254","14668","15219","15906","16749","17754","18110","19316","20678","22133","23579","25192","26869","28395","29813","31308","32739","33785","34464","34802","35352","36228","37225","38572","40049","40921",
"Tunisia","TUN","Population ages 60-64, male","SP.POP.6064.MA","42277","42900","43723","44662","45672","46759","47834","48899","50119","51554","53173","54981","56995","59045","60859","62360","63581","64487","65425","66895","69091","72167","76145","80434","84201","87454","90539","93504","96533","100030","103971","108258","112829","117487","122165","126215","128779","130040","130517","130192","129373","128455","127440","126432","125817","126118","127706","130706","135169","141931","152216","164682","177913","192976","209676","224492","237067","247703","254094","258784","264803","268937","272620","280902","292146",
"Turkiye","TUR","Population ages 60-64, male","SP.POP.6064.MA","315176","329350","343124","356239","368007","378309","388089","397156","404340","409477","412763","414191","414813","416014","418264","422463","429563","439452","451419","464989","478792","492271","506957","523080","539738","556767","574072","591543","609181","626893","644592","662100","679456","696932","714545","736197","761299","785162","807506","828057","846764","863874","879511","893815","907633","922675","941300","958420","999305","1053741","1116623","1185107","1258061","1336651","1411274","1472731","1523234","1557534","1580104","1614852","1657228","1709939","1785084","1873585","1970117",
"Tuvalu","TUV","Population ages 60-64, male","SP.POP.6064.MA","53","57","62","69","73","72","69","66","61","59","59","58","59","60","60","59","60","64","73","83","91","100","110","120","127","134","137","139","141","142","141","140","134","126","120","116","110","107","110","115","118","121","123","119","110","106","106","107","113","123","134","145","150","155","160","164","169","175","177","173","171","172","173","174","176",
"Tanzania","TZA","Population ages 60-64, male","SP.POP.6064.MA","74573","77097","79771","82316","85202","88184","91041","93953","98308","104141","110000","115940","122662","129500","135841","142321","148921","155341","160456","163466","166505","170690","174898","177075","179542","181928","183828","186288","189614","195017","200179","205064","209760","215934","223951","230392","233654","237828","244215","251345","259721","268605","278063","288679","300592","313665","327345","340866","352019","358534","361589","363120","363557","364207","365906","369316","373560","377317","380523","383555","387895","394133","403154","415800","432698",
"Uganda","UGA","Population ages 60-64, male","SP.POP.6064.MA","65908","68701","71630","74748","78067","81558","85179","88902","92703","96509","100248","103658","106588","109364","112031","114537","116931","119130","121054","122521","123475","124190","124850","125435","126079","126832","127608","128440","129224","129775","130015","129958","129667","129034","127889","125630","123118","120798","118650","117075","115672","114547","114006","114067","114951","117190","120914","126572","134792","145648","156732","166474","175307","182745","188610","194757","202651","211440","220595","230454","240724","251474","263094","275624","289392",
"Ukraine","UKR","Population ages 60-64, male","SP.POP.6064.MA","560072","571908","584631","618395","656962","686668","722261","768544","797059","822147","841950","853492","871433","887518","894328","872538","811437","727677","669676","636726","614872","638945","696169","751197","809560","891443","984115","1084833","1160836","1242922","1293831","1301071","1300071","1231748","1093662","1021545","1036017","1085643","1199096","1317788","1382429","1356504","1265120","1111821","961692","837809","744577","735486","768965","842202","954962","1059598","1119023","1163251","1187170","1185092","1199950","1226570","1266248","1315898","1361835","1385650","1314538","1242472","1244112",
"Upper middle income","UMC","Population ages 60-64, male","SP.POP.6064.MA","12844953","12923000","13195679","13597305","14026295","14426216","14796658","15124615","15409383","15743426","16106553","16444945","16808876","17256018","17742699","18172346","18525987","18817062","19046667","19270577","19648683","20222172","20899082","21666897","22556727","23460136","24267884","25114752","26052611","26916619","27693449","28483001","29274480","30053761","30796285","31523715","32358493","33236264","34001910","34569384","35057084","35493897","35768478","35871344","36129541","36606475","37343404","38635779","40484811","42698417","45383543","48238253","51283760","54340730","57077759","59531703","61445363","63026672","64140606","64019752","62813517","61439261","61636487","65211665","70648185",
"Uruguay","URY","Population ages 60-64, male","SP.POP.6064.MA","46704","47856","49148","50472","51641","52606","53373","53890","54283","54838","55626","56663","58016","59434","60438","60905","60786","60002","58919","58167","58004","58396","59403","60856","62368","63739","65068","66279","67248","67996","68544","68910","69114","69226","69326","69412","69451","69381","69177","68865","68457","67983","67481","67025","66703","66577","66660","66974","67377","67769","68289","68960","69751","70836","72315","73874","75419","76997","78506","79885","81258","82499","83664","85115","86584",
"United States","USA","Population ages 60-64, male","SP.POP.6064.MA","3434823","3487312","3518993","3566339","3621565","3655111","3693755","3766279","3839044","3901876","3962442","4036161","4111992","4182914","4259542","4331699","4388307","4450032","4524971","4608218","4695958","4796396","4883681","4943609","4981245","5000129","4989641","4975075","4962281","4939082","4927986","4922281","4895999","4857081","4831819","4822747","4839592","4899744","4991998","5072589","5132728","5244853","5463773","5751507","6061948","6351212","6702483","7120127","7477993","7798997","8143608","8397779","8529025","8682830","8914323","9171270","9420028","9658266","9878407","10060940","10222175","10350883","10468315","10556656","10610477",
"Uzbekistan","UZB","Population ages 60-64, male","SP.POP.6064.MA","136321","137752","137330","135479","132979","130278","127156","123479","119691","116373","113474","111363","110539","110229","109056","106771","103357","98887","94633","92647","94436","99455","106846","117258","131911","150033","172512","200262","229179","252562","267916","274802","272473","264570","257614","254135","253710","257189","262742","265984","265357","262143","256626","249919","244253","240622","238993","239842","244495","252883","270580","296420","323331","350851","378643","401968","421492","442388","464269","488425","515177","543706","573487","601187","624390",
"St. Vincent and the Grenadines","VCT","Population ages 60-64, male","SP.POP.6064.MA","632","671","710","747","783","816","847","877","908","940","970","1000","1026","1051","1076","1097","1115","1124","1123","1117","1105","1095","1095","1103","1115","1131","1149","1176","1206","1230","1247","1256","1254","1259","1274","1295","1317","1338","1355","1370","1382","1387","1393","1396","1406","1441","1500","1579","1670","1752","1816","1872","1932","2000","2086","2197","2326","2464","2598","2716","2808","2869","2927","2997","3053",
"Venezuela, RB","VEN","Population ages 60-64, male","SP.POP.6064.MA","63619","66472","69472","72588","75765","78990","82304","85717","89087","92428","95949","99534","103060","106586","110275","114298","118726","123517","128520","133640","138800","144026","149362","154905","160534","166148","171790","177277","182604","187920","193368","198958","204792","210912","217202","223670","230363","237387","244607","251915","259808","268220","277541","288041","299471","311994","325374","339365","353096","367379","382598","398537","416365","436612","458118","480467","502743","522406","538750","552815","566000","578119","589846","601323","612222",
"British Virgin Islands","VGB","Population ages 60-64, male","SP.POP.6064.MA","79","82","86","91","95","96","95","91","87","85","89","97","106","113","119","124","127","130","136","141","142","141","145","154","162","166","171","173","174","178","181","181","178","170","159","164","178","193","209","231","253","268","288","314","341","371","413","457","486","512","534","544","558","588","616","637","656","682","729","784","847","909","958","1000","1029",
"Virgin Islands (U.S.)","VIR","Population ages 60-64, male","SP.POP.6064.MA","347","323","330","377","389","414","436","458","520","575","612","694","773","882","970","1047","1095","1093","1162","1191","1254","1277","1272","1265","1293","1329","1361","1404","1455","1514","1605","1647","1689","1737","1792","1854","1923","2005","2103","2220","2361","2526","2706","2892","3077","3244","3383","3491","3564","3584","3568","3519","3439","3359","3305","3319","3402","3525","3669","3811","3884","3883","3864","3833","3798",
"Viet Nam","VNM","Population ages 60-64, male","SP.POP.6064.MA","434536","453404","476275","499013","516126","526539","530127","526080","516946","510632","510657","516365","527083","540307","551263","559494","566016","568225","568551","570441","576022","586249","600899","617613","632359","643967","651878","655026","657014","663407","675131","692698","717826","746120","768298","780668","783484","776277","762557","748379","736621","727361","721963","721186","724795","733112","748429","777465","830637","906697","1000093","1084595","1159877","1246631","1346391","1442216","1533900","1632942","1719348","1801375","1895645","1976828","2052358","2149926","2247505",
"Vanuatu","VUT","Population ages 60-64, male","SP.POP.6064.MA","700","695","698","709","720","728","736","739","748","765","781","799","819","840","860","883","905","930","956","1088","1211","1216","1218","1219","1218","1217","1218","1221","1225","1232","1236","1237","1247","1265","1289","1322","1365","1416","1479","1546","1620","1700","1781","1861","1943","2030","2121","2223","2343","2462","2548","2612","2674","2730","2792","2874","2962","3049","3132","3216","3308","3408","3530","3673","3828",
"World","WLD","Population ages 60-64, male","SP.POP.6064.MA","39191110","40091521","41096046","42219932","43363520","44421207","45399900","46414934","47393920","48396691","49398179","50292205","51148283","52070362","52961077","53566128","53726081","53568539","53362167","53493450","54424385","56183270","58339731","60661520","62968942","65024049","66902792","68941901","71147437","73198777","74998140","76611650","78009995","79155117","80139100","81251558","82700239","84424844","86250224","87919637","89361676","90603909","91467693","92074421","92850227","93801200","95783951","99398434","103876466","108986414","114927398","120484100","125601689","130704305","135532166","140122544","144321049","148201880","151605631","153702942","154521771","154810124","156807427","162480540","169936791",
"Samoa","WSM","Population ages 60-64, male","SP.POP.6064.MA","782","819","854","883","906","923","938","951","967","990","1014","1043","1075","1107","1146","1197","1251","1296","1332","1373","1420","1476","1545","1622","1699","1767","1821","1862","1883","1870","1830","1777","1748","1758","1786","1809","1836","1863","1876","1879","1882","1875","1877","1890","1887","1884","1889","1913","1956","2001","2028","2039","2126","2265","2407","2546","2658","2791","2946","3099","3259","3366","3433","3520","3572",
"Kosovo","XKX","Population ages 60-64, male","SP.POP.6064.MA","10397","11006","11538","11934","12314","12752","13308","13971","14645","15143","15318","15361","15375","15244","14993","14686","14410","14206","14112","14141","14310","14595","14968","15492","16206","17074","18072","19203","20310","21494","22932","24254","25194","25829","26320","26828","27476","28243","28093","27111","26750","26862","26700","26322","26006","25781","25604","25458","25329","25149","24940","25139","25849","26800","27910","28997","30152","31404","32560","33571","34589","35583","36564","35989","35090",
"Yemen, Rep.","YEM","Population ages 60-64, male","SP.POP.6064.MA","53759","54619","55305","55842","56496","57359","58339","59444","60665","61985","63335","64701","66128","67600","69133","70744","72427","74179","76005","77932","79971","82124","84383","86758","89270","91914","94553","97297","100224","103212","106296","109476","112776","116204","119675","123142","126644","130274","134024","137717","141372","144921","148145","151182","154401","158157","162654","167604","171682","174108","174320","173255","172951","174543","178784","186059","195408","205401","215885","227061","238234","249264","261574","275558","290845",
"South Africa","ZAF","Population ages 60-64, male","SP.POP.6064.MA","161218","168943","177053","185131","192994","200536","207640","214273","220449","226188","231540","236656","241824","247198","252757","258531","264440","270686","277405","284339","293061","303620","314328","325251","336277","344182","348305","352904","360727","373277","391377","411181","424575","446823","455576","439334","418198","399053","393492","396529","407589","422712","437558","448555","453408","453507","453595","458590","470858","490873","516934","543545","570801","599270","620363","636431","649371","680249","735919","795439","854282","906284","938250","953910","965973",
"Zambia","ZMB","Population ages 60-64, male","SP.POP.6064.MA","25886","26853","27658","28389","29201","30168","31289","32558","33918","35227","36361","37351","38267","39136","40011","40898","41795","42711","43619","44455","45213","45922","46603","47237","47822","48414","49043","49684","50275","50745","51080","51286","51368","51372","51361","51344","51361","51523","51737","51867","51973","52199","52438","52739","53280","54177","55411","56861","58081","59169","61070","63646","66544","70265","74719","79047","83381","88199","93452","99202","105283","111508","118298","125935","134095",
"Zimbabwe","ZWE","Population ages 60-64, male","SP.POP.6064.MA","32726","33329","34016","34744","35438","36071","36665","37226","37780","38381","39975","42452","44780","47060","49491","52575","56578","63041","74107","83575","73018","59278","57213","55928","56975","58730","61204","66945","73721","77132","78779","79830","92011","103983","103370","101140","97751","94074","90594","88108","87123","86835","86790","87275","88376","89894","91032","91885","92412","94867","99902","105053","110575","116852","121151","122422","122455","121497","119788","117542","114864","111899","108545","105184","102600",
