"Data Source","World Development Indicators",

"Last Updated Date","2026-04-08",

"Country Name","Country Code","Indicator Name","Indicator Code","1960","1961","1962","1963","1964","1965","1966","1967","1968","1969","1970","1971","1972","1973","1974","1975","1976","1977","1978","1979","1980","1981","1982","1983","1984","1985","1986","1987","1988","1989","1990","1991","1992","1993","1994","1995","1996","1997","1998","1999","2000","2001","2002","2003","2004","2005","2006","2007","2008","2009","2010","2011","2012","2013","2014","2015","2016","2017","2018","2019","2020","2021","2022","2023","2024","2025",
"Aruba","ABW","Prevalence of HIV, total (% of population ages 15-49)","SH.DYN.AIDS.ZS","","","","","","","","","","","","","","","","","","","","","","","","","","","","","","","","","","","","","","","","","","","","","","","","","","","","","","","","","","","","","","","","","","",
"Africa Eastern and Southern","AFE","Prevalence of HIV, total (% of population ages 15-49)","SH.DYN.AIDS.ZS","","","","","","","","","","","","","","","","","","","","","","","","","","","","","","","3.60608014295624","4.23056273328353","4.80976168031662","5.32557999125245","5.74333431240967","6.06926665950429","6.36976008034328","6.58328604699696","6.71607521355902","6.7698506432221","6.75886389256322","6.6925241851865","6.59504903207733","6.45990292102675","6.30948272722763","6.16632748880233","6.05012606826974","5.96558411616014","5.87885514159126","5.81776878903963","5.7840935656365","5.7315024698247","5.68904496996849","5.61150707791288","5.57963728787852","5.50777587182294","5.41344977118105","5.27403926006284","5.16868738905315","5.03125994904424","4.90133813008973","4.75016647047109","4.59421132174566","4.41506303269652","4.23405759192118","",
"Afghanistan","AFG","Prevalence of HIV, total (% of population ages 15-49)","SH.DYN.AIDS.ZS","","","","","","","","","","","","","","","","","","","","","","","","","","","","","","","0.1","0.1","0.1","0.1","0.1","0.1","0.1","0.1","0.1","0.1","0.1","0.1","0.1","0.1","0.1","0.1","0.1","0.1","0.1","0.1","0.1","0.1","0.1","0.1","0.1","0.1","0.1","0.1","0.1","0.1","0.1","0.1","0.1","0.1","0.1","",
"Africa Western and Central","AFW","Prevalence of HIV, total (% of population ages 15-49)","SH.DYN.AIDS.ZS","","","","","","","","","","","","","","","","","","","","","","","","","","","","","","","1.28627645113467","1.49162904041795","1.72983007250653","1.95151419117628","2.15826833804128","2.34381976928499","2.46188699613433","2.57045324026445","2.64757618057541","2.65812469007304","2.64964438754724","2.6186815960181","2.56543258617423","2.52287113008133","2.47146780167686","2.36280830096688","2.29948441659109","2.20989336000057","2.15667491532654","2.13128179554078","2.0772601575533","2.00140997671988","1.96152976134952","1.8820880649987","1.83057164882714","1.74989135624608","1.71261315638599","1.62538874873712","1.59197281203582","1.51337040568289","1.42731166744151","1.40406002762766","1.32574716497952","1.24818844858003","1.21755691748636","",
"Angola","AGO","Prevalence of HIV, total (% of population ages 15-49)","SH.DYN.AIDS.ZS","","","","","","","","","","","","","","","","","","","","","","","","","","","","","","","0.5","0.6","0.7","0.8","0.9","1","1.1","1.2","1.2","1.3","1.4","1.4","1.5","1.5","1.6","1.6","1.6","1.7","1.7","1.7","1.7","1.8","1.8","1.8","1.8","1.8","1.8","1.8","1.7","1.7","1.7","1.7","1.6","1.6","1.6","",
"Albania","ALB","Prevalence of HIV, total (% of population ages 15-49)","SH.DYN.AIDS.ZS","","","","","","","","","","","","","","","","","","","","","","","","","","","","","","","0.1","0.1","0.1","0.1","0.1","0.1","0.1","0.1","0.1","0.1","0.1","0.1","0.1","0.1","0.1","0.1","0.1","0.1","0.1","0.1","0.1","0.1","0.1","0.1","0.1","0.1","0.1","0.1","0.1","0.1","0.1","0.1","0.1","0.1","0.1","",
"Andorra","AND","Prevalence of HIV, total (% of population ages 15-49)","SH.DYN.AIDS.ZS","","","","","","","","","","","","","","","","","","","","","","","","","","","","","","","","","","","","","","","","","","","","","","","","","","","","","","","","","","","","","","","","","","",
"Arab World","ARB","Prevalence of HIV, total (% of population ages 15-49)","SH.DYN.AIDS.ZS","","","","","","","","","","","","","","","","","","","","","","","","","","","","","","","0.105875341867955","0.109421608117957","0.111138777185702","0.111710937112834","0.113594644974393","0.115072654340557","0.115740521644264","0.117167655374423","0.117884364738917","0.119119949628776","0.119482887396917","0.119564308116177","0.116874608937706","0.116537430317986","0.116123083678238","0.115725952022135","0.114567060971337","0.113996659308157","0.113471189068788","0.112434552434154","0.109293546783877","0.108245537844981","0.107750842748536","0.107259869495319","0.106219942977083","0.105734216323572","0.105506510084662","0.104434904810817","0.104219166278245","0.103986063180822","0.103734150929332","0.113277332557535","0.113040538045389","0.112000477439926","0.111586877998884","",
"United Arab Emirates","ARE","Prevalence of HIV, total (% of population ages 15-49)","SH.DYN.AIDS.ZS","","","","","","","","","","","","","","","","","","","","","","","","","","","","","","","0.1","0.1","0.1","0.1","0.1","0.1","0.1","0.1","0.1","0.1","0.1","0.1","0.1","0.1","0.1","0.1","0.1","0.1","0.1","0.1","0.1","0.1","0.1","0.1","0.1","0.1","0.1","0.1","0.1","0.1","0.1","0.1","0.1","0.1","0.1","",
"Argentina","ARG","Prevalence of HIV, total (% of population ages 15-49)","SH.DYN.AIDS.ZS","","","","","","","","","","","","","","","","","","","","","","","","","","","","","","","0.1","0.1","0.2","0.2","0.2","0.2","0.2","0.2","0.3","0.3","0.3","0.3","0.3","0.3","0.3","0.3","0.4","0.4","0.4","0.4","0.4","0.4","0.4","0.4","0.4","0.4","0.4","0.4","0.4","0.4","0.4","0.4","0.4","0.4","0.4","",
"Armenia","ARM","Prevalence of HIV, total (% of population ages 15-49)","SH.DYN.AIDS.ZS","","","","","","","","","","","","","","","","","","","","","","","","","","","","","","","0.1","0.1","0.1","0.1","0.1","0.1","0.1","0.1","0.1","0.1","0.1","0.1","0.1","0.1","0.1","0.1","0.1","0.1","0.1","0.1","0.1","0.1","0.1","0.1","0.2","0.2","0.2","0.2","0.3","0.3","0.3","0.3","0.3","0.4","0.4","",
"American Samoa","ASM","Prevalence of HIV, total (% of population ages 15-49)","SH.DYN.AIDS.ZS","","","","","","","","","","","","","","","","","","","","","","","","","","","","","","","","","","","","","","","","","","","","","","","","","","","","","","","","","","","","","","","","","","",
"Antigua and Barbuda","ATG","Prevalence of HIV, total (% of population ages 15-49)","SH.DYN.AIDS.ZS","","","","","","","","","","","","","","","","","","","","","","","","","","","","","","","0.3","0.3","0.3","0.3","0.3","0.4","0.4","0.4","0.5","0.5","0.5","0.5","0.6","0.6","0.6","0.6","0.7","0.7","0.7","0.7","0.7","0.8","0.8","0.8","0.9","0.9","0.9","1","1","1","1","1","1.1","1.1","1.1","",
"Australia","AUS","Prevalence of HIV, total (% of population ages 15-49)","SH.DYN.AIDS.ZS","","","","","","","","","","","","","","","","","","","","","","","","","","","","","","","0.1","0.1","0.1","0.1","0.1","0.1","0.1","0.1","0.1","0.1","0.1","0.1","0.1","0.1","0.1","0.1","0.1","0.1","0.1","0.1","0.1","0.1","0.1","0.1","0.1","0.1","0.1","0.1","0.1","0.1","0.1","0.1","0.1","0.1","0.1","",
"Austria","AUT","Prevalence of HIV, total (% of population ages 15-49)","SH.DYN.AIDS.ZS","","","","","","","","","","","","","","","","","","","","","","","","","","","","","","","","","","","","","","","","","","","","","","","","","","","","","","","","","","","","","","","","","","",
"Azerbaijan","AZE","Prevalence of HIV, total (% of population ages 15-49)","SH.DYN.AIDS.ZS","","","","","","","","","","","","","","","","","","","","","","","","","","","","","","","0.1","0.1","0.1","0.1","0.1","0.1","0.1","0.1","0.1","0.1","0.1","0.1","0.1","0.1","0.1","0.1","0.1","0.1","0.1","0.1","0.1","0.1","0.1","0.1","0.1","0.1","0.1","0.1","0.1","0.1","0.1","0.1","0.1","0.1","0.1","",
"Burundi","BDI","Prevalence of HIV, total (% of population ages 15-49)","SH.DYN.AIDS.ZS","","","","","","","","","","","","","","","","","","","","","","","","","","","","","","","4.4","4.8","5.1","4.7","5.2","4.8","4.5","4.3","4","3.7","3.4","3.1","2.8","2.6","2.4","2.2","2","1.9","1.8","1.7","1.6","1.6","1.5","1.4","1.4","1.3","1.2","1.2","1.1","1.1","1","0.9","0.9","0.8","0.8","",
"Belgium","BEL","Prevalence of HIV, total (% of population ages 15-49)","SH.DYN.AIDS.ZS","","","","","","","","","","","","","","","","","","","","","","","","","","","","","","","0.1","0.1","0.1","0.1","0.1","0.1","0.1","0.1","0.1","0.1","0.1","0.1","0.1","0.1","0.1","0.1","0.1","0.1","0.2","0.2","0.2","0.2","0.2","0.2","0.2","0.2","0.2","0.2","0.2","0.2","0.2","0.2","0.2","0.2","0.2","",
"Benin","BEN","Prevalence of HIV, total (% of population ages 15-49)","SH.DYN.AIDS.ZS","","","","","","","","","","","","","","","","","","","","","","","","","","","","","","","0.2","0.4","0.5","0.7","0.8","1","1.2","1.3","1.4","1.4","1.5","1.4","1.4","1.4","1.3","1.3","1.2","1.2","1.1","1.1","1.1","1.1","1.1","1.1","1","1","1","0.9","0.9","0.9","0.8","0.8","0.7","0.7","0.7","",
"Burkina Faso","BFA","Prevalence of HIV, total (% of population ages 15-49)","SH.DYN.AIDS.ZS","","","","","","","","","","","","","","","","","","","","","","","","","","","","","","","2.5","2.7","2.7","2.8","2.7","2.6","2.5","2.4","2.2","2.1","1.9","1.8","1.6","1.5","1.4","1.3","1.2","1.2","1.1","1.1","1","1","0.9","0.9","0.8","0.8","0.8","0.7","0.7","0.7","0.6","0.6","0.6","0.5","0.5","",
"Bangladesh","BGD","Prevalence of HIV, total (% of population ages 15-49)","SH.DYN.AIDS.ZS","","","","","","","","","","","","","","","","","","","","","","","","","","","","","","","0.1","0.1","0.1","0.1","0.1","0.1","0.1","0.1","0.1","0.1","0.1","0.1","0.1","0.1","0.1","0.1","0.1","0.1","0.1","0.1","0.1","0.1","0.1","0.1","0.1","0.1","0.1","0.1","0.1","0.1","0.1","0.1","0.1","0.1","0.1","",
"Bulgaria","BGR","Prevalence of HIV, total (% of population ages 15-49)","SH.DYN.AIDS.ZS","","","","","","","","","","","","","","","","","","","","","","","","","","","","","","","0.1","0.1","0.1","0.1","0.1","0.1","0.1","0.1","0.1","0.1","0.1","0.1","0.1","0.1","0.1","0.1","0.1","0.1","0.1","0.1","0.1","0.1","0.1","0.1","0.1","0.1","0.1","0.1","0.1","0.1","0.1","0.1","0.1","0.1","0.1","",
"Bahrain","BHR","Prevalence of HIV, total (% of population ages 15-49)","SH.DYN.AIDS.ZS","","","","","","","","","","","","","","","","","","","","","","","","","","","","","","","0.1","0.1","0.1","0.1","0.1","0.1","0.1","0.1","0.1","0.1","0.1","0.1","0.1","0.1","0.1","0.1","0.1","0.1","0.1","0.1","0.1","0.1","0.1","0.1","0.1","0.1","0.1","0.1","0.1","0.1","0.1","0.1","0.1","0.1","0.1","",
"Bahamas, The","BHS","Prevalence of HIV, total (% of population ages 15-49)","SH.DYN.AIDS.ZS","","","","","","","","","","","","","","","","","","","","","","","","","","","","","","","1.4","1.6","1.8","1.9","2","2.1","2.1","2.2","2.2","2.1","2.1","2","2","1.9","1.9","1.9","1.9","1.9","1.8","1.8","1.8","1.7","1.7","1.6","1.6","1.5","1.5","1.4","1.4","1.3","1.3","1.2","1.2","1.1","1.1","",
"Bosnia and Herzegovina","BIH","Prevalence of HIV, total (% of population ages 15-49)","SH.DYN.AIDS.ZS","","","","","","","","","","","","","","","","","","","","","","","","","","","","","","","","","","","","","","","","","","","","","","","","","","","","","","","","","","","","","","","","","","",
"Belarus","BLR","Prevalence of HIV, total (% of population ages 15-49)","SH.DYN.AIDS.ZS","","","","","","","","","","","","","","","","","","","","","","","","","","","","","","","","","","","","","","","","","","","","","","","","","","","","","","","","","","","","","","","","","","",
"Belize","BLZ","Prevalence of HIV, total (% of population ages 15-49)","SH.DYN.AIDS.ZS","","","","","","","","","","","","","","","","","","","","","","","","","","","","","","","0.1","0.2","0.3","0.3","0.4","0.5","0.6","0.7","0.8","1","1.1","1.1","1.2","1.3","1.3","1.4","1.4","1.4","1.5","1.5","1.5","1.4","1.4","1.4","1.4","1.4","1.3","1.3","1.3","1.3","1.2","1.2","1.2","1.2","1.2","",
"Bermuda","BMU","Prevalence of HIV, total (% of population ages 15-49)","SH.DYN.AIDS.ZS","","","","","","","","","","","","","","","","","","","","","","","","","","","","","","","","","","","","","","","","","","","","","","","","","","","","","","","","","","","","","","","","","","",
"Bolivia","BOL","Prevalence of HIV, total (% of population ages 15-49)","SH.DYN.AIDS.ZS","","","","","","","","","","","","","","","","","","","","","","","","","","","","","","","0.1","0.1","0.1","0.2","0.2","0.2","0.3","0.3","0.3","0.3","0.3","0.3","0.3","0.3","0.3","0.3","0.3","0.3","0.3","0.3","0.3","0.3","0.3","0.3","0.3","0.3","0.3","0.3","0.3","0.3","0.4","0.4","0.4","0.4","0.4","",
"Brazil","BRA","Prevalence of HIV, total (% of population ages 15-49)","SH.DYN.AIDS.ZS","","","","","","","","","","","","","","","","","","","","","","","","","","","","","","","0.1","0.2","0.2","0.2","0.2","0.3","0.3","0.3","0.3","0.3","0.3","0.3","0.3","0.3","0.3","0.3","0.3","0.3","0.3","0.4","0.4","0.4","0.4","0.5","0.5","0.5","0.6","0.6","0.6","0.6","0.7","0.7","0.7","0.7","0.7","",
"Barbados","BRB","Prevalence of HIV, total (% of population ages 15-49)","SH.DYN.AIDS.ZS","","","","","","","","","","","","","","","","","","","","","","","","","","","","","","","0.2","0.2","0.3","0.4","0.6","0.7","0.8","0.8","0.9","0.9","1","1","1","1.1","1.1","1.1","1.2","1.2","1.2","1.2","1.2","1.2","1.2","1.2","1.2","1.2","1.2","1.2","1.2","1.1","1.1","1.1","1.1","1.1","1","",
"Brunei Darussalam","BRN","Prevalence of HIV, total (% of population ages 15-49)","SH.DYN.AIDS.ZS","","","","","","","","","","","","","","","","","","","","","","","","","","","","","","","","","","","","","","","","","","","","","","","","","","","","","","","","","","","","","","","","","","",
"Bhutan","BTN","Prevalence of HIV, total (% of population ages 15-49)","SH.DYN.AIDS.ZS","","","","","","","","","","","","","","","","","","","","","","","","","","","","","","","0.1","0.1","0.1","0.1","0.1","0.1","0.1","0.1","0.1","0.1","0.1","0.1","0.1","0.1","0.1","0.1","0.1","0.1","0.1","0.1","0.1","0.1","0.1","0.1","0.1","0.1","0.1","0.1","0.1","0.1","0.1","0.2","0.2","0.2","0.2","",
"Botswana","BWA","Prevalence of HIV, total (% of population ages 15-49)","SH.DYN.AIDS.ZS","","","","","","","","","","","","","","","","","","","","","","","","","","","","","","","7.7","10.3","13.2","16.1","18.9","21.3","23.2","24.5","25.4","25.8","25.9","25.7","25.3","24.9","24.5","24.2","23.9","23.6","23.4","23.2","23","22.8","22.7","22.4","22.1","21.8","21.4","20.9","20.3","19.7","19","18.2","17.4","16.6","15.7","",
"Central African Republic","CAF","Prevalence of HIV, total (% of population ages 15-49)","SH.DYN.AIDS.ZS","","","","","","","","","","","","","","","","","","","","","","","","","","","","","","","4.5","5.3","6","6.6","7.2","7.6","7.8","7.9","7.9","7.7","7.5","7.3","7","6.7","6.4","6","5.7","5.5","5.2","5.1","4.9","4.6","4.4","4.2","4","3.8","3.6","3.4","3.3","3.1","3","2.8","2.7","2.5","2.4","",
"Canada","CAN","Prevalence of HIV, total (% of population ages 15-49)","SH.DYN.AIDS.ZS","","","","","","","","","","","","","","","","","","","","","","","","","","","","","","","0.2","0.2","0.2","0.2","0.2","0.2","0.2","0.2","0.2","0.2","0.2","0.2","0.2","0.2","0.2","0.2","0.2","0.2","0.2","0.2","0.2","0.2","0.2","0.2","0.2","0.2","0.2","0.2","0.2","0.2","0.2","0.1","0.1","","","",
"Central Europe and the Baltics","CEB","Prevalence of HIV, total (% of population ages 15-49)","SH.DYN.AIDS.ZS","","","","","","","","","","","","","","","","","","","","","","","","","","","","","","","","","","","","","","","","","","","","","","","","","","","","","","","","","","","","","","","","","","",
"Switzerland","CHE","Prevalence of HIV, total (% of population ages 15-49)","SH.DYN.AIDS.ZS","","","","","","","","","","","","","","","","","","","","","","","","","","","","","","","0.1","0.2","0.2","0.2","0.2","0.2","0.2","0.2","0.2","0.2","0.2","0.2","0.3","0.3","0.3","0.3","0.3","0.2","0.2","0.2","0.2","0.2","0.2","0.2","0.2","0.2","0.2","0.2","0.2","0.2","0.2","0.2","0.2","0.2","0.2","",
"Channel Islands","CHI","Prevalence of HIV, total (% of population ages 15-49)","SH.DYN.AIDS.ZS","","","","","","","","","","","","","","","","","","","","","","","","","","","","","","","","","","","","","","","","","","","","","","","","","","","","","","","","","","","","","","","","","","",
"Chile","CHL","Prevalence of HIV, total (% of population ages 15-49)","SH.DYN.AIDS.ZS","","","","","","","","","","","","","","","","","","","","","","","","","","","","","","","0.1","0.1","0.1","0.1","0.1","0.1","0.1","0.1","0.2","0.2","0.2","0.2","0.2","0.2","0.2","0.2","0.3","0.3","0.3","0.3","0.3","0.3","0.4","0.4","0.4","0.4","0.4","0.5","0.5","0.5","0.5","0.6","0.6","0.6","0.7","",
"China","CHN","Prevalence of HIV, total (% of population ages 15-49)","SH.DYN.AIDS.ZS","","","","","","","","","","","","","","","","","","","","","","","","","","","","","","","","","","","","","","","","","","","","","","","","","","","","","","","","","","","","","","","","","","",
"Cote d'Ivoire","CIV","Prevalence of HIV, total (% of population ages 15-49)","SH.DYN.AIDS.ZS","","","","","","","","","","","","","","","","","","","","","","","","","","","","","","","4.8","5.7","6.4","6.9","7.3","7.5","7.5","7.4","7.2","7","6.7","6.4","6","5.7","5.3","4.9","4.6","4.3","4","3.8","3.6","3.4","3.2","3.1","2.9","2.7","2.6","2.5","2.3","2.2","2.1","2","1.9","1.8","1.7","",
"Cameroon","CMR","Prevalence of HIV, total (% of population ages 15-49)","SH.DYN.AIDS.ZS","","","","","","","","","","","","","","","","","","","","","","","","","","","","","","","1","1.3","1.7","2.2","2.7","3.3","3.8","4.4","4.8","5.2","5.5","5.6","5.7","5.6","5.6","5.5","5.4","5.2","5.1","5","4.8","4.7","4.5","4.3","4.1","3.9","3.7","3.5","3.4","3.2","3.1","2.9","2.8","2.7","2.5","",
"Congo, Dem. Rep.","COD","Prevalence of HIV, total (% of population ages 15-49)","SH.DYN.AIDS.ZS","","","","","","","","","","","","","","","","","","","","","","","","","","","","","","","1.9","2.1","2.2","2.3","2.4","2.4","2.4","2.3","2.3","2.2","2.1","2","1.9","1.8","1.8","1.7","1.6","1.5","1.4","1.4","1.3","1.2","1.2","1.1","1.1","1","1","0.9","0.9","0.9","0.9","0.8","0.8","0.8","0.7","",
"Congo, Rep.","COG","Prevalence of HIV, total (% of population ages 15-49)","SH.DYN.AIDS.ZS","","","","","","","","","","","","","","","","","","","","","","","","","","","","","","","4.9","5.2","5.3","5.3","5.3","5.2","5.1","5","4.9","4.7","4.5","4.3","4.2","4","3.9","3.7","3.6","3.5","3.5","3.4","3.4","3.4","3.3","3.3","3.3","3.2","3.2","3.2","3.2","3.2","3.2","3.2","3.2","3.2","3.2","",
"Colombia","COL","Prevalence of HIV, total (% of population ages 15-49)","SH.DYN.AIDS.ZS","","","","","","","","","","","","","","","","","","","","","","","","","","","","","","","0.1","0.1","0.2","0.2","0.2","0.3","0.3","0.4","0.4","0.4","0.4","0.5","0.5","0.5","0.5","0.5","0.5","0.5","0.5","0.5","0.5","0.5","0.5","0.5","0.5","0.5","0.5","0.5","0.5","0.6","0.6","0.6","0.6","0.6","0.6","",
"Comoros","COM","Prevalence of HIV, total (% of population ages 15-49)","SH.DYN.AIDS.ZS","","","","","","","","","","","","","","","","","","","","","","","","","","","","","","","0.1","0.1","0.1","0.1","0.1","0.1","0.1","0.1","0.1","0.1","0.1","0.1","0.1","0.1","0.1","0.1","0.1","0.1","0.1","0.1","0.1","0.1","0.1","0.1","0.1","0.1","0.1","0.1","0.1","0.1","0.1","0.1","0.1","0.1","0.1","",
"Cabo Verde","CPV","Prevalence of HIV, total (% of population ages 15-49)","SH.DYN.AIDS.ZS","","","","","","","","","","","","","","","","","","","","","","","","","","","","","","","0.5","0.5","0.5","0.6","0.6","0.6","0.6","0.6","0.6","0.7","0.7","0.7","0.7","0.7","0.7","0.7","0.7","0.7","0.7","0.7","0.7","0.7","0.7","0.7","0.8","0.8","0.8","0.8","0.8","0.9","0.9","0.9","0.9","0.9","0.9","",
"Costa Rica","CRI","Prevalence of HIV, total (% of population ages 15-49)","SH.DYN.AIDS.ZS","","","","","","","","","","","","","","","","","","","","","","","","","","","","","","","0.1","0.1","0.1","0.1","0.1","0.1","0.1","0.1","0.1","0.1","0.1","0.2","0.2","0.2","0.2","0.2","0.2","0.3","0.3","0.3","0.3","0.3","0.4","0.4","0.4","0.4","0.5","0.5","0.5","0.5","0.5","0.6","0.6","0.6","0.6","",
"Caribbean small states","CSS","Prevalence of HIV, total (% of population ages 15-49)","SH.DYN.AIDS.ZS","","","","","","","","","","","","","","","","","","","","","","","","","","","","","","","","","","","","","","","","","","","","","","","","","","","","","","","","","","","","1.29069542143979","1.27701918886834","1.26512863905129","1.269220494729","1.28185884273786","1.27437590664638","",
"Cuba","CUB","Prevalence of HIV, total (% of population ages 15-49)","SH.DYN.AIDS.ZS","","","","","","","","","","","","","","","","","","","","","","","","","","","","","","","0.1","0.1","0.1","0.1","0.1","0.1","0.1","0.1","0.1","0.1","0.1","0.1","0.1","0.1","0.2","0.2","0.2","0.2","0.3","0.3","0.3","0.4","0.4","0.4","0.4","0.5","0.5","0.5","0.5","0.5","0.6","0.6","0.6","0.6","0.6","",
"Curacao","CUW","Prevalence of HIV, total (% of population ages 15-49)","SH.DYN.AIDS.ZS","","","","","","","","","","","","","","","","","","","","","","","","","","","","","","","","","","","","","","","","","","","","","","","","","","","","","","","","","","","","","","","","","","",
"Cayman Islands","CYM","Prevalence of HIV, total (% of population ages 15-49)","SH.DYN.AIDS.ZS","","","","","","","","","","","","","","","","","","","","","","","","","","","","","","","","","","","","","","","","","","","","","","","","","","","","","","","","","","","","","","","","","","",
"Cyprus","CYP","Prevalence of HIV, total (% of population ages 15-49)","SH.DYN.AIDS.ZS","","","","","","","","","","","","","","","","","","","","","","","","","","","","","","","","","","","","","","","","","","","","","","","","","","","","","","","","","","","","","","","","","","",
"Czechia","CZE","Prevalence of HIV, total (% of population ages 15-49)","SH.DYN.AIDS.ZS","","","","","","","","","","","","","","","","","","","","","","","","","","","","","","","","","","","","","","","","","","","","","","","","","","","","","","","","","","","","","","","","","","",
"Germany","DEU","Prevalence of HIV, total (% of population ages 15-49)","SH.DYN.AIDS.ZS","","","","","","","","","","","","","","","","","","","","","","","","","","","","","","","","","","","","","","","","","","","","","","","","","","","0.1","0.1","0.1","0.1","0.1","0.1","0.1","0.1","0.1","0.1","0.1","0.1","0.1","0.2","0.2","",
"Djibouti","DJI","Prevalence of HIV, total (% of population ages 15-49)","SH.DYN.AIDS.ZS","","","","","","","","","","","","","","","","","","","","","","","","","","","","","","","0.9","1.2","1.7","2","2.4","2.7","3","3.2","3.4","3.5","3.6","3.6","3.6","3.5","3.4","3.3","3.2","3","2.8","2.7","2.5","2.4","2.2","2","1.9","1.7","1.6","1.5","1.4","1.3","1.2","1.1","1","1","0.9","",
"Dominica","DMA","Prevalence of HIV, total (% of population ages 15-49)","SH.DYN.AIDS.ZS","","","","","","","","","","","","","","","","","","","","","","","","","","","","","","","0.4","0.4","0.4","0.4","0.4","0.4","0.4","0.4","0.4","0.4","0.4","0.4","0.4","0.4","0.4","0.4","0.4","0.4","0.4","0.4","0.4","0.4","0.4","0.4","0.4","0.4","0.4","0.5","0.5","0.5","0.5","0.5","0.5","0.5","0.5","",
"Denmark","DNK","Prevalence of HIV, total (% of population ages 15-49)","SH.DYN.AIDS.ZS","","","","","","","","","","","","","","","","","","","","","","","","","","","","","","","0.1","0.1","0.1","0.1","0.1","0.1","0.1","0.1","0.1","0.1","0.1","0.1","0.1","0.1","0.1","0.1","0.1","0.1","0.1","0.1","0.1","0.1","0.1","0.1","0.1","0.1","0.1","0.1","0.1","0.1","0.1","0.1","0.1","0.1","0.1","",
"Dominican Republic","DOM","Prevalence of HIV, total (% of population ages 15-49)","SH.DYN.AIDS.ZS","","","","","","","","","","","","","","","","","","","","","","","","","","","","","","","0.4","0.6","0.8","1","1.1","1.2","1.3","1.4","1.4","1.4","1.4","1.4","1.4","1.4","1.3","1.3","1.3","1.2","1.2","1.2","1.2","1.2","1.1","1.1","1.1","1.1","1.1","1.1","1","1","1","1","1","1","1","",
"Algeria","DZA","Prevalence of HIV, total (% of population ages 15-49)","SH.DYN.AIDS.ZS","","","","","","","","","","","","","","","","","","","","","","","","","","","","","","","0.1","0.1","0.1","0.1","0.1","0.1","0.1","0.1","0.1","0.1","0.1","0.1","0.1","0.1","0.1","0.1","0.1","0.1","0.1","0.1","0.1","0.1","0.1","0.1","0.1","0.1","0.1","0.1","0.1","0.1","0.1","0.1","0.1","0.1","0.1","",
"East Asia & Pacific (excluding high income)","EAP","Prevalence of HIV, total (% of population ages 15-49)","SH.DYN.AIDS.ZS","","","","","","","","","","","","","","","","","","","","","","","","","","","","","","","","","","","","","","","","","","","","","","","","","","","","","","","","","","","","","","","","","","",
"Early-demographic dividend","EAR","Prevalence of HIV, total (% of population ages 15-49)","SH.DYN.AIDS.ZS","","","","","","","","","","","","","","","","","","","","","","","","","","","","","","","","","","","","","","","","","","","","","","","","","","","","","","","","","","","","","","","","","0.721280165103417","",
"East Asia & Pacific","EAS","Prevalence of HIV, total (% of population ages 15-49)","SH.DYN.AIDS.ZS","","","","","","","","","","","","","","","","","","","","","","","","","","","","","","","","","","","","","","","","","","","","","","","","","","","","","","","","","","","","","","","","","","",
"Europe & Central Asia (excluding high income)","ECA","Prevalence of HIV, total (% of population ages 15-49)","SH.DYN.AIDS.ZS","","","","","","","","","","","","","","","","","","","","","","","","","","","","","","","","","","","","","","","","","","","","","","","","","","","","","","","","","","","","","","","","","","",
"Europe & Central Asia","ECS","Prevalence of HIV, total (% of population ages 15-49)","SH.DYN.AIDS.ZS","","","","","","","","","","","","","","","","","","","","","","","","","","","","","","","","","","","","","","","","","","","","","","","","","","","","","","","","","","","","","","","","","","",
"Ecuador","ECU","Prevalence of HIV, total (% of population ages 15-49)","SH.DYN.AIDS.ZS","","","","","","","","","","","","","","","","","","","","","","","","","","","","","","","0.1","0.1","0.1","0.1","0.2","0.2","0.2","0.3","0.3","0.3","0.3","0.3","0.4","0.4","0.4","0.4","0.4","0.4","0.4","0.4","0.4","0.4","0.4","0.4","0.4","0.4","0.4","0.4","0.4","0.4","0.4","0.4","0.4","0.4","0.4","",
"Egypt, Arab Rep.","EGY","Prevalence of HIV, total (% of population ages 15-49)","SH.DYN.AIDS.ZS","","","","","","","","","","","","","","","","","","","","","","","","","","","","","","","0.1","0.1","0.1","0.1","0.1","0.1","0.1","0.1","0.1","0.1","0.1","0.1","0.1","0.1","0.1","0.1","0.1","0.1","0.1","0.1","0.1","0.1","0.1","0.1","0.1","0.1","0.1","0.1","0.1","0.1","0.1","0.1","0.1","0.1","0.1","",
"Euro area","EMU","Prevalence of HIV, total (% of population ages 15-49)","SH.DYN.AIDS.ZS","","","","","","","","","","","","","","","","","","","","","","","","","","","","","","","0.182017006780715","0.186651269946997","0.187055781464544","0.235649399774686","0.236051093181035","0.236416739312804","0.241212141980754","0.241698571343401","0.243096452841628","0.243407324913342","0.244752214037402","0.250516574883936","0.251764469659603","0.254178539214202","0.255458385161977","0.256136692418751","0.313575368321153","0.294772795072036","0.299799783112707","0.301981208703423","0.256125111083491","0.256844747159952","0.257371325211013","0.257117859941155","0.257646678765698","0.257076289988514","0.256640284323377","0.256593435579655","0.241851690254124","0.238735114355666","0.238779237065451","0.239104697157507","0.242407866446116","0.26022325674276","0.261144578135056","",
"Eritrea","ERI","Prevalence of HIV, total (% of population ages 15-49)","SH.DYN.AIDS.ZS","","","","","","","","","","","","","","","","","","","","","","","","","","","","","","","1.5","1.7","1.9","2.2","2.3","2.4","2.4","2.5","2.5","2.4","2.3","2.2","2","1.9","1.7","1.6","1.4","1.3","1.2","1.1","1","1","0.9","0.8","0.8","0.7","0.7","0.6","0.6","0.6","0.5","0.5","0.5","0.4","0.4","",
"Spain","ESP","Prevalence of HIV, total (% of population ages 15-49)","SH.DYN.AIDS.ZS","","","","","","","","","","","","","","","","","","","","","","","","","","","","","","","0.4","0.4","0.4","0.5","0.5","0.5","0.5","0.5","0.5","0.5","0.5","0.5","0.5","0.5","0.5","0.5","0.5","0.4","0.4","0.4","0.4","0.4","0.4","0.4","0.4","0.4","0.4","0.4","0.3","0.3","0.3","0.3","0.3","0.3","0.3","",
"Estonia","EST","Prevalence of HIV, total (% of population ages 15-49)","SH.DYN.AIDS.ZS","","","","","","","","","","","","","","","","","","","","","","","","","","","","","","","0.1","0.1","0.1","0.1","0.1","0.1","0.1","0.1","0.1","0.1","0.1","0.2","0.3","0.4","0.5","0.5","0.6","0.6","0.7","0.7","0.8","0.8","0.8","0.8","0.8","0.8","0.8","0.8","0.8","0.8","0.8","0.8","0.8","0.7","0.7","",
"Ethiopia","ETH","Prevalence of HIV, total (% of population ages 15-49)","SH.DYN.AIDS.ZS","","","","","","","","","","","","","","","","","","","","","","","","","","","","","","","2.2","2.6","3","3.3","3.4","3.4","3.4","3.3","3.1","2.9","2.7","2.6","2.4","2.2","2","1.8","1.7","1.6","1.5","1.4","1.4","1.3","1.3","1.2","1.2","1.1","1.1","1","1","0.9","0.9","0.8","0.8","0.7","0.7","",
"European Union","EUU","Prevalence of HIV, total (% of population ages 15-49)","SH.DYN.AIDS.ZS","","","","","","","","","","","","","","","","","","","","","","","","","","","","","","","","","","","","","","","","","","","","","","","","","","","0.237898699845624","0.238449755299314","0.238867127606608","0.238598607333343","0.238992374571698","0.238448908792536","0.238039111657352","0.238026248192534","0.225163916875987","0.228004032644709","0.228043318958844","0.228297541435103","0.231172196002405","0.251327015970894","","",
"Fragile and conflict affected situations","FCS","Prevalence of HIV, total (% of population ages 15-49)","SH.DYN.AIDS.ZS","","","","","","","","","","","","","","","","","","","","","","","","","","","","","","","1.44866992992287","1.68689592520355","1.89207091624495","2.04746855045619","2.17249653610324","2.27526772402269","2.34682799450574","2.39615019257384","2.41366893875515","2.40238237954496","2.36044923094218","2.33172002934043","2.26474864075293","2.20950111698009","2.15558617144598","2.06343890056016","2.00920662080797","1.94723508899265","1.90531269285965","1.87652310417595","1.84604422197104","1.79291101569235","1.7746908389823","1.71901249835297","1.70745821560749","1.65172805974664","1.63741675815797","1.57182728065488","1.55543364138653","1.50298135634626","1.45797805896281","1.41975706227246","1.36958092348262","1.30980929224288","1.27459789281501","",
"Finland","FIN","Prevalence of HIV, total (% of population ages 15-49)","SH.DYN.AIDS.ZS","","","","","","","","","","","","","","","","","","","","","","","","","","","","","","","","","","","","","","","","","","","","","","","","","","","","","","","","","","","","","","","","","","",
"Fiji","FJI","Prevalence of HIV, total (% of population ages 15-49)","SH.DYN.AIDS.ZS","","","","","","","","","","","","","","","","","","","","","","","","","","","","","","","0.1","0.1","0.1","0.1","0.1","0.1","0.1","0.1","0.1","0.1","0.1","0.1","0.1","0.1","0.1","0.1","0.1","0.1","0.1","0.1","0.1","0.1","0.1","0.1","0.1","0.1","0.2","0.2","0.3","0.3","0.4","0.5","0.7","0.8","1","",
"France","FRA","Prevalence of HIV, total (% of population ages 15-49)","SH.DYN.AIDS.ZS","","","","","","","","","","","","","","","","","","","","","","","","","","","","","","","0.1","0.1","0.1","0.2","0.2","0.2","0.2","0.2","0.2","0.2","0.2","0.2","0.2","0.2","0.2","0.2","0.3","0.3","0.3","0.3","0.3","0.3","0.3","0.3","0.3","0.3","0.3","0.3","0.3","0.3","0.3","0.3","0.3","0.3","","",
"Faroe Islands","FRO","Prevalence of HIV, total (% of population ages 15-49)","SH.DYN.AIDS.ZS","","","","","","","","","","","","","","","","","","","","","","","","","","","","","","","","","","","","","","","","","","","","","","","","","","","","","","","","","","","","","","","","","","",
"Micronesia, Fed. Sts.","FSM","Prevalence of HIV, total (% of population ages 15-49)","SH.DYN.AIDS.ZS","","","","","","","","","","","","","","","","","","","","","","","","","","","","","","","","","","","","","","","","","","","","","","","","","","","","","","","","","","","","","","","","","","",
"Gabon","GAB","Prevalence of HIV, total (% of population ages 15-49)","SH.DYN.AIDS.ZS","","","","","","","","","","","","","","","","","","","","","","","","","","","","","","","1.3","1.6","2","2.4","2.9","3.4","3.8","4.2","4.5","4.7","4.7","4.8","4.8","4.7","4.7","4.6","4.6","4.5","4.4","4.4","4.3","4.2","4.1","4","4","3.9","3.8","3.7","3.6","3.4","3.3","3.2","3","2.9","2.8","",
"United Kingdom","GBR","Prevalence of HIV, total (% of population ages 15-49)","SH.DYN.AIDS.ZS","","","","","","","","","","","","","","","","","","","","","","","","","","","","","","","","","","","","","","","","","","","","","","","","","","","","","","","","","0.2","0.2","0.2","0.2","0.2","0.2","0.2","0.2","","",
"Georgia","GEO","Prevalence of HIV, total (% of population ages 15-49)","SH.DYN.AIDS.ZS","","","","","","","","","","","","","","","","","","","","","","","","","","","","","","","0.1","0.1","0.1","0.1","0.1","0.1","0.1","0.1","0.1","0.1","0.1","0.1","0.1","0.1","0.1","0.1","0.1","0.1","0.1","0.1","0.1","0.1","0.1","0.2","0.2","0.2","0.2","0.3","0.3","0.3","0.3","0.3","0.4","0.4","0.4","",
"Ghana","GHA","Prevalence of HIV, total (% of population ages 15-49)","SH.DYN.AIDS.ZS","","","","","","","","","","","","","","","","","","","","","","","","","","","","","","","1.3","1.6","1.9","2.1","2.3","2.4","2.5","2.6","2.6","2.6","2.6","2.5","2.4","2.4","2.3","2.2","2.1","2.1","2","2","1.9","1.9","1.9","1.9","1.8","1.8","1.8","1.7","1.7","1.7","1.6","1.6","1.6","1.5","1.5","",
"Gibraltar","GIB","Prevalence of HIV, total (% of population ages 15-49)","SH.DYN.AIDS.ZS","","","","","","","","","","","","","","","","","","","","","","","","","","","","","","","","","","","","","","","","","","","","","","","","","","","","","","","","","","","","","","","","","","",
"Guinea","GIN","Prevalence of HIV, total (% of population ages 15-49)","SH.DYN.AIDS.ZS","","","","","","","","","","","","","","","","","","","","","","","","","","","","","","","0.3","0.4","0.5","0.6","0.8","0.9","1","1.1","1.3","1.4","1.5","1.5","1.6","1.6","1.7","1.7","1.7","1.7","1.7","1.7","1.7","1.7","1.7","1.7","1.7","1.7","1.6","1.6","1.6","1.5","1.5","1.5","1.4","1.4","1.3","",
"Gambia, The","GMB","Prevalence of HIV, total (% of population ages 15-49)","SH.DYN.AIDS.ZS","","","","","","","","","","","","","","","","","","","","","","","","","","","","","","","0.2","0.3","0.3","0.5","0.6","0.8","0.9","1.1","1.3","1.5","1.6","1.7","1.8","1.9","1.9","2","2","2","2","2","2","2","2","1.9","1.9","1.9","1.8","1.8","1.7","1.6","1.6","1.5","1.4","1.4","1.3","",
"Guinea-Bissau","GNB","Prevalence of HIV, total (% of population ages 15-49)","SH.DYN.AIDS.ZS","","","","","","","","","","","","","","","","","","","","","","","","","","","","","","","0.2","0.3","0.5","0.6","0.9","1.2","1.6","2.2","2.8","3.3","3.8","4.2","4.4","4.5","4.5","4.4","4.4","4.3","4.2","4.1","4","3.8","3.7","3.6","3.4","3.3","3.2","3","2.9","2.8","2.7","2.5","2.4","2.3","2.2","",
"Equatorial Guinea","GNQ","Prevalence of HIV, total (% of population ages 15-49)","SH.DYN.AIDS.ZS","","","","","","","","","","","","","","","","","","","","","","","","","","","","","","","","","","","","","","","","","","","","","","","","","","","","","","","","","","","","","","","","","","",
"Greece","GRC","Prevalence of HIV, total (% of population ages 15-49)","SH.DYN.AIDS.ZS","","","","","","","","","","","","","","","","","","","","","","","","","","","","","","","0.1","0.1","0.1","0.1","0.1","0.1","0.1","0.1","0.1","0.1","0.1","0.1","0.1","0.1","0.1","0.1","0.1","0.1","0.1","0.1","0.2","0.2","0.2","0.2","0.2","0.2","0.2","0.2","0.2","0.2","0.2","0.2","0.3","0.3","0.3","",
"Grenada","GRD","Prevalence of HIV, total (% of population ages 15-49)","SH.DYN.AIDS.ZS","","","","","","","","","","","","","","","","","","","","","","","","","","","","","","","","","","","","","","","","","","","","","","","","","","","","","","","","","","","","","","","","","","",
"Greenland","GRL","Prevalence of HIV, total (% of population ages 15-49)","SH.DYN.AIDS.ZS","","","","","","","","","","","","","","","","","","","","","","","","","","","","","","","","","","","","","","","","","","","","","","","","","","","","","","","","","","","","","","","","","","",
"Guatemala","GTM","Prevalence of HIV, total (% of population ages 15-49)","SH.DYN.AIDS.ZS","","","","","","","","","","","","","","","","","","","","","","","","","","","","","","","0.2","0.2","0.3","0.3","0.4","0.4","0.4","0.4","0.4","0.4","0.4","0.4","0.4","0.4","0.4","0.4","0.4","0.3","0.3","0.3","0.3","0.3","0.3","0.3","0.3","0.3","0.3","0.3","0.2","0.2","0.2","0.2","0.2","0.2","0.2","",
"Guam","GUM","Prevalence of HIV, total (% of population ages 15-49)","SH.DYN.AIDS.ZS","","","","","","","","","","","","","","","","","","","","","","","","","","","","","","","","","","","","","","","","","","","","","","","","","","","","","","","","","","","","","","","","","","",
"Guyana","GUY","Prevalence of HIV, total (% of population ages 15-49)","SH.DYN.AIDS.ZS","","","","","","","","","","","","","","","","","","","","","","","","","","","","","","","0.2","0.2","0.3","0.4","0.4","0.5","0.6","0.7","0.8","0.8","0.9","1","1","1.1","1.1","1.2","1.2","1.3","1.3","1.3","1.4","1.4","1.4","1.4","1.4","1.4","1.5","1.5","1.5","1.5","1.5","1.5","1.5","1.6","1.6","",
"High income","HIC","Prevalence of HIV, total (% of population ages 15-49)","SH.DYN.AIDS.ZS","","","","","","","","","","","","","","","","","","","","","","","","","","","","","","","","","","","","","","","","","","","","","","","","","","","","","","","","","","","","","","","","","","",
"Hong Kong SAR, China","HKG","Prevalence of HIV, total (% of population ages 15-49)","SH.DYN.AIDS.ZS","","","","","","","","","","","","","","","","","","","","","","","","","","","","","","","","","","","","","","","","","","","","","","","","","","","","","","","","","","","","","","","","","","",
"Honduras","HND","Prevalence of HIV, total (% of population ages 15-49)","SH.DYN.AIDS.ZS","","","","","","","","","","","","","","","","","","","","","","","","","","","","","","","0.4","0.5","0.6","0.6","0.7","0.8","0.8","0.8","0.8","0.8","0.8","0.8","0.7","0.7","0.6","0.6","0.5","0.5","0.5","0.4","0.4","0.4","0.3","0.3","0.3","0.3","0.3","0.2","0.2","0.2","0.2","0.2","0.2","0.2","0.2","",
"Heavily indebted poor countries (HIPC)","HPC","Prevalence of HIV, total (% of population ages 15-49)","SH.DYN.AIDS.ZS","","","","","","","","","","","","","","","","","","","","","","","","","","","","","","","2.53835356232886","2.86257544857422","3.14569342677047","3.36495657243192","3.51776535188445","3.60477672809876","3.67615662809953","3.7126226958981","3.70391389925351","3.6553998936722","3.59598238660325","3.52185097502038","3.41049291549509","3.29747603984227","3.1906024845201","3.0806701108269","2.9878161543908","2.91650300639652","2.85176452439269","2.81080466292938","2.76622118884058","2.72490806565896","2.69088487327577","2.64250420606681","2.61279568516866","2.55943358444289","2.51992752448697","2.45372904835432","2.40888885482366","2.34200405025881","2.27660994915191","2.2013563543969","2.13877314775962","2.04984574281417","1.96515693399886","",
"Croatia","HRV","Prevalence of HIV, total (% of population ages 15-49)","SH.DYN.AIDS.ZS","","","","","","","","","","","","","","","","","","","","","","","","","","","","","","","0.1","0.1","0.1","0.1","0.1","0.1","0.1","0.1","0.1","0.1","0.1","0.1","0.1","0.1","0.1","0.1","0.1","0.1","0.1","0.1","0.1","0.1","0.1","0.1","0.1","0.1","0.1","0.1","0.1","0.1","0.1","0.1","0.1","0.1","0.1","",
"Haiti","HTI","Prevalence of HIV, total (% of population ages 15-49)","SH.DYN.AIDS.ZS","","","","","","","","","","","","","","","","","","","","","","","","","","","","","","","2.2","2.4","2.6","2.7","2.7","2.7","2.7","2.7","2.6","2.6","2.5","2.4","2.3","2.2","2.2","2.1","2","1.9","1.9","1.9","1.8","1.8","1.7","1.7","1.7","1.7","1.7","1.7","1.7","1.7","1.7","1.7","1.7","1.7","1.6","",
"Hungary","HUN","Prevalence of HIV, total (% of population ages 15-49)","SH.DYN.AIDS.ZS","","","","","","","","","","","","","","","","","","","","","","","","","","","","","","","","","","","","","","","","","","","","","","","","","","","","","","","","","","","","","","","","","","",
"IBRD only","IBD","Prevalence of HIV, total (% of population ages 15-49)","SH.DYN.AIDS.ZS","","","","","","","","","","","","","","","","","","","","","","","","","","","","","","","","","","","","","","","","","","","","","","","","","","","","","","","","","","","","","","","","","","",
"IDA & IBRD total","IBT","Prevalence of HIV, total (% of population ages 15-49)","SH.DYN.AIDS.ZS","","","","","","","","","","","","","","","","","","","","","","","","","","","","","","","","","","","","","","","","","","","","","","","","","","","","","","","","","","","","","","","","","0.955642759658716","",
"IDA total","IDA","Prevalence of HIV, total (% of population ages 15-49)","SH.DYN.AIDS.ZS","","","","","","","","","","","","","","","","","","","","","","","","","","","","","","","1.59551013243447","1.83373658102651","2.04431718970891","2.21653120649455","2.34158427088546","2.4308278759446","2.48608535820285","2.51721515489352","2.51875562790618","2.48668944519416","2.44240526295007","2.38650898230863","2.31600362523894","2.25113806883045","2.18058009682212","2.10041568520519","2.04520276211575","1.99249166142177","1.95483263336937","1.93029941167109","1.90988195872045","1.87471443666753","1.86025095895548","1.82854051935348","1.81891736623261","1.78215504860897","1.7611878059833","1.71593019680612","1.70390829523707","1.65318772584558","1.60277266758793","1.56166106340519","1.51074908054372","1.44691898215007","1.39864131478433","",
"IDA blend","IDB","Prevalence of HIV, total (% of population ages 15-49)","SH.DYN.AIDS.ZS","","","","","","","","","","","","","","","","","","","","","","","","","","","","","","","1.83686800708373","2.17824675308881","2.49251531006999","2.74432085562518","2.93897432076794","3.0910921306312","3.17110391797309","3.21232065692358","3.21638665959734","3.15868877957636","3.07405445795909","2.96286866809908","2.85514598126351","2.74944713613299","2.63091140620335","2.49040978425518","2.4069683911654","2.29651184334345","2.22984173627876","2.17521277877745","2.13408403249347","2.05889212323069","2.02295841230545","1.95366442025802","1.92098646815184","1.8445691959148","1.81049268172958","1.73613496749179","1.73343691441591","1.654427707579","1.57930030278535","1.54436586109017","1.46568315406094","1.38792332419807","1.34552025238057","",
"Indonesia","IDN","Prevalence of HIV, total (% of population ages 15-49)","SH.DYN.AIDS.ZS","","","","","","","","","","","","","","","","","","","","","","","","","","","","","","","0.1","0.1","0.1","0.1","0.1","0.1","0.1","0.1","0.1","0.1","0.1","0.1","0.1","0.1","0.1","0.2","0.2","0.2","0.3","0.3","0.3","0.3","0.3","0.3","0.4","0.4","0.4","0.4","0.4","0.4","0.4","0.4","0.4","0.4","0.4","",
"IDA only","IDX","Prevalence of HIV, total (% of population ages 15-49)","SH.DYN.AIDS.ZS","","","","","","","","","","","","","","","","","","","","","","","","","","","","","","","1.47897792243648","1.6664714473571","1.82689754579323","1.96109834125459","2.05261743136925","2.11108313297824","2.15280266277748","2.17710883424705","2.1757154926153","2.15494153257761","2.12894561266996","2.09863492004087","2.0457269686644","2.00056024458334","1.95300839604507","1.90245257129693","1.86095992109573","1.8369497424085","1.81337613147778","1.80371943889577","1.79358025623796","1.77904528485483","1.77579234347737","1.76362526182251","1.76604351181387","1.7499131098165","1.7358269251164","1.70557308090859","1.68880982519219","1.65255551358337","1.61471899323233","1.57046144416811","1.53367204470764","1.4768810692842","1.4255993730139","",
"Isle of Man","IMN","Prevalence of HIV, total (% of population ages 15-49)","SH.DYN.AIDS.ZS","","","","","","","","","","","","","","","","","","","","","","","","","","","","","","","","","","","","","","","","","","","","","","","","","","","","","","","","","","","","","","","","","","",
"India","IND","Prevalence of HIV, total (% of population ages 15-49)","SH.DYN.AIDS.ZS","","","","","","","","","","","","","","","","","","","","","","","","","","","","","","","","","","","","","","","","","","","","","","","","","","","","","","","","","","","","","","","","","0.2","",
"Not classified","INX","Prevalence of HIV, total (% of population ages 15-49)","SH.DYN.AIDS.ZS","","","","","","","","","","","","","","","","","","","","","","","","","","","","","","","","","","","","","","","","","","","","","","","","","","","","","","","","","","","","","","","","","","",
"Ireland","IRL","Prevalence of HIV, total (% of population ages 15-49)","SH.DYN.AIDS.ZS","","","","","","","","","","","","","","","","","","","","","","","","","","","","","","","0.1","0.1","0.1","0.1","0.1","0.1","0.1","0.1","0.1","0.1","0.1","0.1","0.1","0.1","0.1","0.1","0.1","0.1","0.1","0.2","0.2","0.2","0.2","0.2","0.2","0.2","0.2","0.2","0.2","0.2","0.2","0.2","0.2","0.2","0.2","",
"Iran, Islamic Rep.","IRN","Prevalence of HIV, total (% of population ages 15-49)","SH.DYN.AIDS.ZS","","","","","","","","","","","","","","","","","","","","","","","","","","","","","","","","","","","","","","","","","","","","","","","","","","","","","","","","","","","","","","","","","","",
"Iraq","IRQ","Prevalence of HIV, total (% of population ages 15-49)","SH.DYN.AIDS.ZS","","","","","","","","","","","","","","","","","","","","","","","","","","","","","","","0.1","0.1","0.1","0.1","0.1","0.1","0.1","0.1","0.1","0.1","0.1","0.1","0.1","0.1","0.1","0.1","0.1","0.1","0.1","0.1","0.1","0.1","0.1","0.1","0.1","0.1","0.1","0.1","0.1","0.1","0.1","0.1","0.1","0.1","0.1","",
"Iceland","ISL","Prevalence of HIV, total (% of population ages 15-49)","SH.DYN.AIDS.ZS","","","","","","","","","","","","","","","","","","","","","","","","","","","","","","","0.1","0.1","0.1","0.1","0.1","0.1","0.1","0.1","0.1","0.1","0.1","0.1","0.1","0.1","0.1","0.1","0.1","0.1","0.1","0.1","0.1","0.1","0.1","0.1","0.1","0.1","0.1","0.1","0.1","0.1","0.1","0.1","0.1","0.1","0.1","",
"Israel","ISR","Prevalence of HIV, total (% of population ages 15-49)","SH.DYN.AIDS.ZS","","","","","","","","","","","","","","","","","","","","","","","","","","","","","","","","","","","","","","","","","","","","","","","","","","","","","","","","","","","","","","","","","","",
"Italy","ITA","Prevalence of HIV, total (% of population ages 15-49)","SH.DYN.AIDS.ZS","","","","","","","","","","","","","","","","","","","","","","","","","","","","","","","0.2","0.2","0.2","0.2","0.2","0.2","0.2","0.2","0.2","0.2","0.2","0.2","0.2","0.2","0.2","0.2","0.3","0.3","0.3","0.3","0.3","0.3","0.3","0.3","0.3","0.3","0.3","0.3","0.3","0.3","0.3","0.3","0.3","0.3","0.3","",
"Jamaica","JAM","Prevalence of HIV, total (% of population ages 15-49)","SH.DYN.AIDS.ZS","","","","","","","","","","","","","","","","","","","","","","","","","","","","","","","0.4","0.6","0.8","1","1.1","1.3","1.4","1.6","1.6","1.7","1.7","1.7","1.7","1.7","1.7","1.6","1.6","1.6","1.5","1.5","1.5","1.5","1.4","1.4","1.4","1.3","1.3","1.3","1.3","1.2","1.2","1.2","1.2","1.2","1.1","",
"Jordan","JOR","Prevalence of HIV, total (% of population ages 15-49)","SH.DYN.AIDS.ZS","","","","","","","","","","","","","","","","","","","","","","","","","","","","","","","0.1","0.1","0.1","0.1","0.1","0.1","0.1","0.1","0.1","0.1","0.1","0.1","0.1","0.1","0.1","0.1","0.1","0.1","0.1","0.1","0.1","0.1","0.1","0.1","0.1","0.1","0.1","0.1","0.1","0.1","0.1","0.1","0.1","0.1","0.1","",
"Japan","JPN","Prevalence of HIV, total (% of population ages 15-49)","SH.DYN.AIDS.ZS","","","","","","","","","","","","","","","","","","","","","","","","","","","","","","","","","","","","","","","","","","","","","","","","","","","","","","","","","","","","","","","","","","",
"Kazakhstan","KAZ","Prevalence of HIV, total (% of population ages 15-49)","SH.DYN.AIDS.ZS","","","","","","","","","","","","","","","","","","","","","","","","","","","","","","","0.1","0.1","0.1","0.1","0.1","0.1","0.1","0.1","0.1","0.1","0.1","0.1","0.1","0.1","0.1","0.1","0.1","0.1","0.1","0.1","0.1","0.2","0.2","0.2","0.2","0.2","0.3","0.3","0.3","0.3","0.3","0.3","0.3","0.3","0.3","",
"Kenya","KEN","Prevalence of HIV, total (% of population ages 15-49)","SH.DYN.AIDS.ZS","","","","","","","","","","","","","","","","","","","","","","","","","","","","","","","5.5","6.9","8.1","9.1","9.7","10","10.1","9.9","9.6","9.2","8.8","8.3","7.8","7.4","6.9","6.5","6.2","6","5.8","5.6","5.5","5.3","5.2","5","4.9","4.7","4.5","4.3","4.1","3.9","3.7","3.6","3.4","3.2","3","",
"Kyrgyz Republic","KGZ","Prevalence of HIV, total (% of population ages 15-49)","SH.DYN.AIDS.ZS","","","","","","","","","","","","","","","","","","","","","","","","","","","","","","","0.1","0.1","0.1","0.1","0.1","0.1","0.1","0.1","0.1","0.1","0.1","0.1","0.1","0.1","0.1","0.1","0.1","0.1","0.1","0.1","0.1","0.1","0.2","0.2","0.2","0.2","0.2","0.2","0.2","0.2","0.3","0.3","0.3","0.3","0.3","",
"Cambodia","KHM","Prevalence of HIV, total (% of population ages 15-49)","SH.DYN.AIDS.ZS","","","","","","","","","","","","","","","","","","","","","","","","","","","","","","","0.1","0.1","0.1","0.2","0.4","0.6","0.8","0.9","1.1","1.1","1.2","1.1","1.1","1.1","1","1","1","0.9","0.9","0.9","0.9","0.9","0.8","0.8","0.8","0.8","0.7","0.7","0.7","0.6","0.6","0.6","0.6","0.5","0.5","",
"Kiribati","KIR","Prevalence of HIV, total (% of population ages 15-49)","SH.DYN.AIDS.ZS","","","","","","","","","","","","","","","","","","","","","","","","","","","","","","","","","","","","","","","","","","","","","","","","","","","","","","","","","","","","","","","","","","",
"St. Kitts and Nevis","KNA","Prevalence of HIV, total (% of population ages 15-49)","SH.DYN.AIDS.ZS","","","","","","","","","","","","","","","","","","","","","","","","","","","","","","","0.2","0.3","0.3","0.3","0.3","0.3","0.3","0.3","0.3","0.3","0.4","0.4","0.4","0.4","0.4","0.4","0.4","0.4","0.5","0.5","0.5","0.5","0.5","0.6","0.6","0.6","0.6","0.6","0.7","0.7","0.7","0.7","0.7","0.8","0.8","",
"Korea, Rep.","KOR","Prevalence of HIV, total (% of population ages 15-49)","SH.DYN.AIDS.ZS","","","","","","","","","","","","","","","","","","","","","","","","","","","","","","","","","","","","","","","","","","","","","","","","","","","","","","","","","","","","","","","","","","",
"Kuwait","KWT","Prevalence of HIV, total (% of population ages 15-49)","SH.DYN.AIDS.ZS","","","","","","","","","","","","","","","","","","","","","","","","","","","","","","","0.1","0.1","0.1","0.1","0.1","0.1","0.1","0.1","0.1","0.1","0.1","0.1","0.1","0.1","0.1","0.1","0.1","0.1","0.1","0.1","0.1","0.1","0.1","0.1","0.1","0.1","0.1","0.1","0.1","0.1","0.1","0.1","0.1","0.1","0.1","",
"Latin America & Caribbean (excluding high income)","LAC","Prevalence of HIV, total (% of population ages 15-49)","SH.DYN.AIDS.ZS","","","","","","","","","","","","","","","","","","","","","","","","","","","","","","","0.158627536909232","0.212889652568747","0.24108513972618","0.250858940711641","0.259578973950288","0.313630549668572","0.339560363022978","0.355808751361675","0.36231099691737","0.364745403333538","0.364699420767881","0.372309939777431","0.373810805092113","0.372609322188598","0.37224270171564","0.386136960998971","0.391945748900213","0.386392425284407","0.388541819432619","0.426290315429578","0.423440973501586","0.425579660407177","0.426497819783511","0.464760113124175","0.48685980597312","0.488221099750489","0.525796353291948","0.522602620033077","0.517288987090325","0.526454054605873","0.566691449713738","0.566193348031532","0.565610821105834","0.564949284125655","0.584103509384814","",
"Lao PDR","LAO","Prevalence of HIV, total (% of population ages 15-49)","SH.DYN.AIDS.ZS","","","","","","","","","","","","","","","","","","","","","","","","","","","","","","","0.1","0.1","0.1","0.1","0.1","0.1","0.1","0.1","0.1","0.1","0.1","0.1","0.1","0.1","0.2","0.2","0.2","0.2","0.2","0.2","0.3","0.3","0.3","0.3","0.3","0.3","0.3","0.3","0.4","0.4","0.4","0.4","0.4","0.4","0.4","",
"Lebanon","LBN","Prevalence of HIV, total (% of population ages 15-49)","SH.DYN.AIDS.ZS","","","","","","","","","","","","","","","","","","","","","","","","","","","","","","","0.1","0.1","0.1","0.1","0.1","0.1","0.1","0.1","0.1","0.1","0.1","0.1","0.1","0.1","0.1","0.1","0.1","0.1","0.1","0.1","0.1","0.1","0.1","0.1","0.1","0.1","0.1","0.1","0.1","0.1","0.1","0.1","0.1","0.1","0.1","",
"Liberia","LBR","Prevalence of HIV, total (% of population ages 15-49)","SH.DYN.AIDS.ZS","","","","","","","","","","","","","","","","","","","","","","","","","","","","","","","1.8","2.2","2.4","2.7","2.8","2.8","2.9","2.9","2.9","2.8","2.7","2.6","2.5","2.4","2.3","2.2","2","1.9","1.9","1.8","1.7","1.6","1.6","1.5","1.4","1.4","1.3","1.3","1.2","1.2","1.1","1.1","1","1","0.9","",
"Libya","LBY","Prevalence of HIV, total (% of population ages 15-49)","SH.DYN.AIDS.ZS","","","","","","","","","","","","","","","","","","","","","","","","","","","","","","","0.1","0.1","0.1","0.1","0.1","0.1","0.1","0.1","0.1","0.1","0.1","0.1","0.1","0.1","0.1","0.1","0.1","0.1","0.1","0.1","0.1","0.1","0.1","0.1","0.1","0.1","0.1","0.1","0.1","0.1","0.1","0.1","0.1","0.1","0.1","",
"St. Lucia","LCA","Prevalence of HIV, total (% of population ages 15-49)","SH.DYN.AIDS.ZS","","","","","","","","","","","","","","","","","","","","","","","","","","","","","","","0.1","0.1","0.1","0.2","0.2","0.2","0.2","0.2","0.2","0.2","0.2","0.2","0.2","0.2","0.2","0.3","0.3","0.3","0.3","0.3","0.3","0.3","0.4","0.4","0.4","0.4","0.4","0.4","0.4","0.4","0.4","0.4","0.4","0.4","0.4","",
"Latin America & Caribbean","LCN","Prevalence of HIV, total (% of population ages 15-49)","SH.DYN.AIDS.ZS","","","","","","","","","","","","","","","","","","","","","","","","","","","","","","","0.155386863789162","0.205183862608861","0.231047708663088","0.240760230189451","0.248808736829749","0.298554113003496","0.326929398032486","0.342426123167266","0.351638837081071","0.358541411235721","0.358693475038066","0.371277991551002","0.37326243659695","0.377212467152504","0.381832892160232","0.394570297060622","0.402933747705802","0.399504518324682","0.40140889334832","0.435523686807164","0.433093142189808","0.430006399566851","0.435243611872511","0.469772988195604","0.489771808989004","0.490949318775355","0.52584512965892","0.525855274772262","0.521795698590567","0.53010798802032","0.566798504601525","0.570130103082729","0.569637226339788","0.573224297379986","0.593635392962541","",
"Least developed countries: UN classification","LDC","Prevalence of HIV, total (% of population ages 15-49)","SH.DYN.AIDS.ZS","","","","","","","","","","","","","","","","","","","","","","","","","","","","","","","1.58347281611451","1.78108828051737","1.94910991432992","2.09192139983889","2.18707516549866","2.24921633906275","2.29439225816014","2.32018777388277","2.31798425737845","2.29729063320644","2.27081981425253","2.23977051639992","2.18702669601988","2.13612816908206","2.08949521545954","2.03610309367699","1.99406069346623","1.9718025158291","1.94854853224245","1.93679563297075","1.92710475288258","1.91178060705675","1.90488119155081","1.8838455819567","1.88290290455751","1.86105706055608","1.84359799376156","1.81402807995018","1.79283431317694","1.75440719889367","1.71632677336603","1.66875992343227","1.62669685675982","1.56941090434268","1.51479481544245","",
"Low income","LIC","Prevalence of HIV, total (% of population ages 15-49)","SH.DYN.AIDS.ZS","","","","","","","","","","","","","","","","","","","","","","","","","","","","","","","2.19400034332774","2.41653766194698","2.59240724776694","2.71518853488025","2.81325451922771","2.85901139459849","2.92616503069363","2.95916675577831","2.98237602497836","2.95347616888852","2.92586799469005","2.88275418312575","2.81065538658912","2.73342165151637","2.68304959593628","2.61653163456502","2.54362865863692","2.48685244685886","2.44395235600297","2.43118513648986","2.39355888565962","2.36536678852393","2.35211320467665","2.32462643191657","2.32352232129057","2.29187481353916","2.26117801279084","2.20682623682062","2.1623665312457","2.11374400670722","2.04663247475452","1.98941744595027","1.92557413530265","1.86093258933068","1.77804071428628","",
"Liechtenstein","LIE","Prevalence of HIV, total (% of population ages 15-49)","SH.DYN.AIDS.ZS","","","","","","","","","","","","","","","","","","","","","","","","","","","","","","","","","","","","","","","","","","","","","","","","","","","","","","","","","","","","","","","","","","",
"Sri Lanka","LKA","Prevalence of HIV, total (% of population ages 15-49)","SH.DYN.AIDS.ZS","","","","","","","","","","","","","","","","","","","","","","","","","","","","","","","0.1","0.1","0.1","0.1","0.1","0.1","0.1","0.1","0.1","0.1","0.1","0.1","0.1","0.1","0.1","0.1","0.1","0.1","0.1","0.1","0.1","0.1","0.1","0.1","0.1","0.1","0.1","0.1","0.1","0.1","0.1","0.1","0.1","0.1","0.1","",
"Lower middle income","LMC","Prevalence of HIV, total (% of population ages 15-49)","SH.DYN.AIDS.ZS","","","","","","","","","","","","","","","","","","","","","","","","","","","","","","","","","","","","","","","","","","","","","","","","","","","","","","","","","","","","","","","","","0.628044189591045","",
"Low & middle income","LMY","Prevalence of HIV, total (% of population ages 15-49)","SH.DYN.AIDS.ZS","","","","","","","","","","","","","","","","","","","","","","","","","","","","","","","","","","","","","","","","","","","","","","","","","","","","","","","","","","","","","","","","","0.968805876682913","",
"Lesotho","LSO","Prevalence of HIV, total (% of population ages 15-49)","SH.DYN.AIDS.ZS","","","","","","","","","","","","","","","","","","","","","","","","","","","","","","","2.3","3.8","5.8","8.3","11.2","14.1","16.6","18.6","20.1","21.2","22","22.5","22.8","23.1","23.2","23.3","23.5","23.8","24.2","24.6","24.8","24.9","24.9","24.9","24.7","24.3","23.8","23.1","22.3","21.5","20.7","19.8","18.9","18","17.1","",
"Late-demographic dividend","LTE","Prevalence of HIV, total (% of population ages 15-49)","SH.DYN.AIDS.ZS","","","","","","","","","","","","","","","","","","","","","","","","","","","","","","","","","","","","","","","","","","","","","","","","","","","","","","","","","","","","","","","","","","",
"Lithuania","LTU","Prevalence of HIV, total (% of population ages 15-49)","SH.DYN.AIDS.ZS","","","","","","","","","","","","","","","","","","","","","","","","","","","","","","","0.1","0.1","0.1","0.1","0.1","0.1","0.1","0.1","0.1","0.1","0.1","0.1","0.1","0.1","0.1","0.1","0.1","0.1","0.1","0.1","0.1","0.1","0.1","0.1","0.2","0.2","0.2","0.2","0.2","0.2","0.2","0.2","0.2","0.2","0.2","",
"Luxembourg","LUX","Prevalence of HIV, total (% of population ages 15-49)","SH.DYN.AIDS.ZS","","","","","","","","","","","","","","","","","","","","","","","","","","","","","","","0.1","0.1","0.1","0.1","0.1","0.1","0.1","0.1","0.1","0.1","0.1","0.2","0.2","0.2","0.2","0.2","0.2","0.2","0.2","0.2","0.2","0.2","0.2","0.2","0.2","0.2","0.2","0.2","0.2","0.2","0.2","0.2","0.2","0.3","0.3","",
"Latvia","LVA","Prevalence of HIV, total (% of population ages 15-49)","SH.DYN.AIDS.ZS","","","","","","","","","","","","","","","","","","","","","","","","","","","","","","","0.1","0.1","0.1","0.1","0.1","0.1","0.1","0.1","0.2","0.2","0.3","0.3","0.3","0.4","0.4","0.4","0.4","0.5","0.5","0.5","0.5","0.5","0.6","0.6","0.6","0.6","0.6","0.6","0.6","0.6","0.6","0.6","0.6","0.5","0.5","",
"Macao SAR, China","MAC","Prevalence of HIV, total (% of population ages 15-49)","SH.DYN.AIDS.ZS","","","","","","","","","","","","","","","","","","","","","","","","","","","","","","","","","","","","","","","","","","","","","","","","","","","","","","","","","","","","","","","","","","",
"St. Martin (French part)","MAF","Prevalence of HIV, total (% of population ages 15-49)","SH.DYN.AIDS.ZS","","","","","","","","","","","","","","","","","","","","","","","","","","","","","","","","","","","","","","","","","","","","","","","","","","","","","","","","","","","","","","","","","","",
"Morocco","MAR","Prevalence of HIV, total (% of population ages 15-49)","SH.DYN.AIDS.ZS","","","","","","","","","","","","","","","","","","","","","","","","","","","","","","","0.1","0.1","0.1","0.1","0.1","0.1","0.1","0.1","0.1","0.1","0.1","0.1","0.1","0.1","0.1","0.1","0.1","0.1","0.1","0.1","0.1","0.1","0.1","0.1","0.1","0.1","0.1","0.1","0.1","0.1","0.1","0.1","0.1","0.1","0.1","",
"Monaco","MCO","Prevalence of HIV, total (% of population ages 15-49)","SH.DYN.AIDS.ZS","","","","","","","","","","","","","","","","","","","","","","","","","","","","","","","","","","","","","","","","","","","","","","","","","","","","","","","","","","","","","","","","","","",
"Moldova","MDA","Prevalence of HIV, total (% of population ages 15-49)","SH.DYN.AIDS.ZS","","","","","","","","","","","","","","","","","","","","","","","","","","","","","","","0.1","0.1","0.1","0.1","0.1","0.1","0.2","0.2","0.3","0.4","0.4","0.5","0.6","0.6","0.6","0.7","0.7","0.8","0.8","0.8","0.8","0.8","0.9","0.9","0.9","0.9","0.9","0.9","0.9","0.9","0.9","0.9","0.9","0.9","0.9","",
"Madagascar","MDG","Prevalence of HIV, total (% of population ages 15-49)","SH.DYN.AIDS.ZS","","","","","","","","","","","","","","","","","","","","","","","","","","","","","","","0.1","0.1","0.1","0.1","0.1","0.1","0.1","0.1","0.1","0.1","0.1","0.1","0.1","0.1","0.1","0.1","0.1","0.2","0.2","0.2","0.2","0.2","0.2","0.2","0.3","0.3","0.3","0.3","0.3","0.3","0.3","0.4","0.4","0.4","0.5","",
"Maldives","MDV","Prevalence of HIV, total (% of population ages 15-49)","SH.DYN.AIDS.ZS","","","","","","","","","","","","","","","","","","","","","","","","","","","","","","","0.1","0.1","0.1","0.1","0.1","0.1","0.1","0.1","0.1","0.1","0.1","0.1","0.1","0.1","0.1","0.1","0.1","0.1","0.1","0.1","0.1","0.1","0.1","0.1","0.1","0.1","0.1","0.1","0.1","0.1","0.1","0.1","0.1","0.1","0.1","",
"Middle East, North Africa, Afghanistan & Pakistan","MEA","Prevalence of HIV, total (% of population ages 15-49)","SH.DYN.AIDS.ZS","","","","","","","","","","","","","","","","","","","","","","","","","","","","","","","0.10145274757645","0.102112580445723","0.102957684497608","0.103341026348486","0.104002719919645","0.104444240337974","0.104943712471377","0.105373425534364","0.105856408260103","0.10611335212731","0.106335579725529","0.106380876406031","0.106420543562125","0.106189425636872","0.10590154699863","0.10563413671613","0.105412982616619","0.105038650395129","0.104670057331441","0.104561847105924","0.104222891991021","0.104044811325875","0.103699059240451","0.103359318636406","0.103202336334607","0.102866819847641","0.102707212051871","0.102551532231465","0.136879669859664","0.136772363528689","0.136605249246773","0.136714085264137","0.136429239294866","0.136236535454257","0.135904223484885","",
"Mexico","MEX","Prevalence of HIV, total (% of population ages 15-49)","SH.DYN.AIDS.ZS","","","","","","","","","","","","","","","","","","","","","","","","","","","","","","","0.1","0.1","0.1","0.1","0.1","0.1","0.2","0.2","0.2","0.2","0.2","0.2","0.2","0.2","0.2","0.3","0.3","0.3","0.3","0.3","0.3","0.3","0.3","0.3","0.4","0.4","0.4","0.4","0.4","0.4","0.4","0.4","0.4","0.4","0.5","",
"Marshall Islands","MHL","Prevalence of HIV, total (% of population ages 15-49)","SH.DYN.AIDS.ZS","","","","","","","","","","","","","","","","","","","","","","","","","","","","","","","","","","","","","","","","","","","","","","","","","","","","","","","","","","","","","","","","","","",
"Middle income","MIC","Prevalence of HIV, total (% of population ages 15-49)","SH.DYN.AIDS.ZS","","","","","","","","","","","","","","","","","","","","","","","","","","","","","","","","","","","","","","","","","","","","","","","","","","","","","","","","","","","","","","","","","0.86530277205551","",
"North Macedonia","MKD","Prevalence of HIV, total (% of population ages 15-49)","SH.DYN.AIDS.ZS","","","","","","","","","","","","","","","","","","","","","","","","","","","","","","","0.1","0.1","0.1","0.1","0.1","0.1","0.1","0.1","0.1","0.1","0.1","0.1","0.1","0.1","0.1","0.1","0.1","0.1","0.1","0.1","0.1","0.1","0.1","0.1","0.1","0.1","0.1","0.1","0.1","0.1","0.1","0.1","0.1","0.1","0.1","",
"Mali","MLI","Prevalence of HIV, total (% of population ages 15-49)","SH.DYN.AIDS.ZS","","","","","","","","","","","","","","","","","","","","","","","","","","","","","","","1","1.2","1.4","1.5","1.6","1.7","1.8","1.8","1.8","1.7","1.7","1.7","1.6","1.6","1.5","1.5","1.4","1.4","1.4","1.4","1.3","1.3","1.3","1.2","1.2","1.2","1.1","1.1","1","1","0.9","0.9","0.8","0.8","0.8","",
"Malta","MLT","Prevalence of HIV, total (% of population ages 15-49)","SH.DYN.AIDS.ZS","","","","","","","","","","","","","","","","","","","","","","","","","","","","","","","0.1","0.1","0.1","0.1","0.1","0.1","0.1","0.1","0.1","0.1","0.1","0.1","0.1","0.1","0.1","0.1","0.1","0.1","0.1","0.2","0.2","0.2","0.2","0.2","0.2","0.2","0.2","0.2","0.2","0.2","0.2","0.3","0.3","0.3","0.3","",
"Myanmar","MMR","Prevalence of HIV, total (% of population ages 15-49)","SH.DYN.AIDS.ZS","","","","","","","","","","","","","","","","","","","","","","","","","","","","","","","0.1","0.2","0.2","0.3","0.3","0.4","0.4","0.5","0.5","0.6","0.6","0.7","0.7","0.8","0.8","0.8","0.8","0.9","0.9","0.9","0.9","0.9","0.9","0.9","0.9","0.9","0.9","0.9","0.9","0.9","0.9","0.9","0.9","0.9","0.9","",
"Middle East, North Africa, Afghanistan & Pakistan (excluding high income)","MNA","Prevalence of HIV, total (% of population ages 15-49)","SH.DYN.AIDS.ZS","","","","","","","","","","","","","","","","","","","","","","","","","","","","","","","0.101547740891986","0.102249868547524","0.103156065661483","0.103568647242239","0.10427868764257","0.104754086827059","0.105293153357654","0.105759828510324","0.106284733765451","0.106567590364959","0.10681626479029","0.10687848531752","0.106936421687816","0.106701913308269","0.106404862066979","0.106129585382421","0.105907820890785","0.105522593986158","0.105139576319801","0.104954686548837","0.104578094289247","0.104396527822108","0.104030729450181","0.103669916953227","0.10350258705402","0.103139524806234","0.102967772992918","0.102788242527944","0.141207077214544","0.14098402871358","0.14080860112845","0.140702692419339","0.140528417670852","0.140411696362105","0.140129032481774","",
"Montenegro","MNE","Prevalence of HIV, total (% of population ages 15-49)","SH.DYN.AIDS.ZS","","","","","","","","","","","","","","","","","","","","","","","","","","","","","","","0.1","0.1","0.1","0.1","0.1","0.1","0.1","0.1","0.1","0.1","0.1","0.1","0.1","0.1","0.1","0.1","0.1","0.1","0.1","0.1","0.1","0.1","0.1","0.1","0.1","0.1","0.1","0.1","0.1","0.1","0.1","0.1","0.1","0.1","0.1","",
"Mongolia","MNG","Prevalence of HIV, total (% of population ages 15-49)","SH.DYN.AIDS.ZS","","","","","","","","","","","","","","","","","","","","","","","","","","","","","","","0.1","0.1","0.1","0.1","0.1","0.1","0.1","0.1","0.1","0.1","0.1","0.1","0.1","0.1","0.1","0.1","0.1","0.1","0.1","0.1","0.1","0.1","0.1","0.1","0.1","0.1","0.1","0.1","0.1","0.1","0.1","0.1","0.1","0.1","0.1","",
"Northern Mariana Islands","MNP","Prevalence of HIV, total (% of population ages 15-49)","SH.DYN.AIDS.ZS","","","","","","","","","","","","","","","","","","","","","","","","","","","","","","","","","","","","","","","","","","","","","","","","","","","","","","","","","","","","","","","","","","",
"Mozambique","MOZ","Prevalence of HIV, total (% of population ages 15-49)","SH.DYN.AIDS.ZS","","","","","","","","","","","","","","","","","","","","","","","","","","","","","","","1.8","2.3","2.9","3.5","4.2","4.9","5.7","6.5","7.3","8.1","8.8","9.4","9.9","10.3","10.6","10.9","11.1","11.3","11.6","11.8","12","12.3","12.4","12.6","12.7","12.8","12.9","12.8","12.8","12.7","12.6","12.4","12.1","11.8","11.5","",
"Mauritania","MRT","Prevalence of HIV, total (% of population ages 15-49)","SH.DYN.AIDS.ZS","","","","","","","","","","","","","","","","","","","","","","","","","","","","","","","0.2","0.2","0.3","0.3","0.4","0.5","0.5","0.6","0.6","0.7","0.7","0.7","0.7","0.7","0.7","0.7","0.6","0.6","0.6","0.5","0.5","0.4","0.4","0.4","0.3","0.3","0.3","0.2","0.2","0.2","0.2","0.2","0.2","0.1","0.1","",
"Mauritius","MUS","Prevalence of HIV, total (% of population ages 15-49)","SH.DYN.AIDS.ZS","","","","","","","","","","","","","","","","","","","","","","","","","","","","","","","","","","","","","","","","","","","","","","","","","","","","","","","","","","","","","","","","","","",
"Malawi","MWI","Prevalence of HIV, total (% of population ages 15-49)","SH.DYN.AIDS.ZS","","","","","","","","","","","","","","","","","","","","","","","","","","","","","","","9","10.6","12.1","13.4","14.4","15.2","15.7","16","16","15.7","15.3","14.8","14.3","13.6","12.9","12.3","11.8","11.3","11.1","10.9","10.7","10.5","10.3","10.1","9.9","9.6","9.4","9","8.7","8.3","7.9","7.4","7","6.6","6.2","",
"Malaysia","MYS","Prevalence of HIV, total (% of population ages 15-49)","SH.DYN.AIDS.ZS","","","","","","","","","","","","","","","","","","","","","","","","","","","","","","","0.2","0.3","0.3","0.3","0.3","0.4","0.4","0.4","0.4","0.4","0.4","0.4","0.4","0.4","0.4","0.4","0.4","0.4","0.4","0.4","0.4","0.4","0.4","0.4","0.4","0.4","0.4","0.3","0.3","0.3","0.3","0.3","0.3","0.3","0.3","",
"North America","NAC","Prevalence of HIV, total (% of population ages 15-49)","SH.DYN.AIDS.ZS","","","","","","","","","","","","","","","","","","","","","","","","","","","","","","","","","","","","","","","","","","","","","","","","","","","","","","","","","","","","","","","","","","",
"Namibia","NAM","Prevalence of HIV, total (% of population ages 15-49)","SH.DYN.AIDS.ZS","","","","","","","","","","","","","","","","","","","","","","","","","","","","","","","2.2","3","4","5.3","6.8","8.3","9.8","11.1","12.1","12.9","13.4","13.7","13.8","13.8","13.6","13.4","13.3","13.2","13.2","13.1","13.1","13.1","13","12.8","12.6","12.4","12.1","11.8","11.5","11.1","10.6","10.2","9.8","9.4","9","",
"New Caledonia","NCL","Prevalence of HIV, total (% of population ages 15-49)","SH.DYN.AIDS.ZS","","","","","","","","","","","","","","","","","","","","","","","","","","","","","","","","","","","","","","","","","","","","","","","","","","","","","","","","","","","","","","","","","","",
"Niger","NER","Prevalence of HIV, total (% of population ages 15-49)","SH.DYN.AIDS.ZS","","","","","","","","","","","","","","","","","","","","","","","","","","","","","","","0.2","0.3","0.4","0.5","0.6","0.6","0.7","0.7","0.7","0.7","0.7","0.7","0.6","0.6","0.6","0.5","0.5","0.5","0.4","0.4","0.4","0.3","0.3","0.3","0.3","0.3","0.2","0.2","0.2","0.2","0.2","0.2","0.2","0.2","0.2","",
"Nigeria","NGA","Prevalence of HIV, total (% of population ages 15-49)","SH.DYN.AIDS.ZS","","","","","","","","","","","","","","","","","","","","","","","","","","","","","","","1","1.1","1.3","1.5","1.7","1.9","2","2.1","2.2","2.2","2.2","2.2","2.2","2.2","2.2","2.1","2.1","2","2","2","2","1.9","1.9","1.8","1.8","1.7","1.7","1.6","1.6","1.5","1.4","1.4","1.3","1.2","1.2","",
"Nicaragua","NIC","Prevalence of HIV, total (% of population ages 15-49)","SH.DYN.AIDS.ZS","","","","","","","","","","","","","","","","","","","","","","","","","","","","","","","","","","","","","","","","","","","","","","","","","","","","","","","","","","","","","","","","","","",
"Netherlands","NLD","Prevalence of HIV, total (% of population ages 15-49)","SH.DYN.AIDS.ZS","","","","","","","","","","","","","","","","","","","","","","","","","","","","","","","0.1","0.1","0.1","0.1","0.1","0.1","0.1","0.1","0.1","0.1","0.1","0.1","0.1","0.1","0.1","0.1","0.2","0.2","0.2","0.2","0.2","0.2","0.2","0.2","0.2","0.2","0.2","0.2","0.2","0.2","0.2","0.2","0.2","0.1","","",
"Norway","NOR","Prevalence of HIV, total (% of population ages 15-49)","SH.DYN.AIDS.ZS","","","","","","","","","","","","","","","","","","","","","","","","","","","","","","","0.1","0.1","0.1","0.1","0.1","0.1","0.1","0.1","0.1","0.1","0.1","0.1","0.1","0.1","0.1","0.1","0.1","0.1","0.1","0.1","0.1","0.1","0.1","0.1","0.1","0.1","0.1","0.1","0.1","0.1","0.1","0.1","0.1","0.1","0.1","",
"Nepal","NPL","Prevalence of HIV, total (% of population ages 15-49)","SH.DYN.AIDS.ZS","","","","","","","","","","","","","","","","","","","","","","","","","","","","","","","0.1","0.1","0.1","0.1","0.1","0.1","0.1","0.1","0.1","0.1","0.2","0.2","0.2","0.2","0.3","0.3","0.3","0.3","0.3","0.3","0.3","0.2","0.2","0.2","0.2","0.2","0.2","0.2","0.2","0.2","0.2","0.1","0.1","0.1","0.1","",
"Nauru","NRU","Prevalence of HIV, total (% of population ages 15-49)","SH.DYN.AIDS.ZS","","","","","","","","","","","","","","","","","","","","","","","","","","","","","","","","","","","","","","","","","","","","","","","","","","","","","","","","","","","","","","","","","","",
"New Zealand","NZL","Prevalence of HIV, total (% of population ages 15-49)","SH.DYN.AIDS.ZS","","","","","","","","","","","","","","","","","","","","","","","","","","","","","","","0.1","0.1","0.1","0.1","0.1","0.1","0.1","0.1","0.1","0.1","0.1","0.1","0.1","0.1","0.1","0.1","0.1","0.1","0.1","0.1","0.1","0.1","0.1","0.1","0.1","0.1","0.1","0.1","0.1","0.1","0.1","0.1","0.1","0.1","0.1","",
"OECD members","OED","Prevalence of HIV, total (% of population ages 15-49)","SH.DYN.AIDS.ZS","","","","","","","","","","","","","","","","","","","","","","","","","","","","","","","","","","","","","","","","","","","","","","","","","","","","","","","","","","","","","","","","","","",
"Oman","OMN","Prevalence of HIV, total (% of population ages 15-49)","SH.DYN.AIDS.ZS","","","","","","","","","","","","","","","","","","","","","","","","","","","","","","","0.1","0.1","0.1","0.1","0.1","0.1","0.1","0.1","0.1","0.1","0.1","0.1","0.1","0.1","0.1","0.1","0.1","0.1","0.1","0.1","0.1","0.1","0.1","0.1","0.1","0.1","0.1","0.1","0.1","0.1","0.1","0.1","0.1","0.1","0.1","",
"Other small states","OSS","Prevalence of HIV, total (% of population ages 15-49)","SH.DYN.AIDS.ZS","","","","","","","","","","","","","","","","","","","","","","","","","","","","","","","0.325823646688492","0.503461812259448","0.80234504649471","1.18313825467159","1.5862075810758","2.03734766696517","2.535214962881","2.97777073731675","3.36596068027519","3.71656251006119","3.99636849528201","4.14747090870579","4.24594624729203","4.29792019377655","4.34290408616096","4.35234789107976","4.37544492549039","4.37131391921922","4.40630129750142","4.43024378084928","4.4659748137063","4.52025914467744","4.54426258836226","4.56377852713075","4.57241455292718","4.51599763321815","4.44188366083062","4.35235199445767","4.24589455639014","4.14854549602071","4.04002084848341","3.9461204013842","3.80819047044468","3.66708391807829","3.53625584798715","",
"Pakistan","PAK","Prevalence of HIV, total (% of population ages 15-49)","SH.DYN.AIDS.ZS","","","","","","","","","","","","","","","","","","","","","","","","","","","","","","","0.1","0.1","0.1","0.1","0.1","0.1","0.1","0.1","0.1","0.1","0.1","0.1","0.1","0.1","0.1","0.1","0.1","0.1","0.1","0.1","0.1","0.1","0.1","0.1","0.1","0.1","0.1","0.1","0.2","0.2","0.2","0.2","0.2","0.2","0.2","",
"Panama","PAN","Prevalence of HIV, total (% of population ages 15-49)","SH.DYN.AIDS.ZS","","","","","","","","","","","","","","","","","","","","","","","","","","","","","","","0.3","0.4","0.4","0.5","0.5","0.6","0.6","0.7","0.7","0.7","0.7","0.7","0.8","0.8","0.8","0.8","0.8","0.9","0.9","0.9","0.9","0.9","1","1","1","1","1","1","1.1","1.1","1.1","1.1","1.1","1.1","1.1","",
"Peru","PER","Prevalence of HIV, total (% of population ages 15-49)","SH.DYN.AIDS.ZS","","","","","","","","","","","","","","","","","","","","","","","","","","","","","","","0.3","0.4","0.4","0.4","0.4","0.4","0.4","0.4","0.4","0.4","0.4","0.4","0.4","0.4","0.4","0.3","0.3","0.3","0.3","0.3","0.3","0.3","0.4","0.4","0.4","0.4","0.4","0.4","0.4","0.4","0.4","0.4","0.4","0.4","0.4","",
"Philippines","PHL","Prevalence of HIV, total (% of population ages 15-49)","SH.DYN.AIDS.ZS","","","","","","","","","","","","","","","","","","","","","","","","","","","","","","","0.1","0.1","0.1","0.1","0.1","0.1","0.1","0.1","0.1","0.1","0.1","0.1","0.1","0.1","0.1","0.1","0.1","0.1","0.1","0.1","0.1","0.1","0.1","0.1","0.1","0.1","0.1","0.1","0.2","0.2","0.2","0.2","0.3","0.3","0.3","",
"Palau","PLW","Prevalence of HIV, total (% of population ages 15-49)","SH.DYN.AIDS.ZS","","","","","","","","","","","","","","","","","","","","","","","","","","","","","","","","","","","","","","","","","","","","","","","","","","","","","","","","","","","","","","","","","","",
"Papua New Guinea","PNG","Prevalence of HIV, total (% of population ages 15-49)","SH.DYN.AIDS.ZS","","","","","","","","","","","","","","","","","","","","","","","","","","","","","","","0.2","0.3","0.3","0.4","0.4","0.5","0.5","0.5","0.6","0.6","0.7","0.7","0.8","0.8","0.8","0.9","0.9","0.9","1","1","1","1","1.1","1.1","1.1","1.1","1.2","1.2","1.2","1.3","1.3","1.4","1.4","1.4","1.5","",
"Poland","POL","Prevalence of HIV, total (% of population ages 15-49)","SH.DYN.AIDS.ZS","","","","","","","","","","","","","","","","","","","","","","","","","","","","","","","","","","","","","","","","","","","","","","","","","","","","","","","","","","","","","","","","","","",
"Pre-demographic dividend","PRE","Prevalence of HIV, total (% of population ages 15-49)","SH.DYN.AIDS.ZS","","","","","","","","","","","","","","","","","","","","","","","","","","","","","","","2.32015329682263","2.63171496825636","2.91937185473917","3.15614304778664","3.34857832920419","3.48374071022069","3.5664893680765","3.61757567543866","3.63905611489702","3.60469146301916","3.56172137994773","3.49075163869162","3.40683497435039","3.31792613013266","3.23470633160264","3.12595103275023","3.05361697470155","2.98094403234177","2.9328561491119","2.89883977788146","2.85988354274168","2.80527902807317","2.77295542419581","2.70855979842896","2.68242482033676","2.6181362171941","2.57405909860479","2.50427281536591","2.45187183247925","2.37683421761303","2.29067315361695","2.23610363461426","2.14704686412995","2.05556731944676","1.97480473407962","",
"Puerto Rico (US)","PRI","Prevalence of HIV, total (% of population ages 15-49)","SH.DYN.AIDS.ZS","","","","","","","","","","","","","","","","","","","","","","","","","","","","","","","","","","","","","","","","","","","","","","","","","","","","","","","","","","","","","","","","","","",
"Korea, Dem. People's Rep.","PRK","Prevalence of HIV, total (% of population ages 15-49)","SH.DYN.AIDS.ZS","","","","","","","","","","","","","","","","","","","","","","","","","","","","","","","","","","","","","","","","","","","","","","","","","","","","","","","","","","","","","","","","","","",
"Portugal","PRT","Prevalence of HIV, total (% of population ages 15-49)","SH.DYN.AIDS.ZS","","","","","","","","","","","","","","","","","","","","","","","","","","","","","","","0.2","0.3","0.3","0.4","0.4","0.4","0.5","0.5","0.5","0.5","0.5","0.6","0.6","0.6","0.6","0.6","0.6","0.6","0.6","0.6","0.6","0.6","0.6","0.6","0.6","0.6","0.6","0.6","0.6","0.5","0.5","0.5","0.5","0.5","0.5","",
"Paraguay","PRY","Prevalence of HIV, total (% of population ages 15-49)","SH.DYN.AIDS.ZS","","","","","","","","","","","","","","","","","","","","","","","","","","","","","","","0.1","0.1","0.1","0.1","0.1","0.1","0.1","0.1","0.1","0.1","0.2","0.2","0.2","0.2","0.2","0.2","0.3","0.3","0.3","0.3","0.3","0.3","0.4","0.4","0.4","0.4","0.4","0.4","0.4","0.5","0.5","0.5","0.5","0.5","0.5","",
"West Bank and Gaza","PSE","Prevalence of HIV, total (% of population ages 15-49)","SH.DYN.AIDS.ZS","","","","","","","","","","","","","","","","","","","","","","","","","","","","","","","","","","","","","","","","","","","","","","","","","","","","","","","","","","","","","","","","","","",
"Pacific island small states","PSS","Prevalence of HIV, total (% of population ages 15-49)","SH.DYN.AIDS.ZS","","","","","","","","","","","","","","","","","","","","","","","","","","","","","","","0.1","0.1","0.1","0.100677140056718","0.100670877483409","0.100664478561078","0.100656879133028","0.100647176630086","0.100636391396866","0.100624862461181","0.100613025142272","0.100601887850157","0.100591158853587","0.100585727363497","0.100586656591028","0.101177984281347","0.101182724964781","0.101188847825209","0.101195369541265","0.101200419999923","0.101201360486671","0.101197769375546","0.101193208096271","0.101182602938578","0.101165025315385","0.101145949564255","0.15193246940442","0.151045407649292","0.199242575711286","0.198289147344522","0.244906263978036","0.290566725105559","0.382365751588832","0.426383120649994","0.515498279032956","",
"Post-demographic dividend","PST","Prevalence of HIV, total (% of population ages 15-49)","SH.DYN.AIDS.ZS","","","","","","","","","","","","","","","","","","","","","","","","","","","","","","","","","","","","","","","","","","","","","","","","","","","","","","","","","","","","","","","","","","",
"French Polynesia","PYF","Prevalence of HIV, total (% of population ages 15-49)","SH.DYN.AIDS.ZS","","","","","","","","","","","","","","","","","","","","","","","","","","","","","","","","","","","","","","","","","","","","","","","","","","","","","","","","","","","","","","","","","","",
"Qatar","QAT","Prevalence of HIV, total (% of population ages 15-49)","SH.DYN.AIDS.ZS","","","","","","","","","","","","","","","","","","","","","","","","","","","","","","","0.1","0.1","0.1","0.1","0.1","0.1","0.1","0.1","0.1","0.1","0.1","0.1","0.1","0.1","0.1","0.1","0.1","0.1","0.1","0.1","0.1","0.1","0.1","0.1","0.1","0.1","0.1","0.1","0.1","0.1","0.1","0.1","0.1","0.1","0.1","",
"Romania","ROU","Prevalence of HIV, total (% of population ages 15-49)","SH.DYN.AIDS.ZS","","","","","","","","","","","","","","","","","","","","","","","","","","","","","","","0.1","0.1","0.1","0.1","0.1","0.1","0.1","0.1","0.1","0.1","0.1","0.1","0.1","0.1","0.1","0.1","0.1","0.1","0.1","0.1","0.1","0.1","0.1","0.1","0.1","0.1","0.1","0.1","0.1","0.2","0.2","0.2","0.2","0.2","0.2","",
"Russian Federation","RUS","Prevalence of HIV, total (% of population ages 15-49)","SH.DYN.AIDS.ZS","","","","","","","","","","","","","","","","","","","","","","","","","","","","","","","","","","","","","","","","","","","","","","","","","","","","","","","","","","","","","","","","","","",
"Rwanda","RWA","Prevalence of HIV, total (% of population ages 15-49)","SH.DYN.AIDS.ZS","","","","","","","","","","","","","","","","","","","","","","","","","","","","","","","2.7","3.2","3.7","4.2","4.4","4.7","4.9","4.9","5","4.9","4.9","4.8","4.6","4.4","4.2","4.1","4","3.9","3.8","3.7","3.7","3.6","3.5","3.4","3.3","3.2","3.1","3","2.9","2.7","2.6","2.4","2.3","2.2","2","",
"South Asia","SAS","Prevalence of HIV, total (% of population ages 15-49)","SH.DYN.AIDS.ZS","","","","","","","","","","","","","","","","","","","","","","","","","","","","","","","","","","","","","","","","","","","","","","","","","","","","","","","","","","","","","","","","","0.186785804852573","",
"Saudi Arabia","SAU","Prevalence of HIV, total (% of population ages 15-49)","SH.DYN.AIDS.ZS","","","","","","","","","","","","","","","","","","","","","","","","","","","","","","","0.1","0.1","0.1","0.1","0.1","0.1","0.1","0.1","0.1","0.1","0.1","0.1","0.1","0.1","0.1","0.1","0.1","0.1","0.1","0.1","0.1","0.1","0.1","0.1","0.1","0.1","0.1","0.1","0.1","0.1","0.1","0.1","0.1","0.1","0.1","",
"Sudan","SDN","Prevalence of HIV, total (% of population ages 15-49)","SH.DYN.AIDS.ZS","","","","","","","","","","","","","","","","","","","","","","","","","","","","","","","0.1","0.1","0.1","0.1","0.1","0.1","0.1","0.1","0.1","0.1","0.1","0.1","0.1","0.1","0.1","0.1","0.1","0.1","0.1","0.1","0.1","0.1","0.1","0.1","0.1","0.1","0.1","0.1","0.1","0.1","0.1","0.2","0.2","0.2","0.2","",
"Senegal","SEN","Prevalence of HIV, total (% of population ages 15-49)","SH.DYN.AIDS.ZS","","","","","","","","","","","","","","","","","","","","","","","","","","","","","","","0.1","0.2","0.2","0.3","0.3","0.4","0.4","0.5","0.6","0.6","0.7","0.7","0.7","0.7","0.7","0.7","0.6","0.6","0.6","0.6","0.5","0.5","0.5","0.5","0.4","0.4","0.4","0.4","0.4","0.3","0.3","0.3","0.3","0.3","0.3","",
"Singapore","SGP","Prevalence of HIV, total (% of population ages 15-49)","SH.DYN.AIDS.ZS","","","","","","","","","","","","","","","","","","","","","","","","","","","","","","","0.1","0.1","0.1","0.1","0.1","0.1","0.1","0.1","0.1","0.1","0.1","0.1","0.1","0.1","0.1","0.1","0.1","0.1","0.1","0.1","0.1","0.1","0.1","0.1","0.1","0.1","0.1","0.1","0.1","0.1","0.1","0.1","0.1","0.1","0.1","",
"Solomon Islands","SLB","Prevalence of HIV, total (% of population ages 15-49)","SH.DYN.AIDS.ZS","","","","","","","","","","","","","","","","","","","","","","","","","","","","","","","0.1","0.1","0.1","0.1","0.1","0.1","0.1","0.1","0.1","0.1","0.1","0.1","0.1","0.1","0.1","0.1","0.1","0.1","0.1","0.1","0.1","0.1","0.1","0.1","0.1","0.1","0.1","0.1","0.1","0.1","0.1","0.1","0.1","0.1","0.1","",
"Sierra Leone","SLE","Prevalence of HIV, total (% of population ages 15-49)","SH.DYN.AIDS.ZS","","","","","","","","","","","","","","","","","","","","","","","","","","","","","","","0.6","0.7","0.9","1","1.1","1.2","1.3","1.4","1.5","1.6","1.6","1.7","1.7","1.7","1.7","1.7","1.6","1.6","1.6","1.6","1.6","1.6","1.6","1.6","1.6","1.6","1.6","1.6","1.6","1.5","1.5","1.5","1.5","1.4","1.4","",
"El Salvador","SLV","Prevalence of HIV, total (% of population ages 15-49)","SH.DYN.AIDS.ZS","","","","","","","","","","","","","","","","","","","","","","","","","","","","","","","0.1","0.1","0.1","0.2","0.2","0.3","0.3","0.4","0.4","0.5","0.5","0.5","0.6","0.6","0.6","0.6","0.6","0.6","0.6","0.6","0.5","0.5","0.5","0.5","0.5","0.5","0.5","0.4","0.4","0.4","0.4","0.4","0.4","0.4","0.4","",
"San Marino","SMR","Prevalence of HIV, total (% of population ages 15-49)","SH.DYN.AIDS.ZS","","","","","","","","","","","","","","","","","","","","","","","","","","","","","","","","","","","","","","","","","","","","","","","","","","","","","","","","","","","","","","","","","","",
"Somalia, Fed. Rep.","SOM","Prevalence of HIV, total (% of population ages 15-49)","SH.DYN.AIDS.ZS","","","","","","","","","","","","","","","","","","","","","","","","","","","","","","","0.2","0.3","0.3","0.3","0.3","0.3","0.3","0.3","0.3","0.3","0.3","0.3","0.2","0.2","0.2","0.2","0.2","0.2","0.2","0.2","0.1","0.1","0.1","0.1","0.1","0.1","0.1","0.1","0.1","0.1","0.1","0.1","0.1","0.1","0.1","",
"Serbia","SRB","Prevalence of HIV, total (% of population ages 15-49)","SH.DYN.AIDS.ZS","","","","","","","","","","","","","","","","","","","","","","","","","","","","","","","0.1","0.1","0.1","0.1","0.1","0.1","0.1","0.1","0.1","0.1","0.1","0.1","0.1","0.1","0.1","0.1","0.1","0.1","0.1","0.1","0.1","0.1","0.1","0.1","0.1","0.1","0.1","0.1","0.1","0.1","0.1","0.1","0.1","0.1","0.1","",
"Sub-Saharan Africa (excluding high income)","SSA","Prevalence of HIV, total (% of population ages 15-49)","SH.DYN.AIDS.ZS","","","","","","","","","","","","","","","","","","","","","","","","","","","","","","","2.73616932073268","3.20172257788915","3.64830426577138","4.05558736295877","4.41258300676031","4.70723187579618","4.9527651779465","5.14606531282403","5.283823240504","5.34131250536898","5.34852276221929","5.30019812004561","5.23280205584988","5.14571414329352","5.04497659511165","4.92388196697103","4.83132401386567","4.74883251813768","4.68122382535067","4.64320527032707","4.6005820525346","4.54689819189432","4.50591210736112","4.43564559836483","4.39616143461419","4.32832467139535","4.25178724093001","4.13364011018304","4.05163160220977","3.93922043172378","3.81614563590533","3.71766488363717","3.57886089486319","3.43501811585559","3.29844030892215","",
"South Sudan","SSD","Prevalence of HIV, total (% of population ages 15-49)","SH.DYN.AIDS.ZS","","","","","","","","","","","","","","","","","","","","","","","","","","","","","","","0.8","1","1.2","1.4","1.6","1.8","2","2.1","2.2","2.3","2.4","2.4","2.5","2.5","2.5","2.4","2.4","2.3","2.3","2.2","2.2","2.1","2.1","2","2","2","1.9","1.9","1.8","1.8","1.7","1.7","1.6","1.6","1.5","",
"Sub-Saharan Africa","SSF","Prevalence of HIV, total (% of population ages 15-49)","SH.DYN.AIDS.ZS","","","","","","","","","","","","","","","","","","","","","","","","","","","","","","","2.68744810829882","3.14619479842125","3.5876428646843","3.98467890233434","4.31735356596654","4.5840314513457","4.80613325714994","4.97175630052126","5.07836385490557","5.11239150161596","5.10048267153964","5.04712741257705","4.96656044812433","4.86778569902484","4.75645359043653","4.62644987419656","4.53141910865014","4.44505742829334","4.3720460394476","4.32565705768519","4.28462475275595","4.22350783110338","4.18365769222455","4.10772864313903","4.06978110893168","3.99646319926907","3.92570967248432","3.80756314778314","3.73292579952504","3.62085966789404","3.50981892642792","3.41049616887485","3.28582792709422","3.14633121606179","3.02403621557616","",
"Small states","SST","Prevalence of HIV, total (% of population ages 15-49)","SH.DYN.AIDS.ZS","","","","","","","","","","","","","","","","","","","","","","","","","","","","","","","0.309891572484537","0.435518505049389","0.644391245754","0.904436805255266","1.17126631490928","1.47296850503438","1.80191803755325","2.09670850055363","2.3543426200195","2.57234615533319","2.7577227419315","2.86943603881264","2.94834310735834","2.99362854525037","3.02757962426782","3.04521951584836","3.06456187394915","3.07649437746567","3.10360275688584","3.12381860878394","3.15550937425585","3.18595272401647","3.20806119508506","3.21856279764995","3.22669479365851","3.19125164532915","3.15788660222889","3.10400164991527","3.04526127862212","2.98348706198931","2.92386239391558","2.86995441984072","2.79704825288345","2.7154795131521","2.6411893342226","",
"Sao Tome and Principe","STP","Prevalence of HIV, total (% of population ages 15-49)","SH.DYN.AIDS.ZS","","","","","","","","","","","","","","","","","","","","","","","","","","","","","","","","","","","","","","","","","","","","","","","","","","","","","","","","","","","","","","","","","","",
"Suriname","SUR","Prevalence of HIV, total (% of population ages 15-49)","SH.DYN.AIDS.ZS","","","","","","","","","","","","","","","","","","","","","","","","","","","","","","","0.3","0.4","0.4","0.5","0.6","0.7","0.8","0.9","0.9","1","1.1","1.2","1.3","1.3","1.4","1.4","1.4","1.5","1.5","1.5","1.5","1.5","1.6","1.6","1.6","1.6","1.6","1.6","1.6","1.6","1.6","1.6","1.6","1.6","1.6","",
"Slovak Republic","SVK","Prevalence of HIV, total (% of population ages 15-49)","SH.DYN.AIDS.ZS","","","","","","","","","","","","","","","","","","","","","","","","","","","","","","","0.1","0.1","0.1","0.1","0.1","0.1","0.1","0.1","0.1","0.1","0.1","0.1","0.1","0.1","0.1","0.1","0.1","0.1","0.1","0.1","0.1","0.1","0.1","0.1","0.1","0.1","0.1","0.1","0.1","0.1","0.1","0.1","0.1","0.1","0.1","",
"Slovenia","SVN","Prevalence of HIV, total (% of population ages 15-49)","SH.DYN.AIDS.ZS","","","","","","","","","","","","","","","","","","","","","","","","","","","","","","","0.1","0.1","0.1","0.1","0.1","0.1","0.1","0.1","0.1","0.1","0.1","0.1","0.1","0.1","0.1","0.1","0.1","0.1","0.1","0.1","0.1","0.1","0.1","0.1","0.1","0.1","0.1","0.1","0.1","0.1","0.1","0.1","0.1","0.1","0.1","",
"Sweden","SWE","Prevalence of HIV, total (% of population ages 15-49)","SH.DYN.AIDS.ZS","","","","","","","","","","","","","","","","","","","","","","","","","","","","","","","0.1","0.1","0.1","0.1","0.1","0.1","0.1","0.1","0.1","0.1","0.1","0.1","0.1","0.1","0.1","0.1","0.1","0.1","0.1","0.1","0.1","0.1","0.1","0.1","0.1","0.1","0.1","0.1","0.1","0.1","0.1","0.1","0.1","","","",
"Eswatini","SWZ","Prevalence of HIV, total (% of population ages 15-49)","SH.DYN.AIDS.ZS","","","","","","","","","","","","","","","","","","","","","","","","","","","","","","","1.2","2.3","4.1","6.5","9.3","12.6","15.8","18.6","21","22.8","24.2","25.2","25.9","26.3","26.6","26.8","27","27.2","27.5","27.7","28","28.4","28.8","29.2","29.4","29.3","29","28.6","28.1","27.6","26.9","26.1","25.2","24.3","23.4","",
"Sint Maarten (Dutch part)","SXM","Prevalence of HIV, total (% of population ages 15-49)","SH.DYN.AIDS.ZS","","","","","","","","","","","","","","","","","","","","","","","","","","","","","","","","","","","","","","","","","","","","","","","","","","","","","","","","","","","","","","","","","","",
"Seychelles","SYC","Prevalence of HIV, total (% of population ages 15-49)","SH.DYN.AIDS.ZS","","","","","","","","","","","","","","","","","","","","","","","","","","","","","","","","","","","","","","","","","","","","","","","","","","","","","","","","","","","","","","","","","","",
"Syrian Arab Republic","SYR","Prevalence of HIV, total (% of population ages 15-49)","SH.DYN.AIDS.ZS","","","","","","","","","","","","","","","","","","","","","","","","","","","","","","","0.1","0.1","0.1","0.1","0.1","0.1","0.1","0.1","0.1","0.1","0.1","0.1","0.1","0.1","0.1","0.1","0.1","0.1","0.1","0.1","0.1","0.1","0.1","0.1","0.1","0.1","0.1","0.1","0.1","0.1","0.1","0.1","0.1","0.1","0.1","",
"Turks and Caicos Islands","TCA","Prevalence of HIV, total (% of population ages 15-49)","SH.DYN.AIDS.ZS","","","","","","","","","","","","","","","","","","","","","","","","","","","","","","","","","","","","","","","","","","","","","","","","","","","","","","","","","","","","","","","","","","",
"Chad","TCD","Prevalence of HIV, total (% of population ages 15-49)","SH.DYN.AIDS.ZS","","","","","","","","","","","","","","","","","","","","","","","","","","","","","","","1.2","1.4","1.7","1.9","2.1","2.2","2.3","2.4","2.5","2.5","2.4","2.4","2.3","2.2","2.2","2.1","2","1.9","1.8","1.8","1.7","1.7","1.6","1.5","1.5","1.4","1.4","1.3","1.2","1.2","1.1","1.1","1","1","0.9","",
"East Asia & Pacific (IDA & IBRD countries)","TEA","Prevalence of HIV, total (% of population ages 15-49)","SH.DYN.AIDS.ZS","","","","","","","","","","","","","","","","","","","","","","","","","","","","","","","","","","","","","","","","","","","","","","","","","","","","","","","","","","","","","","","","","","",
"Europe & Central Asia (IDA & IBRD countries)","TEC","Prevalence of HIV, total (% of population ages 15-49)","SH.DYN.AIDS.ZS","","","","","","","","","","","","","","","","","","","","","","","","","","","","","","","","","","","","","","","","","","","","","","","","","","","","","","","","","","","","","","","","","","",
"Togo","TGO","Prevalence of HIV, total (% of population ages 15-49)","SH.DYN.AIDS.ZS","","","","","","","","","","","","","","","","","","","","","","","","","","","","","","","0.9","1.1","1.5","1.8","2.2","2.6","3","3.3","3.5","3.7","3.7","3.7","3.6","3.5","3.4","3.3","3.2","3","2.9","2.8","2.7","2.7","2.6","2.5","2.4","2.3","2.2","2.2","2.1","2","1.9","1.9","1.8","1.7","1.6","",
"Thailand","THA","Prevalence of HIV, total (% of population ages 15-49)","SH.DYN.AIDS.ZS","","","","","","","","","","","","","","","","","","","","","","","","","","","","","","","0.9","1.4","1.8","2.1","2.3","2.4","2.5","2.5","2.5","2.5","2.4","2.3","2.2","2.1","2","1.9","1.9","1.8","1.8","1.7","1.6","1.6","1.6","1.5","1.5","1.4","1.4","1.3","1.3","1.2","1.2","1.1","1.1","1.1","1","",
"Tajikistan","TJK","Prevalence of HIV, total (% of population ages 15-49)","SH.DYN.AIDS.ZS","","","","","","","","","","","","","","","","","","","","","","","","","","","","","","","0.1","0.1","0.1","0.1","0.1","0.1","0.1","0.1","0.1","0.1","0.1","0.1","0.1","0.1","0.1","0.1","0.2","0.2","0.2","0.2","0.2","0.2","0.2","0.2","0.2","0.2","0.2","0.2","0.2","0.2","0.2","0.2","0.2","0.2","0.2","",
"Turkmenistan","TKM","Prevalence of HIV, total (% of population ages 15-49)","SH.DYN.AIDS.ZS","","","","","","","","","","","","","","","","","","","","","","","","","","","","","","","","","","","","","","","","","","","","","","","","","","","","","","","","","","","","","","","","","","",
"Latin America & the Caribbean (IDA & IBRD countries)","TLA","Prevalence of HIV, total (% of population ages 15-49)","SH.DYN.AIDS.ZS","","","","","","","","","","","","","","","","","","","","","","","","","","","","","","","0.156089134574072","0.207177840289165","0.233592771767653","0.243441622613588","0.251563598514674","0.302479780956559","0.331472468346446","0.347167602328207","0.356487686778817","0.363507911912531","0.363553569303032","0.376396884229756","0.378329432769144","0.382346070438289","0.384812444253481","0.397785037522554","0.406279558546961","0.402714440461127","0.402588895604267","0.437384193149478","0.434851159284389","0.429752188026683","0.435081396550913","0.470331361315906","0.490676243264353","0.490128587396248","0.525659251143782","0.52572765545203","0.521592079433477","0.53010190326598","0.565814653533002","0.569278577243701","0.568792113010547","0.572508245084831","0.593230749461575","",
"Timor-Leste","TLS","Prevalence of HIV, total (% of population ages 15-49)","SH.DYN.AIDS.ZS","","","","","","","","","","","","","","","","","","","","","","","","","","","","","","","0.1","0.1","0.1","0.1","0.1","0.1","0.1","0.1","0.1","0.1","0.1","0.1","0.1","0.1","0.1","0.1","0.1","0.1","0.1","0.1","0.1","0.2","0.2","0.2","0.2","0.2","0.2","0.2","0.2","0.2","0.2","0.2","0.2","0.2","0.2","",
"Middle East, North Africa, Afghanistan & Pakistan (IDA & IBRD)","TMN","Prevalence of HIV, total (% of population ages 15-49)","SH.DYN.AIDS.ZS","","","","","","","","","","","","","","","","","","","","","","","","","","","","","","","0.101547740891986","0.102249868547524","0.103156065661483","0.103568647242239","0.10427868764257","0.104754086827059","0.105293153357654","0.105759828510324","0.106284733765451","0.106567590364959","0.10681626479029","0.10687848531752","0.106936421687816","0.106701913308269","0.106404862066979","0.106129585382421","0.105907820890785","0.105522593986158","0.105139576319801","0.104954686548837","0.104578094289247","0.104396527822108","0.104030729450181","0.103669916953227","0.10350258705402","0.103139524806234","0.102967772992918","0.102788242527944","0.141207077214544","0.14098402871358","0.14080860112845","0.140702692419339","0.140528417670852","0.140411696362105","0.140129032481774","",
"Tonga","TON","Prevalence of HIV, total (% of population ages 15-49)","SH.DYN.AIDS.ZS","","","","","","","","","","","","","","","","","","","","","","","","","","","","","","","","","","","","","","","","","","","","","","","","","","","","","","","","","","","","","","","","","","",
"South Asia (IDA & IBRD)","TSA","Prevalence of HIV, total (% of population ages 15-49)","SH.DYN.AIDS.ZS","","","","","","","","","","","","","","","","","","","","","","","","","","","","","","","","","","","","","","","","","","","","","","","","","","","","","","","","","","","","","","","","","0.186785804852573","",
"Sub-Saharan Africa (IDA & IBRD countries)","TSS","Prevalence of HIV, total (% of population ages 15-49)","SH.DYN.AIDS.ZS","","","","","","","","","","","","","","","","","","","","","","","","","","","","","","","2.68744810829882","3.14619479842125","3.58764286468429","3.98467890233434","4.31735356596654","4.58403145134571","4.80613325714993","4.97175630052125","5.07836385490556","5.11239150161596","5.10048267153964","5.04712741257705","4.96656044812433","4.86778569902484","4.75645359043652","4.62644987419656","4.53141910865014","4.44505742829334","4.3720460394476","4.32565705768519","4.28462475275595","4.22350783110338","4.18365769222455","4.10772864313903","4.06978110893168","3.99646319926908","3.92570967248432","3.80756314778314","3.73292579952504","3.62085966789404","3.50981892642792","3.41049616887485","3.28582792709422","3.14633121606179","3.02403621557616","",
"Trinidad and Tobago","TTO","Prevalence of HIV, total (% of population ages 15-49)","SH.DYN.AIDS.ZS","","","","","","","","","","","","","","","","","","","","","","","","","","","","","","","","","","","","","","","","","","","","","","","","","","","","","","","","","","","","","","","","","","",
"Tunisia","TUN","Prevalence of HIV, total (% of population ages 15-49)","SH.DYN.AIDS.ZS","","","","","","","","","","","","","","","","","","","","","","","","","","","","","","","0.1","0.1","0.1","0.1","0.1","0.1","0.1","0.1","0.1","0.1","0.1","0.1","0.1","0.1","0.1","0.1","0.1","0.1","0.1","0.1","0.1","0.1","0.1","0.1","0.1","0.1","0.1","0.1","0.1","0.1","0.1","0.1","0.1","0.1","0.1","",
"Turkiye","TUR","Prevalence of HIV, total (% of population ages 15-49)","SH.DYN.AIDS.ZS","","","","","","","","","","","","","","","","","","","","","","","","","","","","","","","","","","","","","","","","","","","","","","","","","","","","","","","","","","","","","","","","","","",
"Tuvalu","TUV","Prevalence of HIV, total (% of population ages 15-49)","SH.DYN.AIDS.ZS","","","","","","","","","","","","","","","","","","","","","","","","","","","","","","","0.1","0.1","0.1","0.2","0.2","0.2","0.2","0.2","0.2","0.2","0.2","0.2","0.2","0.2","0.2","0.3","0.3","0.3","0.3","0.3","0.3","0.3","0.3","0.3","0.3","0.3","0.3","0.3","0.3","0.4","0.4","0.4","0.4","0.4","0.4","",
"Tanzania","TZA","Prevalence of HIV, total (% of population ages 15-49)","SH.DYN.AIDS.ZS","","","","","","","","","","","","","","","","","","","","","","","","","","","","","","","4.8","5.3","5.8","6.2","6.4","6.5","6.5","6.5","6.4","6.3","6.1","5.9","5.7","5.5","5.2","5","4.9","4.8","4.7","4.6","4.6","4.6","4.5","4.5","4.5","4.5","4.4","4.4","4.3","4.2","4.1","4","3.9","3.7","3.5","",
"Uganda","UGA","Prevalence of HIV, total (% of population ages 15-49)","SH.DYN.AIDS.ZS","","","","","","","","","","","","","","","","","","","","","","","","","","","","","","","10.9","10.9","10.7","10.5","10.3","10","9.7","9.4","9.1","8.7","8.5","8.2","8","7.7","7.6","7.5","7.4","7.3","7.2","7.2","7.2","7.1","7.1","7","6.9","6.8","6.6","6.5","6.3","6.1","5.8","5.6","5.4","5.2","4.9","",
"Ukraine","UKR","Prevalence of HIV, total (% of population ages 15-49)","SH.DYN.AIDS.ZS","","","","","","","","","","","","","","","","","","","","","","","","","","","","","","","","","","","","","","","","","","","","","","","","","","","","","","","","","","","","","","","","","","",
"Upper middle income","UMC","Prevalence of HIV, total (% of population ages 15-49)","SH.DYN.AIDS.ZS","","","","","","","","","","","","","","","","","","","","","","","","","","","","","","","","","","","","","","","","","","","","","","","","","","","","","","","","","","","","","","","","","","",
"Uruguay","URY","Prevalence of HIV, total (% of population ages 15-49)","SH.DYN.AIDS.ZS","","","","","","","","","","","","","","","","","","","","","","","","","","","","","","","","","","","","","","","","","","","","","","","","","","","","","","","","","","","","","","","","","","",
"United States","USA","Prevalence of HIV, total (% of population ages 15-49)","SH.DYN.AIDS.ZS","","","","","","","","","","","","","","","","","","","","","","","","","","","","","","","","","","","","","","","","","","","","","","","","","","","","","","","","","","","","","","","","","","",
"Uzbekistan","UZB","Prevalence of HIV, total (% of population ages 15-49)","SH.DYN.AIDS.ZS","","","","","","","","","","","","","","","","","","","","","","","","","","","","","","","","","","","","","","","","","","","","","","","","","","","","","","","","","","","","","","","","","","",
"St. Vincent and the Grenadines","VCT","Prevalence of HIV, total (% of population ages 15-49)","SH.DYN.AIDS.ZS","","","","","","","","","","","","","","","","","","","","","","","","","","","","","","","0.4","0.4","0.5","0.6","0.6","0.7","0.8","0.8","0.8","0.9","0.9","0.9","1","1","1","1","1","1","1","1","1","1","1","1","1","1","1","1","0.9","0.9","0.9","0.9","0.9","0.8","0.8","",
"Venezuela, RB","VEN","Prevalence of HIV, total (% of population ages 15-49)","SH.DYN.AIDS.ZS","","","","","","","","","","","","","","","","","","","","","","","","","","","","","","","0.1","0.1","0.1","0.1","0.1","0.1","0.2","0.2","0.2","0.3","0.3","0.4","0.4","0.5","0.6","0.6","0.6","0.6","0.6","0.6","0.6","0.5","0.5","0.5","0.5","0.5","0.5","0.5","0.5","0.5","0.5","0.5","0.5","0.6","0.6","",
"British Virgin Islands","VGB","Prevalence of HIV, total (% of population ages 15-49)","SH.DYN.AIDS.ZS","","","","","","","","","","","","","","","","","","","","","","","","","","","","","","","","","","","","","","","","","","","","","","","","","","","","","","","","","","","","","","","","","","",
"Virgin Islands (U.S.)","VIR","Prevalence of HIV, total (% of population ages 15-49)","SH.DYN.AIDS.ZS","","","","","","","","","","","","","","","","","","","","","","","","","","","","","","","","","","","","","","","","","","","","","","","","","","","","","","","","","","","","","","","","","","",
"Viet Nam","VNM","Prevalence of HIV, total (% of population ages 15-49)","SH.DYN.AIDS.ZS","","","","","","","","","","","","","","","","","","","","","","","","","","","","","","","0.1","0.1","0.1","0.1","0.1","0.1","0.1","0.2","0.2","0.2","0.2","0.3","0.3","0.3","0.3","0.3","0.3","0.4","0.4","0.4","0.4","0.4","0.4","0.4","0.4","0.4","0.4","0.5","0.5","0.5","0.5","0.5","0.5","0.4","0.4","",
"Vanuatu","VUT","Prevalence of HIV, total (% of population ages 15-49)","SH.DYN.AIDS.ZS","","","","","","","","","","","","","","","","","","","","","","","","","","","","","","","0.1","0.1","0.1","0.1","0.1","0.1","0.1","0.1","0.1","0.1","0.1","0.1","0.1","0.1","0.1","0.1","0.1","0.1","0.1","0.1","0.1","0.1","0.1","0.1","0.1","0.1","0.1","0.1","0.1","0.1","0.1","0.1","0.1","0.1","0.1","",
"World","WLD","Prevalence of HIV, total (% of population ages 15-49)","SH.DYN.AIDS.ZS","","","","","","","","","","","","","","","","","","","","","","","","","","","","","","","0.3","0.4","0.4","0.5","0.6","0.6","0.6","0.7","0.7","0.7","0.7","0.7","0.7","0.7","0.7","0.7","0.7","0.7","0.7","0.7","0.7","0.7","0.7","0.7","0.7","0.7","0.8","0.8","0.8","0.8","0.8","0.7","0.7","0.7","0.7","",
"Samoa","WSM","Prevalence of HIV, total (% of population ages 15-49)","SH.DYN.AIDS.ZS","","","","","","","","","","","","","","","","","","","","","","","","","","","","","","","","","","","","","","","","","","","","","","","","","","","","","","","","","","","","","","","","","","",
"Kosovo","XKX","Prevalence of HIV, total (% of population ages 15-49)","SH.DYN.AIDS.ZS","","","","","","","","","","","","","","","","","","","","","","","","","","","","","","","","","","","","","","","","","","","","","","","","","","","","","","","","","","","","","","","","","","",
"Yemen, Rep.","YEM","Prevalence of HIV, total (% of population ages 15-49)","SH.DYN.AIDS.ZS","","","","","","","","","","","","","","","","","","","","","","","","","","","","","","","0.1","0.1","0.1","0.1","0.1","0.1","0.1","0.1","0.1","0.1","0.1","0.1","0.1","0.1","0.1","0.1","0.1","0.1","0.1","0.1","0.1","0.1","0.1","0.1","0.1","0.1","0.1","0.1","0.1","0.1","0.1","0.1","0.1","0.1","0.1","",
"South Africa","ZAF","Prevalence of HIV, total (% of population ages 15-49)","SH.DYN.AIDS.ZS","","","","","","","","","","","","","","","","","","","","","","","","","","","","","","","1.5","2.3","3.3","4.6","6","7.5","9","10.4","11.7","12.9","13.8","14.5","15.1","15.5","15.8","16.1","16.3","16.6","16.8","17.1","17.4","17.7","17.9","18.1","18.3","18.5","18.6","18.6","18.6","18.5","18.4","18.2","17.9","17.6","17.2","",
"Zambia","ZMB","Prevalence of HIV, total (% of population ages 15-49)","SH.DYN.AIDS.ZS","","","","","","","","","","","","","","","","","","","","","","","","","","","","","","","9.4","10.7","11.8","12.7","13.3","13.7","13.9","14","13.9","13.7","13.5","13.2","12.9","12.6","12.3","12.1","11.9","11.7","11.7","11.7","11.7","11.7","11.8","11.8","11.9","11.9","11.8","11.8","11.7","11.5","11.1","10.7","10.3","9.8","9.4","",
"Zimbabwe","ZWE","Prevalence of HIV, total (% of population ages 15-49)","SH.DYN.AIDS.ZS","","","","","","","","","","","","","","","","","","","","","","","","","","","","","","","19.9","23.4","26.1","28","29.2","29.6","29.5","29","28.1","27","25.8","24.5","23.2","21.9","20.6","19.5","18.6","17.8","17.1","16.6","16.3","16","15.6","15.3","14.9","14.5","14.1","13.6","13.1","12.5","12","11.5","10.9","10.3","9.8","",
