"Data Source","World Development Indicators",

"Last Updated Date","2026-04-08",

"Country Name","Country Code","Indicator Name","Indicator Code","1960","1961","1962","1963","1964","1965","1966","1967","1968","1969","1970","1971","1972","1973","1974","1975","1976","1977","1978","1979","1980","1981","1982","1983","1984","1985","1986","1987","1988","1989","1990","1991","1992","1993","1994","1995","1996","1997","1998","1999","2000","2001","2002","2003","2004","2005","2006","2007","2008","2009","2010","2011","2012","2013","2014","2015","2016","2017","2018","2019","2020","2021","2022","2023","2024","2025",
"Aruba","ABW","Survival to age 65, male (% of cohort)","SP.DYN.TO65.MA.ZS","56.025307","56.413673","56.819692","57.180839","57.54604","57.899055","59.020027","59.278965","59.891591","60.517165","61.112408","61.703276","62.559029","63.301551","64.073979","64.363484","64.917424","65.540586","66.090768","66.6915","67.489939","68.845196","69.118364","69.381895","69.569743","69.724182","69.79177","71.509952","71.74834","71.817299","71.865635","71.940877","72.211431","72.39205","72.419081","72.502787","72.542593","72.669324","72.717248","72.82524","72.96288","73.123302","73.301849","73.50501","73.460233","73.943244","74.025143","74.318106","74.601356","74.940183","74.605259","75.44261","76.128241","76.899565","77.355967","77.897823","78.326515","78.603213","78.822141","79.208121","77.707961","74.655897","80.423803","80.853894","80.363102","",
"Africa Eastern and Southern","AFE","Survival to age 65, male (% of cohort)","SP.DYN.TO65.MA.ZS","32.3739377888311","32.5590048948415","33.1468266535107","33.3887199186554","33.7602246932136","34.0405266106808","34.2620352253511","35.0069459684021","35.3979056144292","35.7101649717703","36.0468214249185","36.2274344213064","35.8542115849778","36.744016234452","36.8279341088108","37.2032361096903","37.745853610567","38.0714273001107","37.9632563611461","38.6196829209238","39.2101992085045","39.4191613942543","39.6717556050231","37.9246399317341","37.7335658694469","38.216384633936","38.92834901771","40.3161477505043","40.0461695764609","40.1075109699484","39.5979180243139","39.5882157991614","39.2991127549581","39.4466676786372","39.6103257346539","39.7906625777913","39.2598648123089","39.4705794901333","38.6296618651473","38.9166216850699","40.5717145586259","40.8572754536785","41.0396215625074","41.5837802341541","42.1523944524049","42.9359499790163","44.2390482976872","45.2533517480192","46.2441549383805","47.4954458956777","48.6104121221318","49.2267573887039","50.7118270654152","51.5556549023502","52.0068345781104","52.7512513284043","53.404528290829","54.118865318325","55.1859245672195","56.0800139346506","55.2246788246998","53.2070479980395","56.9171642811882","58.2017980495425","58.3164192918808","",
"Afghanistan","AFG","Survival to age 65, male (% of cohort)","SP.DYN.TO65.MA.ZS","18.0378","18.593135","19.117705","19.618148","20.142552","20.639531","21.151027","21.671464","22.258667","22.80533","23.357255","23.904343","24.494057","25.157604","25.814597","26.486469","27.162531","27.90807","25.182768","22.166086","22.494483","22.29578","15.954582","16.253796","8.932944","9.424605","18.04927","18.332042","25.992315","28.018046","28.74299","28.946754","29.918187","40.272603","38.261872","41.182319","42.308502","43.01833","40.829782","45.182389","45.636512","46.341707","48.174265","49.564073","50.651593","51.161977","51.113939","51.144636","52.633419","53.878932","54.537709","55.379848","56.150098","56.85901","56.691583","56.324885","56.801504","53.910567","53.350426","54.744389","50.415018","47.181208","62.618152","63.607872","63.996814","",
"Africa Western and Central","AFW","Survival to age 65, male (% of cohort)","SP.DYN.TO65.MA.ZS","25.3832222189697","25.6495374217116","26.960692697588","27.192868762232","27.4269019844516","27.7551100746929","27.9810013489303","27.1127518765004","28.185527694136","28.5563837583457","30.0537998817419","30.6318228846336","31.374855199808","31.9713920092373","32.6674373658208","33.235922033229","34.5414150807907","35.3437728313195","35.9359685495962","36.429976677827","36.794485152348","37.2325229109319","37.5693641729586","37.8782278343412","38.0712366345674","38.271764043271","38.4411877025762","38.5103210155616","38.9887472577567","39.1574655625742","38.9260121424868","39.0328443782628","39.2305332505656","39.3456735388489","39.1864824060358","39.4154259582903","39.4977170163912","39.5366279072389","40.0016103381927","40.5485803104087","41.3241073862224","41.9507003836392","42.6164663686925","43.2484615574544","44.017773462201","44.4048562440394","44.9032582508386","45.573207628837","46.1850673649322","46.1820769733986","46.9764720413732","47.5109666668987","47.9683947245412","48.2515398816395","48.4075478433211","48.9274484682155","49.5154281657261","49.7958632754967","50.3850555865514","50.5748689028242","49.9145987540511","49.8088005143258","51.65953770233","52.8590938961195","53.1616346152999","",
"Angola","AGO","Survival to age 65, male (% of cohort)","SP.DYN.TO65.MA.ZS","26.605003","22.675909","22.799578","22.924878","23.139441","23.266709","23.393126","23.785016","24.090812","24.499095","24.836069","25.29999","25.712887","26.250857","26.683799","25.484518","25.18151","25.722057","26.184474","26.623773","27.054237","27.468112","27.871248","25.858553","26.23136","26.582347","26.938057","23.087315","24.324645","24.655888","24.896147","28.772056","25.911917","23.766479","26.297208","34.172853","34.604424","34.89584","31.580883","30.854574","32.776883","32.633293","34.67587","39.297226","40.486095","41.913757","43.130119","44.890058","46.288467","47.440234","48.737954","49.543506","50.332629","51.291644","52.226462","53.130847","53.973156","54.675882","55.409947","56.034941","55.357622","54.634378","57.821898","58.394243","58.677768","",
"Albania","ALB","Survival to age 65, male (% of cohort)","SP.DYN.TO65.MA.ZS","54.60791","55.848269","57.019587","58.181589","59.253108","60.262654","61.300207","62.290355","63.250647","64.170568","65.053856","65.950537","66.815009","67.617399","68.332539","69.013671","69.69512","70.358101","70.992856","71.385729","71.805938","72.115054","72.511462","72.894631","73.258662","73.67999","74.20009","74.610596","74.820374","75.071283","75.29161","75.676348","76.085209","76.639485","76.753488","76.83762","76.69731","74.673624","76.874297","77.356849","78.008743","78.627765","79.029507","79.386743","79.891367","80.497117","81.374089","82.490713","83.374315","83.775245","83.641125","83.377801","82.906563","82.641627","82.603923","83.029225","83.44398","83.905717","84.229271","84.561379","81.035604","80.23833","83.334432","84.838154","85.07761","",
"Andorra","AND","Survival to age 65, male (% of cohort)","SP.DYN.TO65.MA.ZS","71.965809","72.611895","73.140774","73.496512","73.971649","74.372911","74.746748","75.0464","75.412785","75.748912","76.210789","76.646923","77.164217","77.600279","78.030439","78.415745","78.922271","79.415402","79.969205","80.524916","81.050977","81.483723","81.846687","82.101765","82.286331","82.399783","82.524829","82.620207","82.944734","83.35336","84.21771","85.084973","86.076823","86.847638","87.561686","87.743583","87.987594","88.100552","88.227564","88.583625","89.198304","89.707111","90.265016","90.779251","91.051242","91.310694","91.576704","91.751151","91.918452","92.103962","92.200065","92.247327","92.326109","92.40978","92.532662","92.613823","92.602839","92.503549","92.408475","92.242757","81.941246","90.414529","92.147296","92.16419","92.302674","",
"Arab World","ARB","Survival to age 65, male (% of cohort)","SP.DYN.TO65.MA.ZS","34.2842388192668","35.1422024776915","35.6374376065681","37.397124958193","38.1669459490553","38.7904851898169","39.3791415183392","39.8320430904944","40.6919491342196","41.2154051310871","41.9627467891511","42.9009213472026","43.6274652025895","43.6842165225846","44.618156718278","44.8975871212905","45.6943627738794","47.5073739395809","48.3181085583965","49.2511159867296","49.394236271986","49.7894952910567","49.9409238637926","51.4629271903646","52.5646521383579","53.5868920791949","54.7451103338147","56.1773628320091","56.1661917747202","57.4693152292739","58.1998785068358","58.9856069584513","60.4083962616396","61.5112551201991","61.709113721191","62.3038800146455","62.9231656123874","63.5448596725573","64.1334916271266","64.8694253711872","65.4684590258956","66.0839800209862","66.6758621653958","66.5931643244364","66.5959562418355","67.0736085562905","67.7078625620459","68.4504256412159","69.3139405334042","70.2783685470746","70.5857082746429","70.2155500659206","70.5043381571253","71.1527723247199","71.9545237278216","72.2108651672364","72.5947188477929","73.2521590880148","73.854847566693","74.5764545702633","72.2534521141781","71.9764720245068","74.5911091256868","75.6018726919248","75.8410765750171","",
"United Arab Emirates","ARE","Survival to age 65, male (% of cohort)","SP.DYN.TO65.MA.ZS","39.594831","40.876918","42.142891","43.422971","44.76193","46.193207","47.696955","49.303048","50.960623","52.628813","54.268658","55.843665","57.334424","58.740843","60.066026","61.314051","62.489402","63.594089","64.623364","65.571812","66.435125","67.210455","67.897531","68.510158","69.067552","69.587951","70.088217","70.585288","71.061122","71.467262","71.756236","71.881801","71.796167","71.534057","71.338127","71.488435","72.25616","73.864472","76.366923","79.346706","82.319357","84.957072","87.095582","88.674314","89.784437","90.559017","91.104236","91.500731","91.797532","92.02779","92.205564","92.344203","92.451665","92.53961","92.618238","92.694253","92.772695","92.858094","92.954368","93.06419","90.592013","91.234305","91.863815","93.566444","93.519429","",
"Argentina","ARG","Survival to age 65, male (% of cohort)","SP.DYN.TO65.MA.ZS","58.409317","59.195855","58.738947","59.06214","58.677858","59.014624","59.72478","59.518407","58.625232","57.960906","59.381391","58.265351","58.752902","58.866611","58.735133","60.07215","59.788365","61.228817","62.207698","63.135699","63.530549","63.200819","63.385135","63.802601","64.269572","64.950724","65.632334","66.370788","67.042386","67.703382","68.443776","68.78327","68.744666","69.181248","70.074671","70.429211","70.413914","71.02648","71.414873","71.767231","72.258708","72.661494","72.615173","73.129516","74.394404","74.743103","75.091671","74.409394","75.200425","75.532181","76.050655","76.398025","76.362298","76.391417","77.148497","77.332385","76.967138","78.415664","78.523732","79.063172","76.915948","72.2491","78.204248","80.166912","80.083147","",
"Armenia","ARM","Survival to age 65, male (% of cohort)","SP.DYN.TO65.MA.ZS","52.947061","53.524547","54.090023","54.635688","55.153437","55.636047","56.077545","56.475056","56.827242","57.133078","57.392246","57.604024","57.790132","57.945694","58.086037","58.219974","58.369249","58.545274","58.782455","59.105007","59.541413","60.114935","60.826798","61.612345","62.360224","62.967766","63.335631","63.365789","41.289687","62.550958","61.919214","61.402336","60.970809","61.032811","61.297032","61.795995","62.436662","63.192672","64.068742","64.982106","65.858911","66.624426","67.207106","67.539939","67.635249","67.580337","67.458792","67.367409","67.39017","67.587201","67.93323","68.3914","68.908055","69.495489","70.074882","70.604339","71.152697","71.637669","72.0433","72.402879","57.356816","68.551096","70.078269","72.590227","73.499506","",
"American Samoa","ASM","Survival to age 65, male (% of cohort)","SP.DYN.TO65.MA.ZS","61.481528","62.204734","62.588623","62.928153","62.972032","62.704053","54.036211","61.699159","61.322743","61.218411","61.161154","61.258341","61.537808","62.221086","62.638724","63.036081","63.148892","63.425893","63.494982","63.84292","64.271509","64.711693","65.138262","65.494","65.83353","66.101765","65.901921","65.496781","64.892771","64.673614","64.762109","65.059861","65.417682","65.640664","65.833425","65.995051","66.222026","66.660357","67.102122","67.478829","67.709926","68.189024","68.762073","69.043463","70.33061","70.732817","70.819775","70.652201","70.627344","68.324939","70.79238","70.89023","70.819625","70.95502","70.64473","70.379582","70.033381","70.126742","69.82978","69.50353","69.15642","69.145596","69.183252","69.607202","70.157365","",
"Antigua and Barbuda","ATG","Survival to age 65, male (% of cohort)","SP.DYN.TO65.MA.ZS","56.048271","56.967675","57.847533","58.751516","59.758109","60.743704","61.755236","62.656484","63.532853","64.39454","65.165578","65.955881","66.698817","67.423799","68.108343","68.734684","69.36403","69.972127","70.570681","71.151289","71.670786","72.138455","72.543045","72.862365","73.101295","73.249907","73.323977","73.343148","73.288915","73.090216","73.03397","72.858037","72.81387","72.843718","72.96838","72.951738","73.110004","73.200456","73.287694","73.78372","74.107779","74.272865","74.47367","75.256331","76.096618","76.582631","76.668482","76.832062","77.11902","77.59646","78.04605","78.643005","78.721312","78.717829","78.382565","78.528619","78.720523","78.930068","79.000381","79.000184","78.902061","79.153826","79.414418","79.547797","80.234543","",
"Australia","AUS","Survival to age 65, male (% of cohort)","SP.DYN.TO65.MA.ZS","67.751868","68.002832","67.411092","67.284431","66.124289","66.915463","66.876821","67.158357","66.424654","67.121475","66.724879","68.508313","68.568261","69.085475","68.64859","70.211769","70.680453","71.834685","72.389743","73.398528","73.949046","74.542356","74.911234","76.073334","76.402006","76.808999","77.736504","78.048054","78.495375","78.831327","79.88644","80.717056","80.952394","81.846473","81.919275","82.575489","82.742538","83.300256","83.731129","84.330536","84.87848","85.266528","85.746027","86.08629","86.452861","86.748269","87.104641","86.92689","87.435193","87.492048","87.980749","87.946272","88.445304","88.448023","88.31096","88.171518","88.47092","88.3419","88.660493","88.514336","88.965092","89.011284","85.924054","89.085979","89.999903","",
"Austria","AUT","Survival to age 65, male (% of cohort)","SP.DYN.TO65.MA.ZS","64.19307","65.796814","65.499345","66.124385","66.488345","66.176671","66.748041","66.497622","66.772378","66.597954","66.240337","66.935686","67.31802","68.702654","68.538739","68.691397","69.543752","69.778704","69.66716","69.743486","70.219306","70.663222","70.677044","70.694664","71.430443","72.426944","73.387042","74.119464","74.891035","75.020117","75.734453","75.803406","76.114099","76.622137","77.193387","77.459816","78.24444","79.085144","80.145066","80.455541","80.807417","81.64668","81.967865","82.140178","82.512272","82.75262","83.484839","83.712215","84.080628","83.518212","83.879488","84.595909","85.040095","85.418594","86.015968","86.059031","86.661851","87.035216","87.028248","87.575718","87.167653","86.562975","86.868407","87.780358","87.578665","",
"Azerbaijan","AZE","Survival to age 65, male (% of cohort)","SP.DYN.TO65.MA.ZS","34.486872","35.110533","35.927041","36.889556","37.756232","38.608533","39.488348","40.3033","41.125931","41.964386","42.793406","43.529527","44.33528","45.110889","45.879784","46.469665","47.6664","48.499572","49.598784","50.594989","51.737122","52.738436","53.66741","54.500333","52.448633","54.30801","54.547428","54.399463","53.788841","53.913867","52.656525","51.672326","47.141936","48.436708","43.976161","48.711241","50.646593","52.264746","54.022991","56.927009","57.892163","60.008622","61.526973","61.41204","62.307521","61.921484","62.918254","63.208616","64.985458","66.667643","67.350458","67.280838","68.622911","68.922458","70.393447","70.571057","71.428041","71.15339","71.941044","72.959534","66.849226","69.057423","73.198989","75.989581","75.257846","",
"Burundi","BDI","Survival to age 65, male (% of cohort)","SP.DYN.TO65.MA.ZS","32.37802","32.733192","32.928798","32.960911","33.031084","28.948741","32.966015","32.62936","32.90419","32.052652","32.544822","32.523788","7.208293","22.566347","32.851609","32.879798","33.124392","33.49493","33.976864","34.679994","35.536792","36.304499","36.923937","37.157413","37.094443","36.547734","35.56747","34.446093","26.339196","31.646561","30.55346","29.487068","29.284803","18.155061","29.264628","29.254605","29.432907","30.909602","32.410889","34.227366","33.302899","34.591655","37.638112","39.713478","41.915723","43.234474","44.616014","45.930648","46.896345","48.194199","49.23786","50.278581","51.311141","52.228915","53.012099","53.071454","54.27359","55.039661","55.713433","56.230724","56.313592","54.788027","56.523318","58.236097","58.479204","",
"Belgium","BEL","Survival to age 65, male (% of cohort)","SP.DYN.TO65.MA.ZS","65.642559","67.095965","66.701724","66.268876","67.307635","66.812259","67.262277","67.506283","67.170352","67.06098","67.763444","67.942648","68.490123","69.256888","69.98834","70.223746","70.132004","71.162451","70.976092","71.805552","71.713098","73.030921","73.288282","73.595772","74.29448","74.426299","75.302064","75.977802","76.649557","77.340298","77.81768","77.989155","78.211617","78.528366","78.886031","78.847643","79.661131","80.123686","80.285546","80.02904","80.549225","80.732224","81.108495","81.51171","82.187625","82.337346","82.76256","83.070275","82.69963","83.437202","83.88992","84.229361","84.217765","84.895792","85.568283","85.589614","85.985185","86.459404","86.81902","87.306552","86.62283","87.010051","86.836471","87.761564","87.65046","",
"Benin","BEN","Survival to age 65, male (% of cohort)","SP.DYN.TO65.MA.ZS","26.890189","27.241993","27.780408","28.288028","28.672317","29.192523","29.700499","30.329778","30.716549","31.122681","31.626389","32.133767","32.751407","33.442912","33.909665","34.529154","35.043497","35.576881","36.013908","36.434442","36.769788","37.102036","37.419801","37.706127","38.386725","39.123159","40.078256","41.110483","42.298672","42.869847","43.790942","44.501045","45.738844","46.820993","47.644437","48.428808","49.18257","49.700012","49.942136","50.14662","50.728306","50.835875","51.32715","51.854381","52.373778","53.082964","53.380843","53.874183","53.654621","53.967651","54.137984","54.151012","54.148335","54.522605","54.631244","54.673663","54.768836","54.937148","55.266447","55.192972","54.883688","53.688519","55.71044","55.846464","56.114841","",
"Burkina Faso","BFA","Survival to age 65, male (% of cohort)","SP.DYN.TO65.MA.ZS","24.984239","25.275045","25.777809","26.204314","26.540103","27.040708","27.447342","27.917686","28.337992","28.632916","29.265791","29.581328","30.401871","31.055252","32.065109","33.021506","34.114339","35.16694","36.211973","37.108426","38.114165","38.611844","39.775662","40.368966","40.924776","41.26496","41.532337","41.512237","41.670224","41.6438","41.58491","41.444655","41.352985","41.228347","41.13554","41.072377","41.075347","40.588944","41.406752","41.678754","42.025726","42.450864","42.693054","43.362037","44.287655","45.199939","45.731998","46.521238","47.702761","48.515469","49.260734","50.161618","50.781341","51.373084","51.919578","52.491984","53.043274","53.595233","54.152677","54.141649","53.875563","52.571285","54.041543","54.576318","55.550385","",
"Bangladesh","BGD","Survival to age 65, male (% of cohort)","SP.DYN.TO65.MA.ZS","38.66714","40.098473","41.258104","41.395544","42.719503","42.17848","44.205212","44.962368","45.608504","46.197695","39.540682","5.037219","48.095558","48.595996","48.019817","49.714464","50.173933","50.566175","50.934935","51.286462","51.496939","51.743167","51.920627","52.159343","52.249012","52.003879","52.38566","52.366952","52.309485","52.36039","52.359887","49.728668","52.590075","52.87083","53.302512","53.843623","54.592045","55.477835","56.493313","57.679343","58.898333","60.119111","61.291498","62.358385","63.290496","64.14221","64.847828","65.310339","65.892521","66.239401","66.529492","66.840677","67.220372","67.713049","68.436368","69.295377","70.266407","71.29704","72.336994","73.327263","71.633352","70.643162","75.828007","76.856421","76.971704","",
"Bulgaria","BGR","Survival to age 65, male (% of cohort)","SP.DYN.TO65.MA.ZS","69.993822","71.035584","70.78298","71.792747","72.877466","73.249492","72.842961","71.441639","72.408551","70.74954","72.372015","71.175362","71.266177","72.220717","71.908114","71.039769","71.757489","69.997189","70.490741","69.878079","69.838492","70.079175","69.104562","68.99505","68.380323","67.462553","67.789773","67.966652","67.549813","67.265587","67.01759","67.261234","66.156695","65.268281","64.036321","64.114144","64.761754","63.688914","64.198453","66.314139","66.470231","66.38616","67.185006","67.42358","67.291092","67.073671","67.367737","68.196165","68.69542","69.125352","69.99903","70.374","70.92221","71.553003","70.819653","71.292433","71.094008","71.646132","71.673103","71.801473","68.533097","64.404981","69.632666","72.790722","73.388499","",
"Bahrain","BHR","Survival to age 65, male (% of cohort)","SP.DYN.TO65.MA.ZS","41.25326","43.539828","45.785893","48.05319","50.290511","52.479771","54.604664","56.649435","58.60051","60.446","62.174934","63.779317","65.17954","66.613798","67.854786","68.987826","70.020486","70.960708","71.762737","72.566795","73.272278","73.915942","74.503993","75.043921","75.54367","76.010425","76.45461","76.875027","77.280863","77.664989","78.022414","78.348856","78.63847","78.894624","79.145425","79.418245","79.737866","80.128365","80.606475","81.147625","81.715538","82.27895","82.81125","83.290994","83.726009","84.146413","84.57983","85.050201","85.577021","86.153892","86.732314","87.267003","87.721933","88.067819","88.288203","88.416263","88.49758","88.575706","88.693516","88.89052","84.925475","86.377833","89.974151","90.453858","89.996084","",
"Bahamas, The","BHS","Survival to age 65, male (% of cohort)","SP.DYN.TO65.MA.ZS","50.794627","51.408946","52.070567","52.616217","53.182171","53.694976","54.295345","54.988304","55.614398","56.217998","56.884903","57.521296","57.625115","58.140097","58.93781","60.287257","61.241936","61.742274","61.869798","61.774078","61.723416","62.045728","62.493756","62.993154","63.302956","63.428914","63.43297","63.493669","63.674842","64.033674","64.460938","65.009948","65.389669","65.726674","65.803776","65.745679","65.671054","65.731147","66.041176","66.518879","67.100635","67.665425","68.21363","68.646751","68.835313","69.138562","69.176985","69.172478","69.080825","69.103067","69.190555","69.469111","69.702819","70.010155","70.232614","70.315339","70.867218","71.109392","71.30652","68.79193","69.232584","65.097658","72.157788","72.232903","72.001186","",
"Bosnia and Herzegovina","BIH","Survival to age 65, male (% of cohort)","SP.DYN.TO65.MA.ZS","52.50298","53.31438","54.28702","54.71466","56.412571","57.113268","58.466463","58.943289","58.569814","58.415797","58.052823","58.131065","59.108972","60.981249","63.262012","64.344057","65.118893","64.966094","64.51015","64.354614","65.320543","66.218777","65.607956","65.444959","65.232355","66.147697","65.961851","65.926245","65.575944","66.451604","66.384696","66.880652","22.227456","19.991443","48.25475","61.691886","70.091803","71.066743","72.556831","73.791592","74.664856","75.102807","75.65878","76.65751","76.395308","76.103256","75.035409","75.396246","75.692047","76.604978","76.993524","77.468652","77.624593","77.946353","78.15884","78.225686","78.606261","79.507057","79.160899","78.976316","76.764245","75.132446","77.458158","79.814949","80.189737","",
"Belarus","BLR","Survival to age 65, male (% of cohort)","SP.DYN.TO65.MA.ZS","66.299656","67.214236","67.512172","68.061255","68.824697","69.240947","69.061847","68.94822","68.519779","67.823468","67.272333","66.847921","66.825054","66.596361","65.939709","64.933857","63.908341","63.269494","62.533093","61.953895","61.496829","61.418153","61.277054","60.633296","60.601076","61.829142","63.572431","64.438918","63.312665","61.997871","60.403858","59.063832","56.749836","54.862418","52.89295","52.25113","51.566133","51.288647","50.680336","50.957726","50.837932","50.33318","49.534181","49.631044","50.072405","50.723917","51.979618","53.419704","54.371687","54.226629","54.103936","55.712449","57.997822","60.974111","62.541545","64.055708","65.266579","65.803647","65.550754","65.176586","60.197672","60.230328","65.428405","65.645999","66.804116","",
"Belize","BLZ","Survival to age 65, male (% of cohort)","SP.DYN.TO65.MA.ZS","51.219685","47.44228","53.967847","55.040717","55.978349","56.870378","57.45128","58.403951","58.994349","59.766974","60.551326","61.218951","61.916003","62.463213","63.012145","63.533602","63.989933","64.412626","64.690292","65.149961","65.489668","65.849116","66.31523","66.480233","66.955914","67.444502","67.735867","68.112898","68.513152","68.525544","68.373788","68.07502","67.648979","67.121456","66.659717","65.870809","65.036459","64.095645","63.059715","62.829896","62.570355","62.676928","63.542528","64.316064","65.067035","65.67562","66.099173","66.285676","66.269662","66.306503","66.23389","66.237095","66.297266","66.382028","66.515542","66.822328","67.176801","67.551434","68.129936","68.696299","66.702473","65.547436","68.206869","71.012808","70.951189","",
"Bermuda","BMU","Survival to age 65, male (% of cohort)","SP.DYN.TO65.MA.ZS","62.018449","64.138194","64.797359","63.921242","62.998733","62.636836","62.369268","61.94918","61.323611","61.148795","61.42268","62.758755","64.372876","66.363875","67.572168","67.945749","67.74218","67.888698","68.418715","69.20015","69.431913","69.634686","69.621278","69.850736","69.995726","69.779165","69.486092","69.525067","69.743089","70.231603","70.900935","71.709163","72.215586","72.783792","73.45786","74.485556","75.681353","76.679366","77.549862","78.432967","79.412701","80.443224","80.933756","80.698388","80.435907","80.004774","79.732185","80.061663","80.429935","80.859743","81.266007","81.550139","81.80781","82.177688","82.690696","83.165858","83.59187","84.024343","84.586389","85.019599","85.275344","85.796754","86.378211","86.814489","87.084719","",
"Bolivia","BOL","Survival to age 65, male (% of cohort)","SP.DYN.TO65.MA.ZS","32.234744","32.585085","33.150779","33.543746","33.944542","34.490503","34.92434","35.54223","36.146798","36.72718","37.179982","37.723421","38.339498","38.949735","39.707508","40.55824","41.586861","42.169342","42.955741","43.732857","44.408899","45.010184","45.287452","45.628959","46.210842","46.774976","47.382117","48.273127","49.07898","49.865308","50.771977","51.65533","52.08748","53.069979","53.718362","54.199473","54.845924","55.405029","55.933028","56.298225","56.735527","57.187223","57.785646","58.248242","58.734374","59.163634","59.696757","60.176732","60.721376","61.266395","61.741856","62.147521","62.605215","62.800641","63.062636","63.396483","63.650813","63.774247","63.992163","64.141263","48.036672","43.343373","62.029035","65.016836","65.230157","",
"Brazil","BRA","Survival to age 65, male (% of cohort)","SP.DYN.TO65.MA.ZS","43.797373","44.345563","44.875258","45.444753","45.940763","46.435133","46.968501","47.52485","48.162652","48.747934","49.358746","49.972668","50.616341","51.239754","51.843448","52.578719","53.27969","53.983851","54.674429","55.267896","55.864768","56.431469","56.977367","57.514092","58.113088","58.723452","59.318167","59.898585","60.349637","60.633425","60.892575","61.116517","61.313695","61.628242","62.137584","62.675987","63.215829","63.729666","64.14283","64.627305","65.108101","65.632874","66.231939","66.969314","67.657293","68.364769","69.086896","69.689036","70.202243","70.666994","71.112973","71.477158","71.93736","72.452335","72.859963","73.529233","73.379175","74.258218","74.821422","75.501009","73.396334","69.007657","73.822413","75.790679","75.604225","",
"Barbados","BRB","Survival to age 65, male (% of cohort)","SP.DYN.TO65.MA.ZS","60.728659","61.277034","62.678839","63.645291","64.910897","65.823396","66.825306","66.728551","67.392111","67.712806","67.395856","67.283254","67.803431","66.994425","67.426707","68.454524","69.006811","69.899369","70.806215","71.497719","72.958118","74.248752","74.475146","74.768756","74.850281","74.887772","75.14978","74.751453","74.133424","73.678833","73.530762","73.389804","73.16411","72.900595","72.480528","72.587768","72.786649","72.430184","73.77871","74.067107","74.68083","75.425035","76.004553","76.334278","77.130331","76.558764","76.773506","77.015213","77.121084","77.350981","77.527277","77.716079","78.026991","78.122227","78.321094","78.592822","78.773377","78.947059","79.189955","79.392312","79.713312","79.600856","78.84956","79.353469","78.532639","",
"Brunei Darussalam","BRN","Survival to age 65, male (% of cohort)","SP.DYN.TO65.MA.ZS","52.734325","53.62978","50.512164","55.411617","56.531822","57.243625","58.417927","59.216273","60.236797","61.002045","61.880282","62.813154","63.609983","64.261606","64.959618","65.693937","66.270059","66.698693","67.236537","67.638169","67.984094","68.29647","68.58753","68.930849","69.142514","69.422738","69.763432","70.013234","70.373864","70.70882","71.046564","71.419548","71.808731","72.220818","72.655692","73.150088","73.571991","74.029045","74.518733","74.945235","75.338326","75.700849","76.009338","76.310912","76.497436","76.672616","76.83375","76.933986","77.005241","77.025365","77.060073","77.086378","77.107525","77.128804","77.15787","77.200143","77.259032","77.339257","77.439843","77.560202","77.692223","77.079682","71.856351","78.116551","78.397551","",
"Bhutan","BTN","Survival to age 65, male (% of cohort)","SP.DYN.TO65.MA.ZS","21.851662","22.190385","22.579287","23.018688","23.517206","24.06347","24.715258","25.440513","26.216118","27.011589","27.837701","28.694883","29.550454","30.398832","31.287055","32.318879","33.278597","34.244958","35.22788","36.218235","37.216487","38.285748","39.401297","40.501525","41.603981","42.599469","43.733455","44.897521","45.960498","46.974868","47.946307","48.869987","50.022023","51.091109","51.872375","53.187515","54.277521","55.289541","56.355335","57.480437","57.170574","59.576856","60.592347","61.69882","62.740108","63.714711","64.661917","65.827657","66.88357","67.709555","68.660589","69.562952","70.470832","71.246936","71.914537","72.492676","72.997278","73.435882","73.930142","74.44969","74.810916","75.236362","75.738466","76.119078","76.564703","",
"Botswana","BWA","Survival to age 65, male (% of cohort)","SP.DYN.TO65.MA.ZS","39.969724","40.611591","41.269473","41.897783","42.461611","43.000734","43.487248","44.041103","44.636074","45.264083","45.962928","46.749122","47.563212","48.41571","49.298171","50.182761","51.109268","52.022309","52.827722","53.624304","54.067063","54.677358","54.909636","54.650701","54.243174","53.187561","51.864318","49.57479","46.425698","44.477878","41.767973","38.569637","38.800803","38.014712","35.072391","32.28981","32.774282","31.966902","31.035318","30.522354","30.012826","29.862013","29.986374","30.840395","32.264366","33.688017","36.126566","39.290232","41.185542","41.469288","42.798654","44.355273","46.102187","48.180247","50.387281","52.642956","54.987592","57.354764","59.442099","61.208374","61.599866","51.812247","64.719813","65.498305","65.674631","",
"Central African Republic","CAF","Survival to age 65, male (% of cohort)","SP.DYN.TO65.MA.ZS","26.906037","27.497522","28.115334","28.759941","29.436971","30.147006","30.899061","31.663386","32.45272","33.25862","34.082999","34.889626","35.675481","36.475537","37.200331","37.836959","38.449625","38.993231","39.459466","39.842551","40.143044","40.363465","40.499891","40.558008","40.537411","40.434185","40.245603","39.946905","39.527112","39.040934","38.393789","37.614134","36.653371","35.717436","34.693642","33.671891","32.620989","31.673549","31.248311","30.828252","30.388454","30.433979","30.330328","31.262286","31.815626","32.512436","33.047714","34.050723","34.93672","0.078023","27.438524","33.750575","36.083522","31.096944","14.885883","35.774569","33.250197","21.788513","35.145081","5.193477","30.206335","13.055793","0.318736","44.737751","45.118727","",
"Canada","CAN","Survival to age 65, male (% of cohort)","SP.DYN.TO65.MA.ZS","68.42122","68.804304","68.827548","68.747496","68.682657","69.055498","69.02617","69.124165","69.755129","69.868064","69.995557","70.526517","70.408499","70.459584","70.728738","71.151025","71.746952","72.006522","72.567177","73.36693","74.261192","74.988131","75.675743","76.48075","76.96933","77.348053","77.633965","78.221376","78.553617","78.98846","79.519225","80.035906","80.337343","80.55944","80.888027","81.310451","81.980537","82.519211","83.185288","83.397698","83.785565","84.088665","84.432425","84.548168","84.885244","85.108081","85.521734","85.59365","85.825029","86.335353","86.581013","86.881067","87.047931","87.097638","87.122853","87.188984","87.066966","86.834003","86.747264","87.254457","85.922707","85.669888","82.954281","87.005169","87.769799","",
"Central Europe and the Baltics","CEB","Survival to age 65, male (% of cohort)","SP.DYN.TO65.MA.ZS","65.5412335396508","66.4348614863292","66.3091325293951","66.9375106515919","67.8366699629527","67.9651405561685","68.0665115773579","67.6507043676601","67.2650571243626","66.3803151857233","66.4639228417446","66.6505413042345","67.084539820816","67.3265264404747","67.3333414231897","66.964016723061","66.7250435941277","65.9458546730621","65.4661537669513","64.8909635286591","64.5114457264172","64.4419061978523","64.6317156389418","63.9346527339124","63.5048918619054","63.2590968380009","63.5626848588927","63.6248463858816","63.7457590054152","63.2781358926423","62.4614211486143","62.2444064406957","61.9379883369037","62.1163397718431","62.1039934225178","62.4979163684774","63.3336756882108","63.7853616862994","64.5142178720812","65.6844095230694","66.6144719771911","67.1121199752497","67.5263966828945","67.9023714292462","68.5063514284516","68.7215005595252","69.1394261333908","69.4302926247494","70.0085293650516","70.7069838082258","71.4327409819121","72.3954090713054","72.9714836889491","73.8826407620462","74.1238727326496","74.4771453267936","74.7478558598953","75.0777137978728","75.0706604188636","75.5617769363218","73.7650226079312","71.362886411658","75.2784040387253","76.7760915386757","77.2348979249622","",
"Switzerland","CHE","Survival to age 65, male (% of cohort)","SP.DYN.TO65.MA.ZS","70.308064","70.190536","69.875649","69.757112","71.001531","72.15367","72.016067","72.439203","72.536373","72.336648","72.971297","73.236253","74.043436","74.659862","75.390177","75.623227","75.738189","76.344741","76.20489","76.74996","76.723555","76.888372","77.427485","77.417543","78.3379","78.833586","79.220099","79.475502","79.558523","80.002062","80.008977","80.028904","80.489688","81.534865","81.912469","81.88538","83.211839","83.478362","83.461055","84.307399","84.434824","85.131771","85.466808","85.811821","86.282629","86.610226","87.254425","87.32927","87.789024","87.887585","88.502838","88.860354","88.86915","88.991141","89.536589","89.380054","90.257253","90.018552","90.383733","90.810427","90.379346","90.368386","90.009501","91.017015","90.991917","",
"Channel Islands","CHI","Survival to age 65, male (% of cohort)","SP.DYN.TO65.MA.ZS","72.675642448354","70.1441039889515","70.7157725367657","69.6329245806191","71.1452945442141","71.0838514006992","72.7377311819194","71.8353203921491","70.3441459489432","70.6974519864931","70.9071618784018","70.8587553552957","71.1769876902217","72.1284521546645","71.1741044805736","71.7580758820061","72.215322191175","72.707006016806","73.4893944890677","73.4506853903517","75.1388490383924","73.9529036866067","73.8028967345752","76.916290801525","77.516780223563","77.2440827495337","78.5252355966613","78.8365657930334","78.949930407095","80.4193605199226","80.8483538892483","80.0609691049775","81.600895073347","81.2967724442532","82.3524513597242","82.924342966721","83.6299366978438","83.9418173157212","84.3857640614755","85.8008513866404","85.0790132502311","85.336610710475","85.6417078082917","86.0241017315696","86.6994385952111","87.1126606314174","87.4966635847835","87.8092133472409","88.0751679620694","88.3130072045851","88.6565396253867","88.902396850154","88.8691064183614","89.0474516879767","89.0810249786655","88.8750116751859","88.6597479304553","88.3508938507373","88.338586665005","88.5646872458697","88.2614444532769","87.5405564115603","88.5023490934951","88.5776473502255","88.7416811359967","",
"Chile","CHL","Survival to age 65, male (% of cohort)","SP.DYN.TO65.MA.ZS","48.343379","47.694242","48.425727","48.769102","49.659088","50.586704","52.236963","53.113577","54.095375","54.925682","55.130318","55.993252","57.31921","58.546233","60.124475","61.822506","63.016383","63.948827","64.661902","65.971454","67.004726","67.721808","68.299947","69.308258","69.935396","71.147267","72.35328","73.114372","73.335454","73.855931","74.313295","74.744248","75.147755","75.623965","76.027802","76.454523","76.800915","77.182224","77.974329","78.428517","78.852326","79.33204","79.374628","79.712123","80.321674","80.87094","81.181441","81.472688","81.717998","81.814774","82.147365","82.679227","82.939514","83.382511","83.508514","83.72965","84.064961","84.395571","84.206658","83.66632","82.692243","80.988343","81.333063","84.889757","85.758885","",
"China","CHN","Survival to age 65, male (% of cohort)","SP.DYN.TO65.MA.ZS","15.916464","22.788568","35.484671","36.776748","37.944819","38.997807","40.351002","41.786136","43.396642","44.948463","46.616726","48.508333","50.073238","51.619099","52.734562","53.920683","54.563031","56.520993","57.658788","58.74295","59.723062","60.672448","61.543042","62.448425","63.247294","63.963936","64.605607","65.264597","65.899713","66.557932","67.106744","67.905934","68.756544","69.36508","69.854446","70.640162","71.413607","72.07402","72.699052","73.321109","73.813461","74.40593","74.93754","75.45402","75.965446","76.451324","76.907927","77.548092","77.510928","78.189534","78.748861","78.903701","79.302935","79.670848","80.060367","80.378495","80.659112","80.420412","81.329196","81.743736","81.495929","81.888934","82.145251","82.033392","81.659512","",
"Cote d'Ivoire","CIV","Survival to age 65, male (% of cohort)","SP.DYN.TO65.MA.ZS","25.13154","25.88449","26.55296","27.317936","27.992356","28.738301","29.405463","30.1773","30.980531","31.796383","32.602659","33.456285","34.437591","35.313879","36.315143","37.313013","38.339506","39.178254","40.087567","40.776899","40.995531","41.063512","41.227027","41.319329","41.748796","42.067391","42.279149","42.446008","42.314904","42.15433","41.995238","41.7275","41.434021","41.133324","40.792331","40.051091","39.856072","39.648018","39.318893","39.059533","38.952963","38.780228","38.778319","38.238752","38.588611","38.977649","39.722045","40.333269","41.028021","41.674541","42.376137","43.548629","44.429072","45.083819","46.702101","47.442803","48.173194","48.902098","49.64145","50.38331","49.132248","49.369614","52.348727","52.97822","53.229972","",
"Cameroon","CMR","Survival to age 65, male (% of cohort)","SP.DYN.TO65.MA.ZS","13.00332","13.25539","33.455417","33.853066","34.357316","35.005783","35.82529","36.762343","37.80737","38.978383","39.918816","40.682771","41.201657","41.408719","41.452495","41.538842","41.46768","41.419764","41.486445","41.501137","41.771826","41.983991","42.657272","43.459968","43.706567","44.590424","44.58898","45.382244","45.494605","45.364769","45.210974","44.88366","44.673431","44.417765","43.882683","43.634967","43.529484","43.187686","43.295535","43.712819","44.266751","44.743276","45.121676","45.451675","45.818988","46.250426","46.633293","47.064967","47.470484","47.6181","48.113485","48.793828","49.593324","50.30335","50.530664","51.341717","52.299032","53.084498","53.473925","54.411207","53.409926","51.94533","55.084216","58.018859","58.424594","",
"Congo, Dem. Rep.","COD","Survival to age 65, male (% of cohort)","SP.DYN.TO65.MA.ZS","29.543665","27.847274","28.154797","28.420039","26.708237","27.944322","31.273355","31.237015","31.776429","32.12382","32.465015","32.815402","33.258414","33.467663","33.766857","34.061679","34.316232","34.560896","33.754472","35.167138","35.634836","35.869228","36.074638","36.423601","36.857555","37.110062","37.581776","38.009032","38.450906","38.880766","39.28649","39.747961","40.126657","40.145214","40.535172","41.135791","38.247921","40.336301","36.582552","37.18898","42.72186","43.125348","43.063415","44.206651","45.340311","45.978345","46.736761","47.425215","47.965032","48.283013","49.333652","50.049035","50.492899","51.074165","51.71609","52.261936","52.820697","53.365112","53.872651","54.274284","53.766004","52.441897","54.425653","56.433692","56.700852","",
"Congo, Rep.","COG","Survival to age 65, male (% of cohort)","SP.DYN.TO65.MA.ZS","35.996038","36.916","37.690952","38.511202","39.195822","39.96931","40.609271","40.970161","41.845368","42.358847","42.886592","43.379239","43.749519","44.222575","44.534804","44.935505","45.230496","45.613047","45.790776","45.861979","46.079937","46.207726","46.32028","46.538146","46.690302","46.915574","47.093683","47.169429","47.249389","47.194585","46.963901","46.613807","46.417482","45.874652","45.218056","45.429561","45.256363","26.795906","38.343225","43.691262","46.189082","47.129307","47.79332","49.070048","50.357134","51.357309","52.269298","52.679412","53.522445","53.864487","54.858493","55.197224","55.742671","55.960236","56.53041","56.890008","57.185404","57.580634","57.879007","55.483981","56.737508","56.264729","58.233286","60.109082","60.474006","",
"Colombia","COL","Survival to age 65, male (% of cohort)","SP.DYN.TO65.MA.ZS","49.587226","50.561667","51.490334","52.461809","53.20239","54.003686","54.744807","55.348084","55.855286","56.327851","56.738857","57.314871","57.892378","58.281123","58.828479","59.314057","60.093171","60.713871","61.325989","61.421618","61.998774","62.376629","63.026527","63.365795","63.816565","58.498844","63.01272","62.346383","62.229845","62.673371","62.433231","62.344533","62.195894","63.169385","64.192666","65.343759","66.127487","66.910766","67.321738","67.391401","67.292142","67.891738","68.671975","70.57871","71.874521","73.011208","73.886231","74.434301","75.281949","75.992284","76.499695","77.152333","77.945188","78.557129","78.968319","79.196172","79.382128","79.528643","79.683195","80.101593","75.931068","70.476112","79.366604","81.88909","81.988023","",
"Comoros","COM","Survival to age 65, male (% of cohort)","SP.DYN.TO65.MA.ZS","28.049485","28.478852","28.870635","29.259608","29.801874","30.099949","30.772148","31.301442","32.007917","32.784828","33.652888","34.62801","35.566767","36.464068","37.29324","35.927313","38.779286","39.524023","40.237193","40.600354","41.305199","42.01237","42.765863","43.331096","44.231827","44.907884","45.651219","46.325557","47.203922","47.342264","48.616694","49.25526","49.767663","50.169157","50.462622","50.703058","50.88514","50.085721","50.429648","51.356773","51.406521","52.458705","52.583556","53.397545","53.868695","54.383159","54.930083","55.292002","56.101313","56.689136","57.479156","58.077408","58.589708","59.16998","59.525196","59.992352","60.440263","60.979849","61.293767","61.667414","61.095936","59.509598","62.788103","63.263618","63.627276","",
"Cabo Verde","CPV","Survival to age 65, male (% of cohort)","SP.DYN.TO65.MA.ZS","35.933597","37.311274","38.932384","40.695012","42.539938","44.367427","46.0308","47.488325","48.765734","49.736811","50.412376","50.841607","51.133473","51.373846","51.524057","51.855173","51.990761","52.469769","52.690252","52.863024","52.99662","53.102599","53.178203","53.27518","53.197575","53.481077","53.626747","53.789008","53.962448","54.126403","54.269414","54.132116","54.043059","54.034835","54.038945","52.218357","55.124965","55.955365","57.036794","58.289515","59.682081","60.740893","62.458873","63.655072","65.121882","65.827987","67.101943","67.21944","68.170711","68.529219","69.803277","70.547104","71.564121","71.766635","72.427227","72.972163","73.471868","74.362768","74.695254","76.380316","70.593149","73.501647","77.304029","77.560573","77.629791","",
"Costa Rica","CRI","Survival to age 65, male (% of cohort)","SP.DYN.TO65.MA.ZS","62.775819","63.470013","64.153696","64.367922","64.678049","65.518799","65.724622","66.162987","66.516115","67.303809","67.390913","68.066774","68.68983","69.402238","70.170452","71.010559","72.020847","73.096325","73.920938","74.970939","76.130829","77.071423","77.763819","78.380507","78.619577","78.896851","79.013686","79.162068","79.55494","79.855467","79.947474","79.963719","80.13238","79.907653","80.055443","80.198218","80.231755","80.516832","80.914952","81.186145","81.535247","81.846731","82.235816","82.57546","82.634281","83.024509","82.943717","82.761127","82.665132","82.834508","82.670518","82.997444","83.355278","83.461551","83.364961","83.104333","82.932523","83.118028","82.456959","83.347433","82.27919","78.72992","82.036073","83.89217","84.338397","",
"Caribbean small states","CSS","Survival to age 65, male (% of cohort)","SP.DYN.TO65.MA.ZS","51.7152426234455","52.3564933080093","53.3791587522797","53.772358041024","54.2534519014074","54.5402579870826","54.7214577583148","54.9126851894789","55.1063034103452","55.1304358022898","55.2052550642632","55.2463079718224","55.4619542950548","55.7021177578124","55.9724912585691","56.2750332589406","56.82746726303","57.1230959114735","57.3747966558405","58.0004794719935","58.2388335546889","58.3318960490609","58.3983006307038","58.2276536060222","58.6450445440161","58.8124692445211","58.9582960500761","59.1054940160797","59.4166951288165","59.7484472922015","60.0813565222719","60.325747699645","60.4849866628865","60.6269227731211","60.5912141408302","60.4828548721926","60.5157817243277","60.6807218246392","61.120936906681","61.5290855258846","61.8440877369448","62.4166076766207","62.9399518337079","63.3392113501238","63.992300041685","64.6760627032852","65.2698127613449","65.9978219877958","66.5231417514933","66.9494265895957","67.3053502145211","67.8006087734204","67.9618971645728","68.1174302029685","68.3559357121662","68.4761320673296","68.6835168664167","68.8723274230635","68.729500141602","68.768675257536","67.5612231595759","63.5123537757303","69.9695551332561","70.6115798804033","70.6638673729171","",
"Cuba","CUB","Survival to age 65, male (% of cohort)","SP.DYN.TO65.MA.ZS","60.11986","60.499192","61.550413","61.72871","63.041606","63.798295","64.646043","65.294588","65.924252","66.423496","67.545583","68.292074","69.114507","69.519305","70.348172","71.165611","71.984681","72.919269","73.66668","74.243724","74.410507","74.817968","75.17437","75.403023","75.532816","75.239992","75.201428","74.78639","74.948749","74.796066","75.070962","75.054386","75.343603","75.410225","75.758912","76.191065","76.625668","76.858444","77.033871","77.31535","77.766181","78.363313","78.813246","79.260281","79.192767","79.466011","79.552181","80.058152","80.098771","80.263921","80.509784","80.609447","80.529838","80.16847","79.859689","79.726365","79.392566","79.031881","79.048601","78.929569","79.097876","72.476663","79.182813","79.691027","80.41816","",
"Curacao","CUW","Survival to age 65, male (% of cohort)","SP.DYN.TO65.MA.ZS","61.174098","61.73389","62.123988","62.537519","62.942126","63.341588","63.769114","64.11437","64.525229","64.859069","65.318306","65.654748","66.148388","66.555483","67.025424","67.502031","67.982846","68.398374","68.87598","69.304274","69.689735","70.063171","70.441083","70.6732","71.013344","71.325381","71.547673","71.780948","71.927884","71.941106","72.292597","72.429112","72.579055","72.651038","72.720021","72.74689","72.863858","72.938088","72.942436","73.015233","73.147867","73.243855","73.393225","73.610714","73.824427","74.053317","74.16921","74.476255","74.852125","75.174339","76.10851","76.588348","77.355042","77.796276","77.823022","77.608804","76.813471","77.002415","77.096667","77.208421","77.029304","75.623925","77.5296","77.654563","78.012691","",
"Cayman Islands","CYM","Survival to age 65, male (% of cohort)","SP.DYN.TO65.MA.ZS","48.857298","49.93633","51.142024","52.422783","53.667845","55.347993","56.145094","56.879783","57.736823","58.352968","58.937269","59.348997","59.941294","60.290884","60.875019","61.396087","61.901021","62.655859","63.27477","64.109141","64.849486","65.594178","66.344769","67.076072","67.780127","68.452917","68.995561","69.446041","69.823525","70.138451","70.501616","70.736387","70.976678","71.131281","71.279287","71.366647","71.546749","71.792756","72.167107","72.562114","73.01564","73.52084","73.795545","73.877434","73.927664","74.258892","74.468277","74.760042","75.211292","75.77655","76.534762","77.529948","78.647632","79.398897","79.733833","80.173618","80.588646","80.988834","81.280204","81.458015","81.525437","81.515318","82.510937","82.918287","83.230148","",
"Cyprus","CYP","Survival to age 65, male (% of cohort)","SP.DYN.TO65.MA.ZS","54.707192","56.228079","57.501869","50.217716","50.980959","59.991381","60.613063","61.309206","61.925723","62.631515","63.554811","64.063002","64.497564","65.218845","23.64495","68.256964","69.313354","70.319202","71.385238","72.257273","73.778897","74.033149","74.825453","75.090623","75.352321","76.763924","77.063122","77.783623","78.033569","78.909593","79.477158","79.94291","79.871553","79.996215","80.249914","80.596818","81.121713","81.49135","81.55335","82.392321","82.963964","83.295133","84.308939","84.540993","84.756122","84.996948","85.28909","85.767931","85.84151","86.690221","87.09881","87.498872","87.847443","88.210096","88.360351","88.581575","88.749189","88.992453","89.136453","89.149858","88.571241","87.1116","88.20924","89.781372","89.600762","",
"Czechia","CZE","Survival to age 65, male (% of cohort)","SP.DYN.TO65.MA.ZS","67.043219","67.726452","66.332808","66.797116","67.255391","66.892667","67.040325","66.458848","65.372866","63.948628","64.196745","64.524434","65.785467","65.467123","65.681686","66.089328","66.317061","66.126954","65.739534","65.642183","64.654379","65.077003","65.402944","64.511567","64.718889","64.908951","65.024017","65.753542","66.226483","66.309574","64.583157","66.53079","66.96306","68.772471","69.225887","69.893138","70.57699","70.923074","72.515865","72.70216","73.360943","74.380372","74.478613","74.553086","75.352097","76.039397","76.836644","77.03819","77.370063","78.018005","78.386308","79.031778","79.730342","80.361108","81.322322","81.437097","82.124941","81.973957","82.164301","82.529951","81.673571","79.170118","82.589283","83.702344","83.916794","",
"Germany","DEU","Survival to age 65, male (% of cohort)","SP.DYN.TO65.MA.ZS","66.713742","67.458005","67.593078","67.634127","68.167269","68.321062","68.442355","68.86855","68.338247","67.82131","68.340523","68.892792","69.085903","69.561631","70.234536","69.719464","70.493919","71.307692","71.093386","71.565536","71.899044","72.223936","72.732826","73.136244","73.760106","74.2237","74.643471","75.099184","75.399833","75.730593","75.30899","75.408872","76.044807","76.378512","76.915696","77.425753","78.017154","78.896591","79.765993","80.276498","80.633705","81.183856","81.470885","81.661804","82.395934","82.697181","83.153224","83.371441","83.58921","83.756554","83.963666","84.372764","84.68628","84.744755","85.151637","84.8906","85.190026","85.649519","85.511724","86.014305","85.845827","85.213762","84.786131","86.198459","86.34677","",
"Djibouti","DJI","Survival to age 65, male (% of cohort)","SP.DYN.TO65.MA.ZS","32.166891","32.642011","32.918197","33.303364","33.704738","34.26875","34.669364","35.305793","35.798506","36.493113","37.061812","36.38507","38.293848","38.917815","39.454365","40.044798","40.546702","41.057457","41.569999","42.066354","42.685804","43.062442","43.763496","44.312683","44.871011","45.345733","45.951385","46.407777","46.768684","47.075962","47.003196","45.327872","42.152355","47.22798","47.056253","48.216247","48.421827","48.172215","48.553413","48.645924","49.046034","50.17349","50.318332","50.271631","49.995589","50.386761","50.974133","51.560463","52.227868","53.337623","53.985884","55.011964","55.56083","56.195526","56.518835","57.087344","57.985352","58.585592","59.196127","59.63476","58.560848","57.38891","61.428762","62.251123","62.569555","",
"Dominica","DMA","Survival to age 65, male (% of cohort)","SP.DYN.TO65.MA.ZS","58.675535","59.938433","60.629741","60.835821","61.031304","61.471871","61.748331","61.929272","62.358963","62.831145","63.317252","63.832323","64.61507","65.304286","65.804284","66.5086","67.054481","67.630027","68.511698","68.276423","70.99403","72.159288","72.850685","73.174667","72.436333","71.318496","69.718281","68.279164","66.909786","65.976193","65.547716","65.598436","65.740122","66.014616","66.423101","66.706075","67.20759","67.801898","68.350004","68.96047","69.586333","70.047298","70.308276","70.521016","70.744333","70.927693","71.033365","70.930134","70.998921","70.85336","70.648205","70.468111","70.388565","70.247981","70.13919","68.894111","70.116319","67.279407","70.861752","70.51446","70.245816","67.106772","69.701965","70.048905","70.274863","",
"Denmark","DNK","Survival to age 65, male (% of cohort)","SP.DYN.TO65.MA.ZS","74.397035","74.343354","73.562537","73.762396","73.209029","73.047761","73.402832","73.441704","74.125398","74.130597","73.92939","73.50504","73.518199","73.781222","73.72308","74.339968","73.441093","74.73991","74.538106","73.868284","73.585286","73.643846","74.273769","73.810569","74.260257","74.186692","74.48098","74.138269","75.172913","74.860553","75.430609","76.261669","76.405725","76.896426","76.775105","77.068691","77.656145","78.746028","79.1524","80.017608","80.397392","80.858975","80.870293","81.061433","81.463578","82.639519","81.940636","82.203351","83.086382","83.322806","83.775677","84.809143","85.351962","85.445006","85.66694","86.170241","86.328446","86.86418","86.959757","87.386307","87.993144","88.09566","88.127398","88.95231","88.236704","",
"Dominican Republic","DOM","Survival to age 65, male (% of cohort)","SP.DYN.TO65.MA.ZS","45.627295","46.681016","47.754506","48.610416","49.80319","41.941355","51.642133","52.55962","53.362404","54.146617","54.874896","55.481772","56.04209","56.619708","57.079077","57.487717","57.888278","58.249113","58.584525","58.305874","59.277068","59.65312","60.105289","60.541221","61.076505","61.578695","61.979189","62.346908","62.695419","63.018414","63.323966","63.682565","64.014467","64.348145","64.660649","64.912207","65.11859","65.352939","65.429237","65.731632","65.916923","66.223922","66.548071","66.895175","66.936144","67.687051","68.038517","68.245595","68.434879","68.472356","68.941266","69.349328","70.053059","70.681068","71.194036","71.489928","70.694304","72.139026","72.315313","72.268661","70.177938","68.815881","73.694992","73.557961","72.992468","",
"Algeria","DZA","Survival to age 65, male (% of cohort)","SP.DYN.TO65.MA.ZS","24.181387","24.078064","21.779311","32.079938","31.84221","31.638205","31.492427","31.450087","31.52578","31.732288","32.13233","32.655565","33.363855","34.21537","35.255098","36.440681","37.797229","39.220061","40.853428","43.341686","46.038503","50.343855","53.858399","57.334574","60.295533","62.838276","64.800107","66.795113","69.127137","70.368833","71.003106","70.144596","69.837162","68.401446","66.066167","66.926669","68.461177","69.950844","70.78955","72.802479","73.905833","75.106279","76.567607","77.220496","78.37645","78.756725","79.117964","79.394926","79.856197","80.280298","80.775845","81.14681","81.47473","81.70924","81.970605","82.241261","82.540776","82.751575","83.011559","83.283355","78.909714","82.394487","84.223677","84.561812","84.047724","",
"East Asia & Pacific (excluding high income)","EAP","Survival to age 65, male (% of cohort)","SP.DYN.TO65.MA.ZS","21.8895163006134","27.25538140093","36.9225660883175","37.9205083500777","38.9955746378963","38.2105010343032","40.5531114789844","42.1483311986664","43.1749692110252","44.6461632996032","45.9314695346361","47.5417532680723","48.5889213296052","50.1131040943433","51.0057466160098","52.4732392664499","53.2179862444728","54.9022250277423","55.9265264721045","56.9772856053249","57.9262169743389","58.7997331736084","59.6734605189502","60.5886655155518","61.4297393877485","62.1720391182102","62.7784733912171","63.4197706253582","64.0352325156621","64.6626139939416","65.1781605424116","65.8731218151437","66.6419081035411","67.22222758638","67.6319228476054","68.0776268566556","68.694239312751","69.2872843167254","69.7854460590486","70.2268724729597","70.6465138419489","71.1480715151158","71.5936160269558","72.1940914288334","72.2961136465491","73.033139010258","73.4295043546378","73.9979794938375","73.9033905200535","74.6046208965927","75.0546596024486","75.2577321116966","75.6003795212179","75.9188141585378","76.2362655184106","76.522220371771","76.7433791410815","76.6468738665754","77.2907891370188","77.5909513656753","76.9903581799097","76.2445827133443","77.7771282915847","77.912747973398","77.7412468410645","",
"Early-demographic dividend","EAR","Survival to age 65, male (% of cohort)","SP.DYN.TO65.MA.ZS","38.5924874731498","39.1430718006183","39.6971260756697","40.3041120360946","40.8453187227423","38.8045578327183","40.5215182723552","41.4223191753999","42.7957502589053","43.2878206272308","43.1789590239642","41.3094118113777","44.6302657893353","45.0559213245162","45.629503702625","46.2680780205045","46.8716537875196","47.5740734704109","48.1524374291343","48.9304294936421","49.5672805023048","49.97449923035","50.5820576112425","51.2855672962263","52.1027767815617","52.7726105470564","53.3401849393492","54.1076855354148","54.6055916484175","55.2519000554496","55.63010610517","56.0300951283948","56.6122488939509","57.0506984777177","57.4671139843255","57.9941918454986","58.4538908811502","58.9523539863092","59.4119008976512","59.8475373681003","60.485456920217","60.9581787849206","61.5185548070347","61.9551192396205","62.2491659660436","62.877264881981","63.4442857781654","63.9192231770231","64.2595939989466","64.8417677890972","65.2914142946701","65.8562386659211","66.3310842933726","66.8465776383688","67.3825250923009","67.8328729319879","68.320936074741","68.8465836001684","69.2781670457981","69.7814504793133","67.3904179601099","63.495242177044","70.6436424850454","71.3154121610421","71.6612070884556","",
"East Asia & Pacific","EAS","Survival to age 65, male (% of cohort)","SP.DYN.TO65.MA.ZS","27.5422217273308","32.3273400820603","40.6703334573826","41.7062430576381","42.6957266165345","42.1112903055055","44.1640254300673","45.8488168199918","46.696525528762","48.008520971502","49.1681381418531","50.7151777567017","51.6676960985453","53.0271877611267","53.8882583104738","55.2456333409544","55.9573363374398","57.4083377777979","58.30366313071","59.2844861591248","60.0165157260868","60.9079973039582","61.6798445672088","62.4288806270484","63.2549061055264","63.9447609604044","64.5251323134307","65.1229419188703","65.6944001887725","66.3031521342745","66.7800875734457","67.4303814968806","68.1322786907815","68.6803854977722","69.0705220002471","69.4743298722101","70.084797726753","70.6514480840918","71.0944683819876","71.5156358555323","71.9485445141645","72.4430017102272","72.8731045531367","73.4118114417435","73.5314557214213","74.1895524719843","74.592260180486","75.1298368947982","75.0754816443281","75.736335460537","76.161111275195","76.3410932221493","76.7039932774589","77.0219356656275","77.3406657038009","77.626828487082","77.8483171543298","77.7945131194204","78.3942283395753","78.6821117443997","78.1232186065646","77.4418905591859","78.764082025861","79.0139295058643","78.8504376236939","",
"Europe & Central Asia (excluding high income)","ECA","Survival to age 65, male (% of cohort)","SP.DYN.TO65.MA.ZS","54.4483025574625","55.1951000165928","55.6942465448831","56.1874023366392","56.5275963515768","56.6728241818391","56.7841257617383","56.93790202426","56.7627440510007","56.577447038361","56.5872274336461","56.684617394062","57.0732507323999","57.2560311471439","57.4310147153073","57.4690238435223","57.3656300934511","57.3859674285622","57.3584593581043","57.357575650875","57.6558414058307","57.8656207742135","58.2879572561365","58.5402373735377","58.9539770644319","60.067655269655","61.1825607255232","61.8637160829634","61.3130020649905","61.4745299614806","60.8270744383317","60.0271953591174","57.6858860129234","56.9685363212108","57.1949288444911","57.3778783527782","57.8654388857502","58.709375272649","59.3656749604976","59.1050870520809","60.0566448100744","60.4018919408557","60.8009149718347","61.1654431761938","61.3887858358136","61.5924583904708","62.0491981943689","62.7242522259723","63.788274028537","65.0832931896334","66.3129751396516","66.9153613187072","67.9294047428442","68.9320032164339","69.6584071553647","70.4747040337035","71.134014940125","71.9041518699487","72.2684446666493","72.7139550289594","70.8127958914878","69.5607567267928","72.1824974614081","72.9635655145891","73.8713184200187","",
"Europe & Central Asia","ECS","Survival to age 65, male (% of cohort)","SP.DYN.TO65.MA.ZS","63.530944780963","63.9708372982936","63.7759214366725","64.0639067397831","64.8240373957171","64.6476027569906","64.7925987598505","64.7559654636325","64.4253163259076","63.652104861659","64.1026479313741","64.2087577026089","64.5241710260428","64.7606583517303","64.8663909945616","64.5578500173275","64.5081220856007","64.5495343941688","64.4595367139694","64.4034187384477","64.5260642942821","64.8998307306528","65.5010086580092","65.5043923810413","65.6071407497817","66.4349058672601","67.8576945068519","68.2621577460992","68.2039389652663","68.0704439498967","67.6662584423426","67.3838001171487","66.3631130064309","64.9998057520804","64.6458722812915","65.0486899320432","66.2341539961239","67.4865335486907","68.0780929058012","67.6213790944611","67.7608997678273","67.9835426305159","68.0593255909857","68.2697043282729","68.9134854025244","69.1409924368365","70.1488923908382","70.9294111500274","71.5412795127146","72.4328776765939","72.8067770650573","73.8238683781197","74.5132973520345","75.1814095767467","75.5969989675966","76.0683426901624","76.6733237644954","77.4344402869275","77.5740241387135","77.9132760881516","76.7397924958946","75.6280732943528","77.3798876682182","78.3159362325571","78.7234446201283","",
"Ecuador","ECU","Survival to age 65, male (% of cohort)","SP.DYN.TO65.MA.ZS","45.099815","45.924743","46.751887","47.648429","48.516644","49.326336","50.089735","50.793406","51.524425","51.946079","52.802677","53.465051","54.132135","54.793655","55.443784","56.05781","56.605778","57.256235","57.864649","58.486566","59.137756","59.816747","60.478069","61.013734","61.807076","62.401697","62.997902","63.521416","63.982376","65.247838","65.921832","66.506091","66.882579","67.660871","68.697264","69.189864","69.878189","70.060776","70.329221","70.559632","71.142402","71.812136","72.600184","73.234517","73.621121","73.862805","74.075164","74.46953","74.796156","75.273782","75.990284","76.768499","77.62735","78.454884","79.123867","79.314969","79.242039","79.503241","79.306853","79.324417","67.638619","70.617182","77.905175","79.469369","80.454401","",
"Egypt, Arab Rep.","EGY","Survival to age 65, male (% of cohort)","SP.DYN.TO65.MA.ZS","36.80843","37.486767","38.076724","38.602997","39.048554","39.399672","39.650487","39.162495","39.946952","39.520621","39.771049","40.525686","40.922127","40.296969","42.063627","42.783784","43.587242","44.454477","45.35655","46.264874","47.172634","48.055161","48.904592","49.732199","50.554327","51.38241","52.225724","53.095148","53.992367","54.898668","55.804791","56.706226","57.564031","58.449525","59.221243","60.015132","60.742509","61.330365","61.800754","62.149506","62.388868","62.563558","62.670181","62.750683","62.813604","62.886632","63.00719","63.181561","63.427989","63.782214","64.222805","64.684583","65.390307","65.957631","66.831618","67.5619","68.528651","69.383514","70.177616","70.868484","68.979716","68.402567","70.116305","71.840107","71.553983","",
"Euro area","EMU","Survival to age 65, male (% of cohort)","SP.DYN.TO65.MA.ZS","67.0105304840219","67.5492538713458","67.1514275214323","67.14043675286","68.081038830844","68.1222498697653","68.5891393645126","68.7465567470526","68.6078024061716","67.9641827060606","69.0938432293693","69.1941663622459","69.6917836147937","70.0315168440244","70.4320483278723","70.3292246990696","70.7241426600408","71.4185051888813","71.5346323750073","71.9798401469708","72.2285030653588","72.644317637913","73.1905689971422","73.2925823430013","73.8296178288261","74.2241124499766","74.7815766013674","75.2810941752724","75.6288352432363","75.849990290298","75.923349688812","75.8979496482216","76.4506023703003","76.7928964560126","77.2731047512278","77.6535738306879","78.2950686783161","79.1333912561648","79.5997611047185","80.0151861572896","80.4794880071338","80.8461996650037","81.2036680935154","81.4921400918648","82.2654935640473","82.4824887801272","82.8903818748844","83.1596096722474","83.5319029296026","83.8585857769318","84.2679075830085","84.6598875754338","84.9248004187996","85.2793859247825","85.6767741885891","85.599207307141","85.9579011748346","86.2181580782315","86.351579238805","86.7898946330983","86.2625099991798","85.9486230939097","85.6686117081842","87.2609726133769","87.3435594535457","",
"Eritrea","ERI","Survival to age 65, male (% of cohort)","SP.DYN.TO65.MA.ZS","23.627123","24.097074","24.517653","25.076174","25.348783","25.759032","23.447702","26.151021","26.512915","26.851636","27.245431","27.638778","26.609173","27.002267","23.514456","22.657354","26.612986","27.0602","27.564808","28.241083","30.154868","30.709533","29.813922","21.192116","21.795538","22.970179","24.872129","33.808187","35.041747","33.893133","37.738996","38.749108","43.559782","44.631873","45.800174","46.850078","47.622445","48.258364","27.412335","16.738027","46.241806","50.930639","51.719933","52.353329","53.449698","54.306839","55.831799","56.627092","57.131267","58.57833","59.229541","60.157612","60.895269","61.230406","62.141136","62.709678","63.144901","63.763381","64.356198","64.908001","63.586919","63.356324","65.301961","67.163557","67.550287","",
"Spain","ESP","Survival to age 65, male (% of cohort)","SP.DYN.TO65.MA.ZS","68.776307","69.388315","69.070947","69.080278","70.125942","70.861397","71.247257","71.249363","72.020708","70.822041","72.498154","71.582147","73.748339","73.174069","73.71851","74.029575","74.515317","75.217793","75.324432","75.875153","76.77711","77.04301","77.881058","77.680725","77.844318","77.752659","78.18953","78.407863","78.235645","78.077705","78.163556","78.085244","78.462468","79.018135","79.519642","79.561527","79.863814","81.038935","81.450744","81.466938","81.978489","82.298737","82.541117","82.707109","83.462402","83.678785","84.174738","84.497681","85.013008","85.601552","86.053854","86.393569","86.675664","87.140551","87.404161","87.460084","87.717626","88.018121","87.982892","88.406242","87.544931","87.737777","86.496829","88.693251","88.841744","",
"Estonia","EST","Survival to age 65, male (% of cohort)","SP.DYN.TO65.MA.ZS","62.668017","63.438585","63.766692","62.936739","64.629524","65.172102","64.807545","64.014103","63.576789","61.958961","62.185099","62.989811","62.048472","63.196884","63.022529","61.008371","59.382398","59.794799","58.464713","57.890624","58.657212","57.493466","58.250732","57.302958","57.542751","57.951181","61.826695","62.256454","61.761747","60.299987","57.820174","56.137213","55.357838","51.167287","46.764104","48.80935","55.077954","55.630905","54.194296","56.757131","57.676141","56.383471","57.71695","59.772549","59.883798","61.994138","62.017071","61.867104","65.219792","67.60899","70.200342","70.664243","70.835186","73.669929","72.672711","74.672902","74.67634","76.018236","75.95201","77.501957","76.629831","74.590391","76.114157","78.690852","78.385671","",
"Ethiopia","ETH","Survival to age 65, male (% of cohort)","SP.DYN.TO65.MA.ZS","24.197694","25.030012","25.474162","25.948842","26.217871","26.241115","23.907341","26.827688","27.000791","27.043492","26.981475","27.230892","25.874661","25.915435","23.61395","23.267397","25.459992","25.507769","25.711146","26.994645","27.662033","27.984169","28.56535","21.219016","22.124129","23.838696","25.186889","35.362882","35.061329","34.635446","33.379229","36.898628","38.308091","38.655531","38.616164","38.509435","39.275311","39.868828","40.456145","38.648898","42.140015","42.864516","43.3723","44.393546","45.154501","45.706049","46.99141","48.314779","49.832317","51.169593","52.668045","54.142442","55.369674","56.251341","57.283795","58.137064","58.83252","59.659175","60.342741","60.990385","60.690156","58.82307","62.318931","63.019099","63.469175","",
"European Union","EUU","Survival to age 65, male (% of cohort)","SP.DYN.TO65.MA.ZS","66.9840282400033","67.6158479090873","67.2846626366207","67.4283171546802","68.3040227584237","68.392478023143","68.7686493746173","68.7863293922542","68.6442923717734","67.9729845937491","68.8486316307214","68.9492614706836","69.4414292493965","69.7618208633358","70.0649009233396","69.9122202507823","70.1392309792586","70.4924934835987","70.48358066784","70.6914614009277","70.8052395416913","71.1558088440294","71.6314374687207","71.5645164085856","71.8791906954468","72.0602268437848","72.4911546986079","72.8855499160526","73.2029755648921","73.3138290556253","73.2353891893807","73.2636543035957","73.6028589616407","73.9626326312249","74.351397676083","74.7035742755781","75.2971239260194","76.0164113614032","76.568961196424","77.1516593009961","77.7308174426079","78.1607052059342","78.5342849141195","78.8330264187351","79.5505246784502","79.8131006085612","80.2245951311963","80.5239211613283","80.9130199032374","81.2821360933115","81.74365312483","82.2537302283282","82.5886096205501","83.0621132152246","83.4231542803775","83.4605459791682","83.7993243969095","84.0728172526925","84.1910244676964","84.644186943833","83.8753940218305","83.2341246583095","83.8266574022639","85.3420774859225","85.5071747483865","",
"Fragile and conflict affected situations","FCS","Survival to age 65, male (% of cohort)","SP.DYN.TO65.MA.ZS","35.3291905082719","35.7491763625938","36.5744782381533","36.9155769394195","37.2747519446551","37.5431253536078","37.7645475953068","37.8518647311231","38.3782135611882","38.6537565979531","39.4316056903938","39.9697584653333","40.0131128955846","40.4575127405713","40.625828122549","40.6220537282919","41.2702234231503","41.8801083572298","41.6833982457782","41.9592236589315","42.0711898062187","42.0155264027117","41.7306004489629","41.4120872090604","41.2468320226311","41.8052795074541","42.6761568010745","43.8773921486716","43.7952926351738","44.1563702781425","43.9827066872655","44.1364390042704","44.4422592597132","44.8376005004319","44.8565303579488","44.759296927438","44.648375937346","45.207554628837","45.0802242175058","45.5699044701237","46.7729783662024","47.0318024638189","47.7300623446543","48.0122993090147","48.3532588787689","48.8392715100457","49.4245064946765","50.2696781723784","50.681347694179","52.029787909601","52.702443492173","53.1728592611864","53.5791790126877","54.0329530733338","54.1137262622997","54.3357734322452","54.5915906400728","55.0204537416044","55.8655499731012","56.5454451962159","55.5545742307712","54.409588733856","57.2086494247463","58.2863801137994","58.8969435536755","",
"Finland","FIN","Survival to age 65, male (% of cohort)","SP.DYN.TO65.MA.ZS","61.231859","61.139339","60.426117","60.854082","60.91879","60.395675","61.59607","61.317509","61.309904","60.478846","61.987714","61.058432","62.905016","63.457312","63.516231","64.724047","64.762365","65.227584","66.822679","67.82442","68.806985","69.119723","70.306621","71.087882","71.093053","70.713531","71.345851","72.059375","72.126423","72.044168","72.727228","73.577553","74.534195","75.598356","76.593787","76.786844","77.358803","77.932576","78.047674","78.194003","79.010004","79.813633","80.362862","80.144572","79.993425","79.751616","80.715636","80.512378","80.873959","81.68711","82.091232","82.825941","83.621545","84.040722","84.690134","85.289409","85.273264","85.785162","85.925","86.62786","85.862661","86.415383","86.029508","86.893173","86.635885","",
"Fiji","FJI","Survival to age 65, male (% of cohort)","SP.DYN.TO65.MA.ZS","45.871723","46.162501","46.82572","47.458592","48.354894","50.911723","49.134751","49.194145","49.314516","48.637959","48.070441","47.973008","47.351827","45.550652","45.708941","45.91187","47.244063","48.303172","48.888913","47.455024","46.744294","46.758953","46.302906","47.510385","47.983184","51.079609","50.043234","50.767949","52.628327","54.139299","52.976932","54.216034","53.569077","53.828879","54.394001","54.93764","55.471019","55.843677","56.352994","56.735813","55.352229","55.421444","53.568044","54.312019","54.97011","55.111869","55.556424","55.71665","56.288301","56.131958","57.31458","57.362181","54.022187","56.731853","55.935674","55.716296","57.692138","58.155751","58.527449","58.934168","57.850538","52.612619","59.52522","60.212556","59.123208","",
"France","FRA","Survival to age 65, male (% of cohort)","SP.DYN.TO65.MA.ZS","65.759851","66.414415","65.655784","65.096468","66.713232","66.134741","66.868698","66.806798","66.887266","66.136237","68.189569","68.018748","68.28772","68.817365","69.059333","69.197882","69.229235","70.201145","70.362417","70.697887","70.962348","71.423978","71.792424","71.986119","72.413928","72.704247","73.118168","73.986072","74.426863","74.596556","75.169334","75.395151","75.840317","76.05582","76.615129","77.100414","77.610172","78.42308","78.862659","79.324514","79.726204","79.906546","80.244341","80.42188","81.51247","81.601283","81.98904","82.276489","82.54428","82.620291","82.919862","83.352109","83.581679","83.97967","84.545044","84.355918","84.699098","85.002885","85.176505","85.570933","85.344375","85.294094","85.737864","86.359443","86.318498","",
"Faroe Islands","FRO","Survival to age 65, male (% of cohort)","SP.DYN.TO65.MA.ZS","74.516067","75.401866","75.991611","76.432856","76.77972","77.084801","77.376561","77.681042","77.986162","78.248399","78.442492","78.601023","78.614911","78.691099","78.75011","78.877751","79.088114","79.327746","79.550998","79.688518","79.720476","79.632145","79.459158","79.266349","79.128511","79.091987","79.20215","79.46632","79.848515","80.340102","80.800601","81.275908","81.74434","82.11903","82.508434","82.846688","83.145672","83.489262","83.790737","84.051456","84.249619","84.365864","84.377312","84.331865","84.230737","84.127392","84.126795","84.199571","84.374413","84.623091","84.921792","85.258031","85.620895","85.978551","86.384489","86.756451","87.141339","87.45065","87.73457","87.94111","88.088498","87.725013","86.66051","88.350093","88.388782","",
"Micronesia, Fed. Sts.","FSM","Survival to age 65, male (% of cohort)","SP.DYN.TO65.MA.ZS","39.55262","40.083818","40.971479","41.812509","42.578794","43.363267","44.164885","44.897607","45.636743","46.302742","46.958064","47.53418","48.108352","48.585381","49.08144","49.482403","49.847061","50.194453","50.464302","50.721895","50.909667","51.068288","51.207985","51.344884","51.511263","51.685137","51.887055","52.138537","52.454421","52.655538","52.838136","53.057368","53.227544","53.406297","53.454837","53.598593","53.791074","53.945567","54.114091","54.253412","53.693365","54.483744","53.721492","54.68165","54.665931","54.644948","54.477827","54.427661","54.425248","54.418155","54.440357","54.504597","54.713277","54.836233","54.996058","55.039673","55.311241","55.46767","55.497521","55.663347","53.832683","54.166445","56.181772","56.3203","56.602074","",
"Gabon","GAB","Survival to age 65, male (% of cohort)","SP.DYN.TO65.MA.ZS","34.579049","35.373876","36.158304","36.934774","37.408921","38.472753","39.226656","39.972656","40.823682","41.560099","42.291291","43.016832","43.733347","44.437974","45.239849","45.903062","46.585906","47.24081","47.882981","48.455201","49.031679","49.618798","50.160125","50.849919","51.608314","52.219339","52.939118","53.504909","54.009673","54.532557","54.927526","55.345125","55.654316","55.92705","56.109749","56.14873","56.08452","56.205355","56.323438","56.445782","56.574242","56.698993","56.783331","57.265123","57.44081","57.764888","58.141351","58.377234","58.750192","58.97777","59.253851","59.933803","60.119911","60.325484","60.601682","60.888197","61.110025","61.271705","61.537489","62.008296","60.955754","60.579896","61.923917","63.211113","63.470922","",
"United Kingdom","GBR","Survival to age 65, male (% of cohort)","SP.DYN.TO65.MA.ZS","68.272315","67.817327","67.898122","67.586499","68.662483","68.691705","68.770521","70.012966","69.607479","69.071293","69.639755","70.399919","70.047539","70.402586","70.82889","71.430803","71.361109","72.178997","72.031318","72.226453","73.071209","73.798924","74.324526","74.684542","75.283261","75.542492","75.919189","76.655888","76.96071","77.760242","78.178686","78.739312","79.406232","79.52292","80.403273","80.437064","80.816037","81.439714","81.566036","81.935605","82.510208","82.87486","83.045765","83.314375","84.030553","84.366557","84.347087","84.683433","84.952265","85.431861","85.821332","86.337023","86.754937","86.612676","86.816415","86.667292","86.655961","86.81819","86.642959","86.911155","85.50846","85.455792","85.908931","86.257873","87.074967","",
"Georgia","GEO","Survival to age 65, male (% of cohort)","SP.DYN.TO65.MA.ZS","49.12467","49.724533","50.293871","50.922813","51.504771","51.715315","52.316932","52.926915","53.49189","54.090913","54.677846","55.311043","55.874647","56.49411","57.078364","57.665713","58.439552","59.057759","59.564439","60.170145","60.831295","61.708607","62.138394","62.159618","61.164112","62.222428","62.906478","62.499378","61.282012","60.559189","60.443427","59.202326","58.385994","56.004499","60.767479","61.709144","63.97952","62.412646","62.610659","62.924053","62.849074","64.802062","64.787543","67.301625","66.130099","63.055662","63.361481","63.248781","63.255516","65.389931","63.114941","65.075919","65.041235","65.357563","65.931768","66.077156","65.585293","66.546695","67.028693","67.144094","66.325661","63.358663","67.311342","67.60341","68.613791","",
"Ghana","GHA","Survival to age 65, male (% of cohort)","SP.DYN.TO65.MA.ZS","36.46412","36.664309","36.967677","37.124065","37.210951","37.271557","37.274435","37.315966","37.361839","37.446358","37.536369","37.619861","38.096851","38.490328","39.035519","39.56048","40.115265","40.58194","41.087191","41.53283","41.889178","42.265416","42.380907","42.88335","43.509906","44.172077","45.023298","45.905822","46.807879","47.737165","48.570688","49.181848","49.803354","50.256867","49.953009","50.8051","51.206576","51.583448","51.902539","52.206902","52.540247","52.799901","53.127835","53.470221","53.804664","54.290366","54.769566","55.130087","55.388417","55.806108","56.15832","56.335616","56.772851","57.257194","57.738254","58.215958","58.675137","59.073861","59.427624","59.76522","58.757556","58.426724","60.543287","60.804399","61.096413","",
"Gibraltar","GIB","Survival to age 65, male (% of cohort)","SP.DYN.TO65.MA.ZS","69.509891","70.241923","70.702989","71.073207","71.361022","71.54444","71.858987","72.161795","72.237559","72.325511","72.525495","72.877351","73.304626","73.877797","74.450878","74.803169","74.94416","74.95489","74.96372","75.136042","75.526557","76.069943","76.685956","77.262339","77.738231","78.154135","78.585541","78.963541","79.3292","79.752344","80.295381","80.749927","81.300332","81.976222","82.667925","83.282635","84.059703","84.811718","85.431787","85.921776","86.312694","86.524573","86.623214","86.622096","86.64152","86.649581","86.603024","86.605057","86.849682","87.089499","87.365337","87.649808","87.866682","87.883366","87.94076","87.9574","88.057835","88.214448","88.443404","88.630469","88.634468","86.022071","89.008094","89.052114","89.163578","",
"Guinea","GIN","Survival to age 65, male (% of cohort)","SP.DYN.TO65.MA.ZS","26.231881","26.40983","26.588023","26.804913","27.049945","27.336191","27.794082","27.943247","28.247243","28.71616","28.914477","29.314894","29.692308","30.20349","30.501463","30.949348","31.521388","31.938293","32.570531","33.179176","33.851188","34.560281","35.403871","35.948997","36.950551","37.628438","38.282097","38.924389","39.496296","40.023894","40.526404","41.055574","41.704124","42.34831","42.739971","43.657105","44.690197","45.502611","46.164946","46.40383","46.987741","46.909323","47.7582","48.028885","48.278425","48.638777","49.023052","49.353852","49.870255","50.188952","50.637788","51.0584","51.453617","51.940188","52.11908","52.78762","53.891025","54.089373","54.649448","55.201958","54.356386","54.27377","56.759861","57.249164","57.467031","",
"Gambia, The","GMB","Survival to age 65, male (% of cohort)","SP.DYN.TO65.MA.ZS","24.070331","24.558543","25.095949","25.618979","26.150261","26.833493","27.235493","27.767548","28.317755","28.811132","29.355231","29.903514","30.460791","31.004159","31.83854","32.304474","33.146453","33.640389","33.784617","34.964217","35.724944","32.512122","37.412111","38.10937","38.870951","39.688954","40.435954","41.110934","41.968101","42.699706","43.237405","43.885274","44.42987","45.113989","45.869794","46.264099","46.873018","47.18042","48.129477","48.787131","49.377142","49.975813","50.773042","51.604117","52.488602","53.05233","54.007816","54.688389","55.564662","55.876199","56.602404","57.214647","57.697541","58.224752","58.657575","59.199847","59.65639","60.065954","60.45685","61.069318","60.311735","58.79507","60.986206","63.105945","63.3895","",
"Guinea-Bissau","GNB","Survival to age 65, male (% of cohort)","SP.DYN.TO65.MA.ZS","27.443018","27.681879","27.918474","19.852652","19.74579","19.476387","19.33406","19.466785","19.811266","20.061737","20.287627","20.495531","20.649202","21.018571","31.441584","31.779152","32.117856","32.449543","32.794349","33.141005","33.483165","33.840286","34.246116","34.600118","34.930987","35.256363","35.453064","35.719177","36.160508","36.332618","36.496966","36.641614","36.752745","36.884902","36.375261","37.234154","37.258277","35.754915","32.808813","33.971399","38.978689","39.507292","40.234332","40.949649","41.734406","41.789555","43.380621","44.612994","45.106065","46.572824","47.525028","48.418352","49.218365","50.047799","50.876808","51.771159","52.609355","53.40592","54.187771","55.008221","51.831339","52.43948","57.251476","58.029843","58.280315","",
"Equatorial Guinea","GNQ","Survival to age 65, male (% of cohort)","SP.DYN.TO65.MA.ZS","30.289702","30.579247","30.870233","31.161034","31.452455","31.743767","32.034592","32.32448","32.613034","12.064893","12.072235","20.067651","31.284792","31.487326","26.103389","19.666335","10.912832","26.373383","26.699509","25.135055","36.996323","37.743324","38.056895","38.648713","38.979009","39.745664","40.255569","40.614374","41.056415","41.364472","41.652188","41.924312","42.21502","42.368289","42.636327","42.914506","43.288672","43.643283","44.062075","44.587567","45.088073","45.718434","46.453562","47.010412","47.649856","48.280425","49.086246","49.728111","50.451979","51.129423","51.716937","52.402104","53.011722","53.688318","54.245551","54.802707","55.448499","55.886698","56.558342","57.073219","55.847694","56.347241","58.603421","59.072407","59.358272","",
"Greece","GRC","Survival to age 65, male (% of cohort)","SP.DYN.TO65.MA.ZS","69.768519","70.265478","70.218864","70.853778","70.536915","72.152047","72.663654","72.068517","72.125121","73.013962","74.059562","74.471988","73.990478","74.376345","75.340418","75.150722","75.385647","75.38387","76.50502","76.925861","76.791558","77.570201","78.079318","78.566319","79.024839","79.814634","80.363365","79.507382","80.96112","81.13412","81.378223","81.523978","81.327761","81.937658","82.098635","82.090002","82.145773","82.739785","82.570308","82.634478","82.504461","83.10659","83.213684","83.249786","83.433306","83.621868","83.751497","83.459058","83.9021","84.00895","84.386847","84.244684","84.028829","84.860131","84.865058","84.516846","85.348078","84.992258","85.715812","85.730063","85.342746","83.449346","82.777444","86.638782","86.657661","",
"Grenada","GRD","Survival to age 65, male (% of cohort)","SP.DYN.TO65.MA.ZS","58.734332","59.224653","59.220566","58.924724","59.097606","59.640435","60.524279","60.908586","60.243605","58.75173","57.274664","56.886086","57.920328","59.727365","61.508924","62.709295","63.200289","63.260294","63.185803","63.133406","63.155523","63.237757","63.3365","48.277265","63.560402","63.693576","63.855175","64.06647","64.346338","64.710757","65.171658","65.739019","66.421093","67.201069","68.009991","68.778816","69.445664","69.955663","70.268826","70.419898","70.467162","70.470453","70.487391","70.574001","69.696886","70.998688","71.310683","71.677494","72.091311","72.532233","72.960133","73.336858","73.631458","73.816519","73.871932","73.823103","73.710751","73.585787","73.512346","73.557705","73.711708","72.718988","74.050194","74.084587","74.18241","",
"Greenland","GRL","Survival to age 65, male (% of cohort)","SP.DYN.TO65.MA.ZS","50.71866","51.042481","50.675906","50.481572","50.783766","52.003252","53.421756","55.218739","56.357791","57.388758","57.593182","57.707744","57.556678","57.113382","56.084011","55.179473","54.215377","53.400325","53.067276","53.23042","53.53678","53.991917","54.447381","54.736515","54.835517","54.817633","54.690786","54.548519","54.558635","54.806764","55.21743","56.027937","56.912823","57.933809","57.196388","57.813709","58.086829","58.059669","58.406553","58.858822","59.749428","61.023138","62.633377","63.707944","63.202131","63.730059","64.49683","65.092265","65.210201","64.856849","64.807085","65.530451","67.024309","68.179516","68.865684","69.121994","69.382711","69.313485","69.181527","68.875514","68.660195","68.558881","68.519583","68.479615","68.683872","",
"Guatemala","GTM","Survival to age 65, male (% of cohort)","SP.DYN.TO65.MA.ZS","35.100308","35.286763","35.893973","35.358433","36.09859","36.069037","36.492198","36.49931","35.795438","34.548277","36.179342","39.323095","42.250409","43.889089","43.700188","43.244937","35.823901","46.952361","47.97095","47.435328","42.732538","39.874564","27.621126","48.791993","51.537867","52.706369","53.222323","54.061727","54.639279","54.639772","54.193339","53.902058","53.120789","53.666769","54.362964","55.44778","57.161449","58.24762","59.606242","60.777996","61.45034","61.970487","62.460625","63.170676","62.926741","62.92765","63.791501","64.685511","64.971124","65.277172","65.876693","66.910296","67.855182","68.266946","68.316268","68.187827","68.807265","69.83396","69.752492","69.864064","64.238814","59.421707","68.264316","71.657858","71.865608","",
"Guam","GUM","Survival to age 65, male (% of cohort)","SP.DYN.TO65.MA.ZS","52.586168","53.392209","53.868728","54.649088","55.086954","55.486986","55.788345","56.008072","56.116129","56.267084","56.485379","56.711795","57.242241","58.017479","59.108527","60.101306","60.906908","62.214602","63.38083","64.528109","65.703078","66.721541","67.743689","68.623763","69.624384","70.309051","70.604571","70.62326","70.694429","70.897237","70.989836","71.159149","71.403842","71.841898","72.217764","72.056803","71.837557","71.692466","72.133501","72.726089","73.33163","74.083778","74.893697","75.816696","76.481021","77.082107","77.144666","76.710649","75.825859","74.864166","73.887651","73.159862","72.61511","72.311632","71.996491","71.636505","71.469225","71.40079","71.589659","71.796802","70.078777","69.925076","72.655194","72.936282","72.999269","",
"Guyana","GUY","Survival to age 65, male (% of cohort)","SP.DYN.TO65.MA.ZS","42.137755","42.733555","43.414207","44.022075","44.680774","45.153874","45.516269","46.022576","46.374705","46.700462","46.972114","47.204279","47.305531","47.460606","47.719722","47.876362","48.042779","48.220726","48.404571","48.591642","48.79137","48.987262","49.16732","49.447448","49.569991","49.769624","50.08263","50.323268","50.474897","50.779573","51.002781","51.225556","51.395886","51.778684","51.491196","50.405828","50.021637","50.070791","51.192134","51.937255","52.465492","52.896678","52.452253","52.013283","51.726482","52.413718","53.389946","54.529026","54.906837","55.234193","55.132207","55.309516","54.909976","54.945126","56.061817","56.850322","57.475618","58.421213","59.029315","59.644029","55.629377","47.249462","61.075082","61.64597","61.363111","",
"High income","HIC","Survival to age 65, male (% of cohort)","SP.DYN.TO65.MA.ZS","64.0182973440765","64.5693468621933","64.4063685672343","64.6289858136942","65.2267273027264","65.1708483281625","65.3380221235246","65.8139727932606","65.5055694163333","65.2015421137436","65.729962498778","66.2172688212703","66.5257745455405","66.9173728738499","67.3830274804056","67.5509060368167","67.8328949984436","68.0814917049033","68.2372392037897","68.5700413544168","68.6384969549201","69.2852362363198","69.9157715280788","69.9998856049807","70.2723620033802","70.8318370610496","71.8488042840266","72.2140383723145","72.3953044054735","72.5141229102631","72.5346697526051","72.6576417285832","72.536431137218","71.7990729697698","71.6857386973988","72.0957305017903","73.222482065271","74.3328446386763","74.8422553302835","74.7779481738314","74.977334717798","75.2877675075889","75.4361679672454","75.6393111877108","76.2860253119492","76.4596062299493","77.2821627718259","77.8736337213986","78.2660520168089","78.8466651521349","79.0891122878318","79.7392438303504","80.2147204471461","80.6282239334287","80.9075027209597","81.1556105812","81.4625495988478","81.9171791189274","82.0310954236723","82.2520498450035","80.8404107539906","79.7348037876647","81.0032133530975","82.7072159573471","83.0116894172856","",
"Hong Kong SAR, China","HKG","Survival to age 65, male (% of cohort)","SP.DYN.TO65.MA.ZS","56.280515","58.026653","59.077332","60.403379","61.784287","63.25597","64.268796","65.249348","65.840901","66.350855","66.747039","67.241404","67.731931","68.86976","69.671543","70.446916","71.117872","71.820733","72.485473","73.290279","74.144079","74.954112","75.595274","76.405568","77.30876","78.268674","78.998341","79.486529","79.803994","80.069492","80.459083","80.818101","81.221046","81.683416","82.278807","82.982568","83.652068","84.126539","84.625511","85.083148","85.529031","85.864139","86.035099","85.941459","86.531033","86.92814","87.296981","87.500878","87.707417","87.946853","88.198339","88.454699","88.685263","88.928857","89.098524","89.186732","89.247641","89.331391","89.519608","89.599627","89.410502","89.964127","88.564939","90.123822","90.618547","",
"Honduras","HND","Survival to age 65, male (% of cohort)","SP.DYN.TO65.MA.ZS","36.830755","37.528421","38.743095","39.607207","40.659762","41.334252","42.183262","43.211053","44.178437","45.137717","45.944829","46.841154","47.756446","46.02304","44.977343","50.289399","51.059119","51.988662","52.737201","53.59832","54.327745","55.098567","55.830546","56.506499","57.183602","58.088085","58.798488","59.445394","59.912376","60.553353","61.169679","61.858623","62.259106","62.36252","63.069746","63.732494","64.288474","64.727022","59.287187","65.367329","65.831695","66.040451","66.359022","66.473798","66.657366","66.817298","66.923478","67.163721","67.292184","67.516385","67.218623","67.766839","68.412311","68.966134","69.441922","69.994549","70.507737","70.743161","71.041435","71.215498","67.821388","64.440213","72.144719","72.441047","72.704986","",
"Heavily indebted poor countries (HIPC)","HPC","Survival to age 65, male (% of cohort)","SP.DYN.TO65.MA.ZS","28.6222780701831","28.955623228145","30.06040048411","30.2906233216916","30.5668366897869","30.9854669842944","31.2956693507051","32.0152525430689","32.4361538958535","32.8088928517643","33.2072633626714","33.3054168491928","33.0588768103817","33.837650482741","34.0418365016073","34.567379448907","35.2668651307343","35.7340739291077","35.6817183726147","36.0705623195238","36.6563177775431","36.9145232097951","37.0074554804368","35.7383392253444","35.407710510418","35.9796266367243","37.170049490743","38.8035323296231","39.339293744842","39.5868039286972","39.4187388168596","39.7515017665956","40.0727755475008","40.9001586895037","40.7832499498096","41.4767762340152","41.4662641740879","41.8483676685062","41.5626324900313","42.0658325256425","43.8139335470011","44.4493367595818","45.0090128748352","45.6339931754085","46.2497632568109","47.0602957495053","48.2376837459628","49.1254688708364","49.871579937301","50.5481097586643","51.0327851408401","51.8797425869763","52.9844792106916","53.6518021919778","54.2082778135114","54.9738591191438","55.5743232387653","55.9054320364683","56.5556630304983","57.0238256849743","55.9416824114213","54.4252148445217","58.1606039469998","59.5974462811074","59.9559744106834","",
"Croatia","HRV","Survival to age 65, male (% of cohort)","SP.DYN.TO65.MA.ZS","63.56446","63.906713","65.12362","65.285592","66.196096","66.513491","67.064486","66.625604","65.633857","65.12541","64.902001","64.682835","64.846275","65.045806","65.8517","66.479626","66.968292","66.487678","65.440135","64.706256","64.257395","63.95546","62.753519","62.521888","62.932191","64.718461","65.546213","65.934359","66.466785","67.22331","66.062442","61.252249","64.804589","67.10027","68.03979","68.199396","69.754073","70.173676","70.886731","71.880089","72.087173","72.025631","72.283652","72.485666","74.078713","74.570791","74.739937","74.938005","75.15352","75.85315","76.783289","77.443784","77.967095","78.563542","78.850385","79.226829","79.480466","79.91084","79.594735","80.54627","79.728588","78.510887","80.800853","81.586092","81.636163","",
"Haiti","HTI","Survival to age 65, male (% of cohort)","SP.DYN.TO65.MA.ZS","32.610373","33.101559","33.57788","32.353709","34.572186","35.214288","35.488487","36.225806","36.730197","37.215624","37.654714","38.084195","38.291554","38.582676","38.791762","38.980932","39.195926","39.424871","39.681791","39.981625","40.254281","40.642036","41.033222","41.369297","41.642314","41.953607","42.217407","42.643726","42.953377","43.259652","43.616159","43.793189","44.631817","45.156373","45.622175","46.663617","47.349574","48.093247","48.673603","49.3621","50.034632","50.522145","51.115435","51.569355","50.316697","52.656415","53.135464","53.628603","53.890887","54.486551","31.280581","54.033365","55.108688","55.514473","55.976269","56.268829","56.384813","56.982584","57.247488","57.540845","55.221565","52.451811","55.296699","57.608757","58.207251","",
"Hungary","HUN","Survival to age 65, male (% of cohort)","SP.DYN.TO65.MA.ZS","67.203498","68.433723","66.769495","67.916896","68.615667","68.436094","69.479973","68.267372","67.746864","67.607386","66.773103","66.250388","67.363826","67.291063","66.376587","65.849738","66.195409","65.941224","63.798362","63.555559","61.20826","60.778221","60.653946","58.897822","58.246926","58.509562","58.501857","59.221976","59.761012","57.695999","57.267433","57.149563","55.628779","55.055887","55.759189","56.800107","58.988529","59.806942","59.112352","59.59728","61.567145","63.330842","63.43808","63.450281","64.008405","63.791687","64.548047","64.998168","66.151692","66.714778","67.786166","69.076099","70.334909","71.787013","71.954226","72.099565","72.67283","72.91295","73.030319","73.976514","72.929707","69.111417","73.494775","75.284546","75.418162","",
"IBRD only","IBD","Survival to age 65, male (% of cohort)","SP.DYN.TO65.MA.ZS","34.3371075313468","37.1596140739607","41.8861925054543","42.7104053238875","43.467532628594","42.6799692670816","43.9485756137554","44.7695327668067","45.7891087749483","46.4677720031013","47.225780090952","48.2225060713473","48.9306870414197","49.8595711858281","50.5188401638633","51.365322419556","51.8661250267992","52.8581019136398","53.5351680846922","54.2121227999945","54.754832156669","55.3366042437746","56.0723352329776","56.846722834147","57.5625552175184","58.34288374077","59.259323529089","59.8249922010142","60.2606589217152","60.8066895245787","61.0976468956103","61.6091134399294","61.8951905485069","61.9888639430739","62.2489240652011","62.8652326814057","63.6001115899459","64.3102858952163","64.8283672283649","65.1131035700311","65.4966671006132","65.9190796668995","66.3719431023753","66.7717772669926","67.1410472396184","67.7663911972518","68.3337999107735","68.9448154839325","69.2756086547971","69.9026062570257","70.3767585948137","70.8506198076232","71.3641547853866","71.8220571287169","72.2398215737967","72.678418034052","72.9744584976094","73.3064992171774","73.845713948076","74.2318066870951","72.4746882882541","69.6474041656289","74.5484349251673","75.0867428403548","75.2271834845306","",
"IDA & IBRD total","IBT","Survival to age 65, male (% of cohort)","SP.DYN.TO65.MA.ZS","34.031197705277","36.4807061424827","40.5440796027907","41.291390679079","42.0348368362575","41.4523630682203","42.6384773809883","43.3962832809848","44.3784820856748","45.0378035313548","45.5855169205847","45.4234286984412","47.3033711311154","48.1699817275358","48.7619456714849","49.5521420081797","50.0938339385698","51.0063219060781","51.6183123783434","52.2815153647145","52.8635806786023","53.4070896159924","54.0466799334768","54.6628887548726","55.2543521112985","55.9517412534134","56.7930658462124","57.3853987317801","57.7702292261831","58.2290717488724","58.4486862880691","58.7918350408878","59.0774659691247","59.1941597659228","59.4174719262639","59.9417920112222","60.5385495599044","61.1643575597197","61.5984151198211","61.9298465475502","62.4457327886874","62.8986987780328","63.3601639755419","63.7957293696905","64.162020699241","64.7350860180902","65.3458423755285","65.9222626476293","66.2094757266131","66.8159785134032","67.2750449885044","67.721082800503","68.1763689692292","68.6005285681904","68.9539782424462","69.3277458825776","69.6515380901649","69.9513189490286","70.4633957503564","70.8541996275145","69.1590698728218","66.7250798724836","71.2213143357404","71.81422598809","71.9372439931858","",
"IDA total","IDA","Survival to age 65, male (% of cohort)","SP.DYN.TO65.MA.ZS","32.5351153509244","33.1978650378228","34.0963259712587","34.4990443582872","35.1936411770259","35.592410068286","36.3777855523881","36.8190190085242","37.6097177669322","38.1680422178537","37.6852233162758","31.8782195696179","39.394129627696","39.9512541846502","40.2355460876431","40.7789127715081","41.5450472347646","42.0793955684239","42.349043528921","42.9294020494588","43.7062006844425","44.0656776811362","44.2521015785746","44.1213681420736","44.1181617261919","44.4347834840985","44.9526001807718","45.7265226828181","45.929606980924","46.0494595929857","46.0303385657653","45.701247094886","46.1133440959851","46.4743565260261","46.6790887226269","46.9394051132534","47.0575630168514","47.433951730947","47.6294776593193","48.2920593337406","49.4999110972962","50.1998377586267","50.8030098880554","51.4926280246494","51.9524939637261","52.418495819123","53.3290809151207","53.9187363011063","54.1864194804086","54.8620615599591","55.4148518907951","55.9089313923953","56.2935421041968","56.7237193603367","56.9876788929685","57.2920830773472","57.897326375644","58.2790708334979","58.9007223701929","59.515748948954","58.2395242479693","57.2831222666119","60.6734113535466","61.629638237623","61.8737194055476","",
"IDA blend","IDB","Survival to age 65, male (% of cohort)","SP.DYN.TO65.MA.ZS","32.8086637706896","33.5178509346","35.0105260917431","35.7195545489346","36.4168180570829","37.1577101089204","38.0986337582774","38.0063028060415","39.3532196388378","40.0827468263037","41.5195047579191","37.7427837943291","42.7334175507593","43.1056975131779","43.4709396589425","43.9191527872515","44.8198032792739","45.3237495113009","45.7300696229184","46.2178500401527","47.0478621049483","47.6229964136634","48.1103941992269","48.5066742609961","48.773086283212","48.9877367656234","48.997905561046","49.0372162830973","48.9442725959612","48.9451356443553","48.6211311864546","48.2103849278135","48.0558798142922","47.8980854673538","47.64208897627","47.4985821860348","47.3343728374726","47.2047478622553","47.7495863470299","48.2143750313314","48.719272098777","49.211059386953","49.7621271953133","50.2969943669982","50.7989666644459","50.3834803921763","51.3132472407175","51.6538568124268","52.1102608123702","52.5025188487501","52.8685441358868","53.3058830639587","53.6499585654259","53.9329756043121","54.2119377927957","54.4968133531455","54.9131369994696","55.1973379377951","55.5239893122733","55.8345075244404","53.9734371042528","53.9560838250683","56.8216324991397","57.3298612895895","57.5192470567105","",
"Indonesia","IDN","Survival to age 65, male (% of cohort)","SP.DYN.TO65.MA.ZS","37.109103","37.704571","38.904036","39.597271","40.375438","24.918087","37.31681","42.146828","42.746426","43.782439","44.576509","45.230103","45.896731","46.645622","47.276729","48.036944","48.572977","49.730214","50.701751","51.814659","52.802503","53.500456","54.532024","55.619087","56.631073","57.46755","57.834605","58.209033","58.644514","59.318254","59.984293","60.848624","61.607362","62.700088","63.010699","63.307765","63.355404","63.738787","63.62351","63.427459","63.79128","64.203214","64.703194","64.945777","62.431219","65.297038","65.440577","65.692786","65.849733","66.122153","66.100819","66.453256","66.788779","67.019754","67.326379","67.716256","68.04023","68.355287","68.472009","68.937631","64.770888","61.930195","69.884919","70.162456","70.382444","",
"IDA only","IDX","Survival to age 65, male (% of cohort)","SP.DYN.TO65.MA.ZS","32.4041340379075","33.0446464248935","33.6586808086721","33.9151096813549","34.609304745045","34.845884249702","35.5581457231053","36.2543945092626","36.7818059418447","37.2592466818438","35.8631817576943","29.0800607839441","37.7936145496512","38.4356252825058","38.6769915941053","39.2591413471946","39.9512226927201","40.4905211765604","40.684466963235","41.3010769461284","42.0270623081203","42.2486933263964","42.2661999349736","41.8607168516228","41.7183468368777","42.0825113248116","42.8554152376862","44.0046486268644","44.3561038231712","44.5322310334189","44.6651105320708","44.3723506233094","45.0858447492437","45.7234832004053","46.1718329751569","46.6447405523677","46.9111517838781","47.5557297438793","47.5654146745097","48.3336188138977","49.9191497276242","50.7335936991639","51.366328182397","52.1411195180031","52.5808816251998","53.5315727091804","54.4349969320999","55.1664558142321","55.3359662498406","56.1748458439053","56.8370254567088","57.3649837260117","57.7716440051181","58.2841230412865","58.5380383615662","58.8495560891896","59.5533332661097","59.9832204900801","60.7629896983307","61.5398002211399","60.5795308271981","59.1057894832089","62.7800095813704","63.9738976510842","64.2424306690526","",
"Isle of Man","IMN","Survival to age 65, male (% of cohort)","SP.DYN.TO65.MA.ZS","57.078379","56.699944","56.552159","56.587405","56.898831","57.312338","57.748921","58.135732","58.38217","58.548576","58.743776","58.976732","59.253694","59.702048","60.143169","60.663776","61.187416","61.74446","62.342457","63.027569","63.693884","64.332315","64.917472","65.477643","66.01515","66.534105","67.133412","67.748235","68.400079","69.046377","69.796952","70.639567","71.525326","72.300575","73.144759","73.839734","74.594724","75.325193","76.122503","76.811139","77.634008","78.576646","79.532107","80.546441","81.477231","82.480306","83.347373","84.102172","84.691701","85.277326","85.676217","85.965638","86.182462","86.336381","86.424411","86.448995","86.490389","86.517947","86.538844","86.586838","86.38129","85.973209","86.75914","86.811742","86.937877","",
"India","IND","Survival to age 65, male (% of cohort)","SP.DYN.TO65.MA.ZS","37.926065","38.145937","38.532023","38.947628","39.288015","37.491609","37.891079","38.242689","40.695193","41.09779","41.468816","41.833457","42.175151","42.682271","43.457562","44.043809","44.666768","45.255864","45.914769","46.582245","47.23249","47.901309","48.566607","49.234188","49.89622","50.55613","51.203066","51.821841","52.416789","53.022249","53.564842","54.100736","54.641749","55.131441","55.663507","56.154322","56.650611","57.16157","57.672121","58.222835","58.805426","59.318223","59.969968","60.547493","61.084162","61.6994","62.295041","62.879879","63.479051","64.083164","64.692833","65.303587","65.907221","66.473667","67.081094","67.64069","68.208033","68.747707","69.277438","69.787036","68.092816","61.782711","71.256261","71.727546","72.341832","",
"Not classified","INX","Survival to age 65, male (% of cohort)","SP.DYN.TO65.MA.ZS","","","","","","","","","","","","","","","","","","","","","","","","","","","","","","","","","","","","","","","","","","","","","","","","","","","","","","","","","","","","","","","","","","",
"Ireland","IRL","Survival to age 65, male (% of cohort)","SP.DYN.TO65.MA.ZS","70.093088","69.108897","69.123315","69.426653","68.982706","69.677179","69.301065","70.925705","69.688562","69.719262","69.391324","70.677128","69.437122","69.927701","70.07399","70.905989","71.448505","71.438187","70.834856","70.752935","71.544355","72.558918","73.33152","72.708158","73.848672","73.816013","74.412689","75.494727","76.032168","76.488919","76.903876","77.350161","78.863338","78.373196","79.126806","79.077964","79.546643","80.130901","80.133735","80.553558","81.07687","81.784934","82.341978","83.439185","83.897657","84.760422","85.146455","85.291011","85.62492","85.672315","86.49059","86.458144","86.785813","87.278615","87.667829","88.335764","88.42802","89.034388","88.830351","88.609929","89.377384","88.760674","88.348525","88.731477","89.25215","",
"Iran, Islamic Rep.","IRN","Survival to age 65, male (% of cohort)","SP.DYN.TO65.MA.ZS","35.248869","35.963364","35.556723","37.374027","38.109316","38.838359","39.653524","40.497376","40.418516","42.302415","43.250932","44.272215","44.843962","46.339174","47.347759","48.473823","49.559934","50.557407","48.971904","52.292703","49.822358","42.562932","43.986327","45.27578","51.459026","52.307923","53.09532","53.830752","54.631105","60.81703","58.869168","62.237127","62.964738","63.699325","64.598396","65.467328","66.38745","67.174495","68.362069","69.410534","70.47068","71.469236","72.533406","71.769684","74.481447","75.319944","76.197715","76.968229","77.664204","78.25692","78.830639","79.348739","79.856738","80.298224","80.68567","81.037494","81.313468","81.635094","81.852814","82.2037","77.958166","76.073364","81.849432","83.268362","83.819854","",
"Iraq","IRQ","Survival to age 65, male (% of cohort)","SP.DYN.TO65.MA.ZS","39.382097","40.009072","41.595355","42.585591","44.163106","45.760469","47.272094","49.580968","50.440853","51.397309","53.447314","55.043985","55.808938","56.50041","51.137553","51.764101","58.007162","58.323741","58.54628","58.681801","46.220244","38.896969","39.348872","39.798976","40.154646","40.540031","40.895447","41.280476","34.332529","39.980549","39.973218","47.615392","57.117736","57.139779","56.730617","56.467769","56.542027","56.105575","56.768893","57.046349","57.652917","58.434026","59.36257","55.641368","54.446185","54.955435","51.628608","52.620655","59.388703","64.128736","64.759904","65.520723","66.35254","66.647749","68.074639","68.771732","63.58115","67.261939","71.839064","72.041478","66.632204","70.628293","73.586252","74.218323","74.356009","",
"Iceland","ISL","Survival to age 65, male (% of cohort)","SP.DYN.TO65.MA.ZS","75.687404","75.145877","74.244692","70.46453","74.408555","72.533443","72.757936","75.213132","75.823253","74.196766","71.366395","74.390099","74.106065","74.575124","72.780147","74.171711","76.673513","77.135402","76.867926","77.675216","78.402414","76.832212","80.246995","76.975365","79.938339","80.952617","80.335522","81.852798","79.710267","83.79902","81.820987","81.597523","83.71971","84.760088","85.050574","83.122434","84.283518","83.107905","86.569069","84.990109","85.902068","86.880479","86.771209","87.983178","87.003768","87.538637","87.422746","88.438684","89.275275","88.009206","89.41792","89.872046","89.118323","89.915475","89.522086","90.517755","89.973504","89.401889","89.220569","89.621997","89.7777","89.732919","81.809643","87.225295","91.163568","",
"Israel","ISR","Survival to age 65, male (% of cohort)","SP.DYN.TO65.MA.ZS","71.502184","71.399034","71.790146","71.542397","71.58581","71.626998","72.243242","72.422533","71.547828","71.214411","71.93972","72.963863","72.586736","72.39821","72.104084","72.370108","73.986984","74.201448","74.7701","75.408372","76.023574","77.154785","77.004809","77.895515","78.261825","79.038185","78.81176","79.483707","80.469755","81.904718","82.65557","82.049663","81.214166","82.004342","82.398689","82.476134","83.051833","83.265963","82.825645","83.850028","83.743731","84.190105","84.400499","84.948246","85.37656","85.518999","86.300568","86.903397","86.855917","87.536885","87.632292","87.58924","88.007114","88.186282","88.206074","88.243358","88.60903","88.732691","88.673457","88.689018","88.63486","88.347012","89.3336","87.376376","88.545486","",
"Italy","ITA","Survival to age 65, male (% of cohort)","SP.DYN.TO65.MA.ZS","67.546753","68.050631","66.969257","66.940648","68.49365","68.404208","69.667178","69.819565","69.543058","68.870873","70.576879","70.860697","71.05374","71.316107","72.026291","71.675808","72.132925","72.554681","72.908974","73.351656","73.340041","74.107593","74.908257","74.613978","75.789818","76.185713","76.767516","77.311894","77.852514","78.43253","78.791717","78.737496","79.415976","80.263812","80.573248","81.020003","81.73346","82.332935","82.729858","83.295983","83.970666","84.321616","84.834979","85.31027","86.069534","86.388529","86.689687","87.05535","87.350989","87.592433","88.130972","88.326808","88.516881","88.912591","89.127952","88.937436","89.444926","89.127967","89.615946","89.951662","88.880453","89.085967","87.780927","90.484375","90.59978","",
"Jamaica","JAM","Survival to age 65, male (% of cohort)","SP.DYN.TO65.MA.ZS","60.498537","61.00352","61.54526","62.088186","62.565493","62.9141","63.138179","63.253036","63.26183","63.312016","63.574989","63.747749","64.237744","64.80098","65.389985","65.876059","66.326595","66.705515","66.990688","67.183715","67.550746","67.939968","68.449202","69.105083","69.654368","70.590526","71.57415","72.420076","73.183854","73.846974","74.166908","74.162849","73.999985","73.595225","73.053785","72.626275","71.905532","71.346521","70.910334","70.670874","70.682923","70.462301","70.699191","70.56243","70.190834","69.611416","69.107093","68.890329","69.145573","69.787855","70.657765","71.548806","72.217307","72.480673","72.31103","71.864249","71.304624","70.679127","69.763177","69.500174","69.043912","64.111552","69.381794","69.28309","69.46417","",
"Jordan","JOR","Survival to age 65, male (% of cohort)","SP.DYN.TO65.MA.ZS","44.553466","45.894626","47.152407","48.270395","49.695723","50.954323","51.525547","53.392508","54.602594","55.68287","53.15136","57.356884","58.658091","59.590861","60.435213","61.33043","62.2117","63.07926","63.899907","64.781132","65.677926","66.54611","67.336873","68.031338","68.751916","69.348189","69.861415","70.283861","70.653396","70.945482","71.20959","71.395692","71.550966","71.771362","71.949011","72.181881","72.448495","72.767772","73.117904","73.482977","73.739792","74.173486","74.600119","75.015436","75.424398","75.74022","76.202954","76.544367","76.861509","77.08794","77.253783","77.447685","77.722213","78.082739","78.73189","79.636845","80.496847","81.397021","82.108857","82.715346","80.344885","77.652128","83.052522","84.151199","84.412452","",
"Japan","JPN","Survival to age 65, male (% of cohort)","SP.DYN.TO65.MA.ZS","64.834405","65.95265","66.517549","67.998324","68.786616","69.018901","70.125189","71.018056","71.506808","71.854418","72.198799","73.719991","74.416201","75.093082","75.994502","76.860447","77.522392","78.240203","78.825755","79.393445","79.462298","80.005894","80.496856","80.315718","80.71098","81.255701","81.635978","82.038533","82.148462","82.593166","82.587441","82.817283","82.739548","82.906749","83.403268","83.310641","83.932699","84.328906","84.094785","84.172144","84.668511","85.071609","85.410849","85.360448","85.708567","85.651153","86.131265","86.390895","86.615792","86.833466","87.009031","86.890756","87.742959","88.05588","88.421175","88.789764","89.027138","89.345526","89.480547","89.612182","89.721564","89.758356","89.558001","90.035965","90.060818","",
"Kazakhstan","KAZ","Survival to age 65, male (% of cohort)","SP.DYN.TO65.MA.ZS","43.556417","43.768809","43.983453","44.191939","44.385774","44.556418","44.697569","44.82959","44.964205","45.124494","45.33111","45.606619","45.940875","46.29975","46.645481","46.94558","47.164946","47.290238","47.44153","47.719319","48.223516","49.043118","50.22642","51.618299","53.000268","54.183115","55.002502","55.313171","55.087842","54.408501","53.356855","52.01876","50.487373","48.86664","47.2741","45.808108","44.63007","43.822015","43.488572","43.571685","43.941961","44.47395","45.042542","45.530733","45.940546","46.414641","47.054384","47.992547","49.347234","51.147987","53.243521","55.502473","57.746808","59.848384","61.704204","63.311618","64.694171","65.878045","66.88789","67.750526","62.992156","62.124933","67.23248","70.010664","69.674277","",
"Kenya","KEN","Survival to age 65, male (% of cohort)","SP.DYN.TO65.MA.ZS","38.885519","39.929462","40.901944","41.708116","42.414257","43.277729","44.130423","44.823959","45.513115","46.183862","46.714604","46.979881","47.416256","47.917467","48.562166","49.396895","49.995579","50.58984","51.275225","51.865703","52.587519","53.088114","53.593045","54.454625","54.756617","55.2959","54.817788","54.339815","53.109799","52.470279","49.192347","48.183393","46.481581","45.979606","45.301889","45.318939","45.297334","44.798547","44.506069","44.654051","44.768094","44.956715","44.638371","45.529391","46.075746","46.529697","46.892603","46.672556","47.455063","47.991146","48.424394","48.706705","48.944311","49.075962","49.290645","49.62321","49.862921","50.062415","50.26957","50.493848","47.236211","47.113295","51.396558","51.674743","51.986064","",
"Kyrgyz Republic","KGZ","Survival to age 65, male (% of cohort)","SP.DYN.TO65.MA.ZS","39.463965","39.916608","40.38609","40.839627","41.295434","41.749648","42.215713","42.70746","43.176172","43.640654","44.068697","44.551116","45.027002","45.496371","46.008338","46.514841","47.135407","47.653647","48.248348","48.691276","49.362071","49.506617","50.428472","50.623821","52.14537","54.170449","56.310993","57.557712","56.175631","55.043716","53.427498","53.236275","51.395984","48.256646","45.167036","45.459342","47.194638","49.383962","50.318546","50.864093","51.119085","51.053142","50.906631","50.926961","51.13294","51.269684","51.017053","51.804206","53.693852","55.489814","56.387101","56.988315","57.996369","58.832549","59.86379","61.483147","62.869886","63.526286","64.72846","65.020717","61.792635","60.14261","66.460828","66.982694","66.704158","",
"Cambodia","KHM","Survival to age 65, male (% of cohort)","SP.DYN.TO65.MA.ZS","29.539357","29.989925","30.501226","31.221251","31.618956","32.11966","32.643216","32.293155","32.826339","33.146887","13.409157","13.160053","13.187086","13.2934","13.405092","0.039696","0.063091","0.047901","0.025533","13.681986","30.253956","30.886851","31.795366","32.787707","33.806165","34.808989","35.987723","42.275713","43.984906","44.111855","44.849177","46.156175","46.47275","47.356939","47.97665","48.539391","49.139132","49.970378","51.036312","52.126686","53.453713","54.753928","55.816546","57.112864","58.713752","60.18412","61.360279","62.429067","63.279915","64.080124","64.891862","65.690557","66.320411","66.773237","67.279209","67.642603","67.954919","68.253278","68.39","68.503735","68.008348","66.135266","68.911298","69.184323","69.40867","",
"Kiribati","KIR","Survival to age 65, male (% of cohort)","SP.DYN.TO65.MA.ZS","36.327283","37.004828","37.76613","38.669914","39.616307","40.583234","41.567489","42.590477","43.56416","44.469929","45.31074","46.074013","46.635892","47.263368","47.694255","48.034621","48.307199","47.373471","48.843554","49.118185","49.419054","49.757635","50.140799","50.571034","51.049696","51.579088","52.157743","52.875618","53.638169","54.414969","55.181325","55.914415","56.654869","57.377573","58.027506","58.612627","59.145137","59.63583","60.092898","60.555548","61.021513","61.433134","61.783272","62.068587","62.293852","62.471337","62.616871","62.744102","62.860562","62.965899","63.050847","63.103609","63.114683","63.082006","63.011367","62.921632","62.840405","62.796511","62.812956","62.905328","60.396085","57.946554","63.599668","63.845483","64.019925","",
"St. Kitts and Nevis","KNA","Survival to age 65, male (% of cohort)","SP.DYN.TO65.MA.ZS","50.04028","50.516405","50.983631","51.443139","51.879239","52.217207","52.406169","52.454421","52.504327","52.459057","52.361007","52.329718","52.452986","52.701311","53.191957","53.675629","54.184668","54.591459","55.199072","55.572006","55.800353","56.259164","56.56098","56.82716","56.767616","56.851476","57.057535","57.20964","57.36003","57.433068","57.481432","57.736478","58.063351","58.514604","59.251901","59.956035","60.724324","61.52449","61.922988","63.131087","63.93786","64.754685","65.534347","66.315469","66.996869","67.610113","68.043258","68.190914","68.377478","68.419249","68.263353","68.047739","67.742056","67.251956","66.753325","66.383201","66.234258","66.233429","66.281475","66.744689","65.252576","61.113706","63.565892","67.79073","68.007627","",
"Korea, Rep.","KOR","Survival to age 65, male (% of cohort)","SP.DYN.TO65.MA.ZS","38.44018","39.220584","39.950689","38.872188","38.603458","38.51369","36.75026","48.01693","47.186124","48.058858","49.214244","49.955997","50.666878","51.521373","52.218458","52.875284","53.416469","51.853924","51.940217","54.148508","51.449094","55.966332","55.831279","55.063858","58.21297","58.51325","59.784685","60.509714","62.23472","63.55171","64.49503","65.40443","67.164185","68.327692","68.626635","69.772551","71.136647","72.101643","73.074068","74.363655","75.561191","76.812724","77.611701","78.394409","79.220212","80.236249","81.200971","81.97914","82.709093","83.57944","83.811157","84.477557","84.818856","85.748191","86.823578","87.478335","88.261898","88.987051","89.335236","89.972288","88.847769","89.328489","89.481861","91.972794","90.559913","",
"Kuwait","KWT","Survival to age 65, male (% of cohort)","SP.DYN.TO65.MA.ZS","55.468942","57.055087","58.64435","60.23506","61.8272","63.423373","65.020228","66.560793","67.968704","69.178329","70.130546","70.770127","71.107467","71.226706","71.213544","71.151804","71.149141","71.265","71.511312","71.880922","72.362991","72.94354","73.608185","74.35385","75.18216","76.094392","77.090848","78.168542","79.269511","80.292971","73.90371","74.23836","82.097808","82.09311","81.85928","81.506804","81.148019","80.916066","80.928894","81.140439","81.473815","81.846456","82.180847","82.407929","82.540549","82.661592","82.855129","83.202709","83.776963","84.589677","85.552782","86.575076","87.581155","88.513337","89.33181","89.970975","90.584435","91.023009","91.349896","91.589516","87.69214","87.475817","90.11703","92.061251","91.763585","",
"Latin America & Caribbean (excluding high income)","LAC","Survival to age 65, male (% of cohort)","SP.DYN.TO65.MA.ZS","46.2646819905814","47.0648129180724","47.5446245543466","47.9946043371023","48.3925191794138","48.877243919132","49.7015724112081","50.1054717123764","50.3987430361315","50.686943512035","50.8120436980435","51.9814550742409","52.6010601207123","53.0944278344536","53.5636990126475","54.3618834092269","54.8062811373497","55.6528684515071","56.1696526635781","56.4877220842329","56.8096811103853","57.2263380517701","57.5830943877968","58.4628856649827","59.0993213060353","59.3266477144776","60.3764979991943","60.8427483563786","61.3497791833429","61.8022662220998","62.2088370192326","62.488430586902","62.742277847865","63.266389237744","63.9782599986415","64.6799139686961","65.3155628642477","65.8981864815066","66.2442480837565","66.8259503447183","67.3190346164432","67.8743990814203","68.373668951512","69.0607197208985","69.5886819597968","70.1719282638833","70.6702606133455","70.9782628786062","71.2352030577569","71.4368370634584","71.3515664588699","72.1463654226493","72.6052500393163","73.0268459032746","73.4017795024431","73.7209640052135","73.5792990893194","73.9906184088648","74.2232019546275","74.6636687957887","69.4852588637953","66.0326584206131","73.5761327374514","75.4523734548955","75.5664570617225","",
"Lao PDR","LAO","Survival to age 65, male (% of cohort)","SP.DYN.TO65.MA.ZS","28.113787","28.608091","31.006358","27.88027","28.329461","28.591955","28.730776","29.506203","29.866027","30.214019","30.640702","31.081809","31.478123","31.972925","35.57957","35.958358","35.287381","35.819604","36.42332","37.373548","39.644931","40.674869","41.775029","42.565766","43.221975","43.961453","44.741496","45.12898","45.502603","45.881974","46.382107","47.355236","47.786941","48.316598","48.333954","48.901342","49.548297","50.135833","50.158928","50.521598","50.973475","51.626235","51.934397","51.848044","52.015498","52.841251","53.146486","54.125649","55.199802","56.696998","57.921484","59.519737","60.741828","61.946781","63.269083","63.809833","64.254109","64.854203","65.255973","65.71816","65.520471","64.680724","66.97987","67.399609","67.786165","",
"Lebanon","LBN","Survival to age 65, male (% of cohort)","SP.DYN.TO65.MA.ZS","59.771558","60.370999","60.880707","61.368143","61.803521","62.185378","62.524105","62.856655","63.079337","63.304344","63.504742","63.72896","63.877443","64.069378","64.28591","36.413725","8.956533","49.036983","48.164728","47.051663","47.726237","48.447065","22.531678","44.743182","45.510611","46.289291","47.168276","52.661501","53.411282","53.064044","53.771355","72.80768","73.328527","73.803679","74.577194","75.174506","75.442488","75.962554","76.383896","76.877483","77.498994","78.200957","79.006369","79.801095","80.518357","81.127891","78.907072","82.225694","82.60814","83.167769","83.655894","84.077921","84.36234","84.490252","84.676113","84.88741","84.908541","84.605441","85.037198","84.986026","80.599783","74.990799","84.703454","84.316224","84.501243","",
"Liberia","LBR","Survival to age 65, male (% of cohort)","SP.DYN.TO65.MA.ZS","27.657931","27.694882","27.758056","27.953954","28.082999","28.411374","28.709613","29.041782","29.362945","29.844893","30.259948","30.698425","31.262579","31.825995","32.408079","32.854104","33.353587","33.778786","34.312497","34.70838","34.96431","35.447153","35.68319","35.981701","36.259428","34.790371","35.907797","35.316666","34.806197","34.162715","16.138675","33.109595","31.929129","31.032083","29.522733","33.140205","33.098361","39.728321","41.059618","42.119118","44.848883","46.718485","47.625793","43.5323","49.750608","50.517951","51.239245","51.907427","52.468748","52.920228","53.12213","52.973488","53.615898","53.796052","52.16281","52.116157","54.183582","54.522279","54.74907","54.951061","54.148974","53.711912","55.704027","55.985525","56.215861","",
"Libya","LBY","Survival to age 65, male (% of cohort)","SP.DYN.TO65.MA.ZS","28.776126","30.964946","33.410826","35.643784","38.763816","41.005447","43.392996","45.491841","47.342464","48.960835","50.355553","51.674047","52.954047","54.229766","55.479524","56.71792","57.856442","58.722042","59.592107","60.180929","60.760929","61.318513","62.240264","63.328372","64.456286","65.609005","66.715421","67.534141","68.136551","68.738444","69.285956","69.861811","70.558914","71.151732","71.607648","71.991102","72.211568","72.087149","71.840678","71.529959","71.207394","71.201375","71.254424","71.51237","71.765513","72.037486","72.250268","72.338548","72.341871","72.366994","72.312192","65.483828","71.2676","71.538647","67.732352","68.532926","68.650114","71.300697","72.324537","71.463965","70.273475","69.660623","75.238667","69.95339","70.678291","",
"St. Lucia","LCA","Survival to age 65, male (% of cohort)","SP.DYN.TO65.MA.ZS","51.850379","53.808872","55.058939","56.236624","57.320475","58.136942","58.952271","59.843393","60.786195","60.446029","60.13266","59.713721","59.116743","58.954038","59.981318","59.698904","59.117992","59.858663","61.765677","61.942477","63.944216","65.264514","66.208298","68.397574","68.284085","66.779713","66.314259","65.308355","65.796726","66.351347","66.740625","67.321818","67.156167","68.193148","68.5502","68.642108","69.20618","70.202063","70.076782","69.112052","68.27958","68.825195","68.89646","69.995448","70.658411","70.853383","71.514605","71.898042","72.368134","71.933919","72.398658","73.119579","73.025846","72.0521","71.377129","72.09441","70.686698","69.914709","70.265535","68.749968","68.830689","61.695117","70.073221","70.153438","70.409196","",
"Latin America & Caribbean","LCN","Survival to age 65, male (% of cohort)","SP.DYN.TO65.MA.ZS","47.0765387372214","47.8244008466186","48.31981416195","48.7917446107711","49.220578152871","49.7596383745431","50.6362612774281","51.0804293561432","51.3716144724445","51.6953792964306","51.8723860103356","52.9762517127459","53.5954934051726","54.077602922923","54.6001353580234","55.4222727621218","55.9321860703228","56.7494458228052","57.2497670071388","57.6107045886445","57.9304261084426","58.3728381199535","58.7272899665811","59.6229318656527","60.2261361683753","60.5059677255733","61.5229283240885","61.9437947801812","62.3895440397198","62.7868284733256","63.2205008215147","63.4703129126696","63.694867542438","64.1616853225348","64.8112777631169","65.4989329570614","66.1212932093718","66.7353787420356","67.0258391050513","67.5441699610764","68.0160355776728","68.3574386295927","69.018818813151","69.5728763094514","70.1286446731393","70.6931507719894","71.1265911047545","71.440061829829","71.5868167764487","71.7876823452271","71.7771956285144","72.4757405781726","72.9167238008485","73.3341184066006","73.6519471085556","73.9860365981085","73.7631227014562","74.1753541004514","74.4973639488977","74.9109387839798","70.1434701584958","66.8200019424032","73.8211932658417","75.6690898844743","75.8013354372899","",
"Least developed countries: UN classification","LDC","Survival to age 65, male (% of cohort)","SP.DYN.TO65.MA.ZS","30.6808773940894","31.1940424159952","31.8068043325662","31.9853810887775","32.6780250432165","32.8642388163689","33.590859138723","34.3062524317836","34.7998756532956","35.2850312431747","33.6719491979607","26.1151062435701","35.7626422568054","36.5076465498282","36.6011720596525","37.0679533628105","37.7440049923469","38.2701432691376","38.4668608982509","39.1544619551139","39.745661347309","40.0650285241952","40.2551123567416","39.4607184709086","39.3114263090247","39.6816443827474","40.442757213272","41.614377479862","41.9928698721986","42.3301216687975","42.2829679757268","42.0338823129065","42.8468718873851","43.5292268235853","43.9447909769517","44.6377527133292","44.9034428775076","45.5642433105819","45.5513249815918","46.3405872774055","47.9508439000682","48.7107412873845","49.3714551369436","50.2499969342011","50.9186771770494","51.7223658023304","52.7338114420089","53.5113148197048","53.753724478066","54.8035037926378","55.2555043501591","55.927323814253","56.8006313383315","57.4065466275713","57.6529129979376","58.1090514638942","58.7533608967897","59.1675218259055","59.8927938795537","60.5345929368603","59.6222681154134","58.0396895881265","61.7325548262585","63.0358208679972","63.3222426318724","",
"Low income","LIC","Survival to age 65, male (% of cohort)","SP.DYN.TO65.MA.ZS","30.3490157700986","30.6685118739848","31.1311322039528","31.2643243946248","31.8174501290406","32.1320627080736","32.8610054625319","33.3152728209091","33.9009234532141","34.4286260773402","34.9995835168605","35.232215155323","35.2111608361761","36.0948566161594","37.0548403362961","37.6882098016077","38.1766699013471","38.7760883385069","38.7173429525162","39.1106125022721","39.5071186820447","39.6222144667426","39.254522051524","39.4934150114276","38.8921061668164","39.4501960630768","40.5465237045263","41.1447837403816","41.8451975146106","42.4649794698206","42.5330465473594","42.4113636261951","42.5225903639981","43.5578792658178","43.7807212113068","42.9787877216824","42.7486446282475","43.3701958474228","42.5412992873846","43.8375678953672","45.6124157959952","46.2678395285984","46.7639508415969","48.4719207797656","48.9561529832624","49.6817463043886","50.8967235772684","51.7903228761741","52.5036109204475","53.085579781527","54.0297386712236","53.9830312374484","54.1492087353918","54.6474937988532","54.5195088608593","54.4800862476604","55.1522710546496","55.2677817493315","56.1900201873288","57.1439034105812","56.3125273313229","55.2373486919334","58.5409371557754","60.2737453058992","60.609570482218","",
"Liechtenstein","LIE","Survival to age 65, male (% of cohort)","SP.DYN.TO65.MA.ZS","69.018902","69.377511","69.377719","69.52899","69.74915","69.798754","70.096378","70.290681","70.494809","70.69071","71.149491","71.685696","72.499943","73.35297","74.446694","75.409964","76.400859","77.194863","77.312226","77.356863","77.367148","77.136869","76.910629","77.735018","78.347588","79.077874","80.024023","81.032287","81.582721","82.254356","82.876751","83.35736","83.433767","83.087087","82.491898","81.849988","81.107662","80.867494","81.291959","82.18815","83.255368","84.614936","85.790324","86.705832","87.421544","87.99395","88.471011","88.831953","89.11499","89.348849","89.605718","89.825118","90.069074","90.373227","90.637631","90.899439","91.057403","91.246005","91.382079","91.548412","91.036201","91.019489","91.660611","91.909736","92.060867","",
"Sri Lanka","LKA","Survival to age 65, male (% of cohort)","SP.DYN.TO65.MA.ZS","54.626658","55.521841","56.235454","56.803783","57.321622","57.917393","58.484343","59.118688","59.663518","60.16182","60.542258","59.874207","60.934062","61.118634","61.294889","61.843373","62.595447","63.369434","64.053321","64.897231","65.492688","65.758899","65.816753","65.296015","64.501641","64.130462","63.735129","63.276689","62.619906","57.83963","62.402456","61.623344","62.901402","64.008894","64.180456","62.243299","62.480353","62.346852","62.582367","63.101129","64.882091","66.741322","67.921552","68.581598","62.716827","69.929219","68.686679","68.87988","66.616335","62.686523","72.546589","73.202104","74.221511","74.927912","75.242073","75.742566","76.106561","76.367432","76.896088","77.527244","78.081552","76.365709","78.843584","79.29283","79.126357","",
"Lower middle income","LMC","Survival to age 65, male (% of cohort)","SP.DYN.TO65.MA.ZS","37.4250520266685","37.8515149184069","38.443684120413","38.7554252737962","39.29178452865","38.448283649239","39.0317200285169","39.3001226183997","40.6666406824948","41.2496804709814","41.180062703033","38.6960830708205","42.2461221331273","42.9286612216439","43.42744455472","44.464546161174","45.1879252619536","45.8758112380378","46.4510654076938","47.0951273945284","47.8084497946527","48.4041626035358","48.9396218738294","49.5132685564076","50.0279099774837","50.512701578076","51.0069788911226","51.4828195545229","51.9485396344928","52.343425311254","52.7324228962716","52.9149736085668","53.4391763323628","53.7720686316271","54.2097628111623","54.6275606307991","55.0312628830781","55.4462014992511","55.9433124425525","56.4806087989573","57.0450637167319","57.5584598896762","58.120328660254","58.7078780810517","59.1434270585767","59.6002776924851","60.1810609676215","60.6979622289866","61.0564476207171","61.6363392114925","62.1427868213408","62.7521336096539","63.2666127952751","63.7485662400822","64.2454812126314","64.7429898811562","65.263630648002","65.7591453525288","66.2384292885124","66.6736696167178","65.1734596693949","61.2428003041259","67.7563072125","68.2759128615694","68.6419514359131","",
"Low & middle income","LMY","Survival to age 65, male (% of cohort)","SP.DYN.TO65.MA.ZS","31.7562901412418","34.4204526977374","38.9021427283988","39.6432319115712","40.3817047453004","39.8008239501268","41.1503449344439","42.0137140172735","43.1548305773195","44.0054850789792","44.6256268092734","44.4496343849393","46.5120264196312","47.449219900722","48.1440667392112","49.0946190919732","49.7052950190414","50.7839836628699","51.4717791413529","52.2452687125057","52.8880293347654","53.4468715863086","54.0777680269154","54.8269291709731","55.5210122783494","56.1457211114061","56.8084601013142","57.3573152813349","57.8041376934319","58.3735908812685","58.6915634144545","59.0731387881541","59.5225214214541","59.9270553978414","60.2908742643203","60.7150391796803","61.1754204414534","61.6821061648633","62.0822279019347","62.5626540920898","63.1230523258323","63.6142900133534","64.1033209403771","64.6170929626612","64.9367516903715","65.5155767460701","66.0161644299495","66.5259129219495","66.7969721310089","67.3566065424023","67.8462357813439","68.1949692413639","68.6177655372744","69.0138816666266","69.3712038619341","69.7128856913572","70.0160433275894","70.2488924359477","70.7698376186012","71.1668488731676","69.4483646370789","67.0237589173704","71.5519289657656","72.1313756717637","72.2501216753552","",
"Lesotho","LSO","Survival to age 65, male (% of cohort)","SP.DYN.TO65.MA.ZS","35.619748","35.683683","35.658046","35.583198","35.491394","35.430394","34.925218","35.095691","35.541007","36.173926","36.843875","37.199228","37.866415","38.11182","38.586662","39.128579","39.314143","39.780572","40.350958","41.055126","41.887694","43.187874","44.272747","44.769572","45.331992","45.220823","44.706082","44.728714","44.412426","44.217915","43.746279","43.151635","42.203717","41.176443","39.620864","38.214778","36.023017","33.665971","30.368822","27.620926","24.813898","21.595272","19.541754","17.661184","15.773819","14.869197","14.751393","14.235917","15.081433","15.954","17.364287","18.391682","20.660583","23.13654","25.333777","27.507884","29.97954","32.074398","33.718194","35.013935","34.330663","30.719976","37.834273","38.841531","39.53392","",
"Late-demographic dividend","LTE","Survival to age 65, male (% of cohort)","SP.DYN.TO65.MA.ZS","29.6717605516021","34.2103798416937","42.1012107949515","43.0653998704936","44.1133306273735","44.7111134422475","45.5902811344132","46.4468921545318","47.1591792575412","48.0917022934996","49.187635905542","50.5046599129606","51.4171843581578","52.7189464156005","53.4168907617384","54.5305477541321","55.0495053637793","56.3240554706636","57.1174691721728","57.7995608434986","58.5303860413327","59.3359384230298","60.1683660178232","60.9224083963742","61.5108096117655","62.3004662872227","63.4121307544347","63.9666054368446","64.3979624953729","64.7626913192792","65.0507456330479","65.5594061182768","65.8160562203427","65.6656366133074","65.7698582706119","66.3101447888958","67.2825804487324","68.1548173119602","68.7905092948667","69.0322054704055","69.351123806624","69.8671610962558","70.2985340014706","70.9463214374029","71.4540695348709","72.0373213828435","72.7648363889053","73.5109611458083","73.700806499353","74.4176547378585","74.9333962808101","75.4185234588984","75.9187515255477","76.402629599807","76.7890754068134","77.2197086411954","77.5355304969431","77.6673816835813","78.3201938304755","78.6581265086641","77.9657899140919","77.267177474639","78.68281306331","79.0954390609258","78.9520905343025","",
"Lithuania","LTU","Survival to age 65, male (% of cohort)","SP.DYN.TO65.MA.ZS","66.045219","65.920292","64.244313","65.557867","68.244338","67.587549","67.460162","67.19657","66.616654","65.667021","64.758933","65.457749","64.501907","64.882482","63.721667","63.009167","62.478966","62.174083","61.666587","60.751144","60.514896","60.051764","60.671071","60.216304","59.072392","60.504866","64.736048","64.181447","63.665264","62.023276","60.651297","57.774488","57.103802","52.496559","50.62584","51.885638","55.434321","58.016246","59.163452","59.875758","60.581478","58.477084","59.013679","59.44343","58.600789","55.636404","54.33786","53.213518","56.508304","60.107563","60.665806","61.96483","62.845638","63.299154","65.086821","65.323475","65.604205","69.266384","70.041824","70.77585","67.891255","67.189262","67.582078","70.41329","70.342432","",
"Luxembourg","LUX","Survival to age 65, male (% of cohort)","SP.DYN.TO65.MA.ZS","65.890575","65.62522","63.471519","63.941538","61.582129","63.040784","63.774032","64.360202","64.66408","63.517179","64.220942","64.197839","66.158447","64.507315","65.716178","64.933828","65.945582","67.665522","67.167328","69.783736","71.936683","69.718301","66.85978","72.203338","70.064931","72.687139","72.551657","72.428819","74.562493","74.139739","76.296165","75.429442","75.954814","76.745455","78.382418","76.485277","76.753474","79.618537","78.068236","80.600961","80.15092","80.747543","80.219281","81.261678","81.939646","82.766658","82.398507","84.097516","85.842684","85.315424","85.611142","85.90059","86.13121","86.427045","86.899826","88.11367","87.662473","88.593449","88.082656","87.68745","88.113975","88.640333","88.452805","88.504533","89.222871","",
"Latvia","LVA","Survival to age 65, male (% of cohort)","SP.DYN.TO65.MA.ZS","64.951624","64.947717","63.916731","64.960771","67.181008","65.551643","65.612426","65.048629","62.840507","61.71054","63.06015","62.601768","61.502605","60.964795","60.059748","58.447733","58.366364","58.293324","57.463497","56.383419","56.307017","55.726965","57.784878","56.625484","56.79868","58.344409","62.440901","62.350326","61.614007","58.825552","56.053698","54.804578","52.43517","46.089622","41.017962","44.000976","51.809514","54.329611","52.76582","54.56782","55.389869","54.708516","54.986987","57.062705","57.50166","55.390199","54.703224","55.676233","59.083409","61.692414","62.491641","64.501122","64.777597","65.382579","65.431475","66.608593","67.14756","67.17806","67.575011","69.723369","69.456875","63.554225","67.980846","71.221017","71.115501","",
"Macao SAR, China","MAC","Survival to age 65, male (% of cohort)","SP.DYN.TO65.MA.ZS","59.088405","59.97375","60.878835","62.286936","63.150598","63.28067","64.339527","65.765237","67.140598","67.139036","68.522986","68.845227","69.952907","70.933487","71.631134","71.298926","73.290759","72.240624","73.536927","74.282617","75.125284","75.833722","77.305358","77.311557","77.275424","78.185989","78.744204","78.763655","79.580561","81.159967","81.937951","81.751032","82.646692","83.438669","82.920092","83.725963","82.700542","84.457889","85.041527","85.715844","86.216116","86.882628","87.380448","87.677877","87.904303","88.319396","88.526389","88.731565","89.033379","89.289792","89.385072","89.881254","90.082143","90.196888","90.352926","90.423336","90.286839","90.42392","90.624064","90.474292","90.92802","91.638701","90.57325","89.387427","91.111834","",
"St. Martin (French part)","MAF","Survival to age 65, male (% of cohort)","SP.DYN.TO65.MA.ZS","62.698919","63.077345","63.498194","63.896588","64.196668","64.417959","64.831248","65.298253","65.826538","66.497155","67.22089","67.761445","68.188566","68.532502","68.770168","68.938978","69.138438","69.344951","69.569203","69.771613","69.967896","70.13329","70.319306","70.484434","70.777973","71.175715","71.739079","72.469087","73.304243","74.209611","75.161022","76.039737","76.655537","77.160316","77.605769","77.980809","78.293896","78.716251","79.139575","79.552555","79.956342","80.352027","80.739746","81.119611","81.491453","81.852703","82.20098","82.478044","82.749608","83.092156","83.506418","83.906257","84.403976","84.725127","84.947217","85.0061","85.001685","83.761455","85.128089","85.231389","85.383321","85.597546","85.719764","85.694605","85.996384","",
"Morocco","MAR","Survival to age 65, male (% of cohort)","SP.DYN.TO65.MA.ZS","28.415236","31.023401","31.839713","32.569352","33.35194","34.131576","34.889988","35.693372","36.433985","37.136712","37.822938","38.429466","39.259814","39.998125","40.782936","41.658941","42.653161","43.69925","44.775698","45.906382","47.030231","48.120616","49.340675","50.54384","51.668842","52.80019","53.92864","54.961948","55.899518","56.79645","57.733862","58.586936","59.36303","60.081702","60.84246","61.469567","62.30465","62.958116","63.584325","64.164577","64.791137","65.525666","66.230764","66.929433","67.541767","68.290028","68.932358","69.820579","70.670425","71.472929","72.207416","72.896362","73.527322","74.363494","75.152503","75.866693","76.491292","77.036003","77.509423","77.921902","75.146279","75.554229","79.431026","79.627827","79.908683","",
"Monaco","MCO","Survival to age 65, male (% of cohort)","SP.DYN.TO65.MA.ZS","71.055714","71.570329","72.08699","72.430169","72.926488","73.159378","73.160428","72.968671","73.032697","73.298693","73.615127","73.746013","73.813634","73.838714","73.805499","73.698823","74.020158","74.92261","76.185313","76.834755","76.987663","76.880118","77.358953","78.076923","79.401757","81.364752","83.352955","84.69518","84.527558","84.137452","83.907393","84.318998","84.723808","85.135504","85.577188","85.975362","86.368838","86.766046","87.232829","87.657562","88.085443","88.454691","89.007551","89.64975","90.427574","90.893222","90.905181","90.699843","90.772811","91.540352","92.297854","92.802666","92.67697","92.52898","92.509149","92.833762","93.265536","93.58907","93.879819","94.011674","94.176469","93.546875","93.901952","94.199394","94.277157","",
"Moldova","MDA","Survival to age 65, male (% of cohort)","SP.DYN.TO65.MA.ZS","47.70226","48.192625","48.658416","49.104081","49.56769","49.993365","50.351629","50.607014","50.789265","51.014159","51.322229","51.724494","52.157239","52.561298","53.039346","53.527951","54.019214","54.48818","54.913327","55.168515","55.352125","55.295092","55.235956","55.293372","55.820984","56.895553","58.17476","59.383463","59.841682","59.556045","58.798842","57.66982","55.194763","55.095384","54.110459","53.596545","53.539896","54.033664","54.821132","55.48239","55.817945","55.961908","55.858111","55.730002","55.660468","55.793504","56.109446","56.518818","57.127755","57.860744","58.68742","59.115294","59.285408","58.988894","58.781922","58.342249","58.391258","58.750507","58.440774","58.283538","58.858997","57.366606","62.044377","60.226333","60.724824","",
"Madagascar","MDG","Survival to age 65, male (% of cohort)","SP.DYN.TO65.MA.ZS","30.671573","31.338573","31.947981","32.556038","33.181348","33.789512","34.421048","35.196264","35.758751","36.440053","37.339429","37.776373","38.497498","39.105043","39.634186","40.147532","40.508459","40.778649","40.98472","41.05025","41.07298","40.665003","41.027633","41.402618","41.641105","41.871648","42.074949","42.450338","42.594134","43.141776","43.537745","44.085951","44.570357","45.791365","46.514043","47.309914","48.291125","49.423849","50.547791","51.611016","52.634026","53.719746","54.416461","55.055127","55.676664","56.324235","56.968227","57.508611","58.040368","58.4795","58.845484","59.181778","59.330603","59.551835","59.658088","59.884298","60.010783","60.01442","60.138628","60.114493","57.769812","57.29035","58.754317","60.148367","60.42787","",
"Maldives","MDV","Survival to age 65, male (% of cohort)","SP.DYN.TO65.MA.ZS","30.812244","31.167854","31.582787","32.086168","32.661101","33.337062","34.054347","34.856287","35.692226","36.608869","37.609777","38.703198","39.781702","40.917224","42.120675","43.447943","44.795987","46.143221","43.024204","48.790347","50.067524","51.302343","52.518051","53.727367","54.940991","56.16626","57.387349","58.610221","59.909836","61.211718","62.491145","63.69208","64.882159","66.148945","67.339892","68.543761","69.746706","71.062264","72.411594","73.710599","74.839737","75.87039","77.317848","79.172067","79.376327","82.402737","83.058958","83.660041","83.885045","84.383948","84.929382","85.529896","86.243786","86.840574","87.658036","88.630304","89.30735","89.71122","89.665063","89.709442","88.495149","87.616107","91.11409","91.539636","91.542525","",
"Middle East, North Africa, Afghanistan & Pakistan","MEA","Survival to age 65, male (% of cohort)","SP.DYN.TO65.MA.ZS","35.1154656215197","36.0520267742386","36.6526189642065","38.2434353263588","39.1847625663227","39.9980119926411","41.0248131810747","41.8253214578399","42.6770219390444","43.5097348156747","44.3328595458831","41.7383733970765","45.7826124495891","46.0734267054445","46.7704053887844","47.2429907336262","47.9827067644253","49.2179659830683","49.6041535567766","50.6909420358339","50.7417294046664","50.2774751969904","50.679593747263","52.464929659455","53.9315310226565","54.7712224099923","55.5327320200274","56.4507084310713","57.0524840338966","58.7464157566054","58.8936151731739","60.1934764965497","61.0806814275043","61.6794312969505","61.7607053327113","62.2518979074361","62.789600490334","63.2043074331348","63.8921558538122","64.7357975924403","65.3663183082505","66.0226976819977","66.6980675145829","66.7628269814984","67.4170258785037","67.3395452879163","67.9537791912139","68.3474502646788","68.9846452751634","69.5511436502425","69.8764219976645","70.1238696421975","70.128705386852","70.6175930570705","71.1531218943521","71.3999984451795","71.8046622872143","72.2642517037312","72.6375045736427","73.1685917576544","70.2275459313668","69.8209434329155","73.8587179780953","74.6238599068882","74.8697995421248","",
"Mexico","MEX","Survival to age 65, male (% of cohort)","SP.DYN.TO65.MA.ZS","43.661536","45.313579","45.956417","46.071284","45.990072","47.140731","48.342762","48.726923","48.970286","49.192593","50.457651","51.403506","52.379038","52.396381","53.084365","53.934724","54.798745","55.251589","55.509338","55.76714","56.040874","56.461257","57.296309","58.22097","59.117758","60.128382","61.270232","62.172867","62.859977","63.306257","64.008582","64.472081","64.911408","65.412567","66.180063","67.141021","68.044717","68.758801","69.29796","70.05455","70.815388","71.540083","71.948727","72.341915","72.525709","72.813873","72.925505","72.829116","72.344201","71.997667","71.963661","72.264128","72.579309","72.930308","73.183627","73.034924","72.5675","71.878594","71.519074","71.684605","61.014111","60.157807","70.306194","72.691878","73.232425","",
"Marshall Islands","MHL","Survival to age 65, male (% of cohort)","SP.DYN.TO65.MA.ZS","38.88326","39.13022","39.779146","40.512037","41.229591","41.98971","42.681626","43.344833","44.013988","44.569183","45.108027","45.562119","45.981834","46.315055","46.588717","46.82218","47.016833","47.224694","47.371081","47.54553","47.685719","47.833924","47.999387","48.185861","48.399863","48.543067","48.615368","48.659231","48.569544","48.472175","48.648291","48.863864","49.312187","49.942783","50.694979","51.312597","51.943429","52.502803","52.876329","53.269067","53.216886","54.08511","54.497622","54.947951","55.344832","55.677773","56.085826","56.347457","56.422717","56.635583","56.826634","57.084032","57.303885","57.662858","57.949174","58.214709","58.514461","58.841711","59.162894","59.399352","56.88701","56.905191","60.560666","60.916791","61.080515","",
"Middle income","MIC","Survival to age 65, male (% of cohort)","SP.DYN.TO65.MA.ZS","31.8331507230742","34.6274705936834","39.3335643837686","40.1100523903125","40.86029149171","40.2298521101675","41.6134119118334","42.4980959270791","43.6687422386051","44.5363184540739","45.1577115956294","44.9578845183508","47.1331753679771","48.0720270658176","48.7531483895271","49.7225637162473","50.3415719132062","51.4468089800762","52.1754558456485","52.9703956063266","53.6242066003038","54.2001162721703","54.8814111368161","55.6590579669694","56.4236179920708","57.0518265957762","57.6906336227398","58.2371106412395","58.6704679549163","59.2385097379076","59.5708962602482","59.9806299207902","60.4545510083838","60.8331769222488","61.2123030336879","61.713006573307","62.2185626845096","62.7229043437222","63.1998629619653","63.6424837029461","64.1396011928557","64.6285426860068","65.1274607762274","65.5812482466121","65.9008439467674","66.4812851544524","66.9512088175233","67.4517402880551","67.7084947228439","68.2801020410683","68.754022213977","69.143466296103","69.5970934870549","69.9974337698102","70.3995732334655","70.7822874075517","71.0779163560319","71.3407579880273","71.8559021620126","72.2358851726357","70.47280363952","67.9631002351913","72.611833760877","73.1199547326707","73.2419489238147","",
"North Macedonia","MKD","Survival to age 65, male (% of cohort)","SP.DYN.TO65.MA.ZS","62.983642","63.455982","60.555991","62.23928","63.621488","63.508762","65.651987","65.541423","67.201594","65.074711","67.1588","66.594475","66.300815","66.852333","67.973037","68.742876","68.978979","69.623692","71.325524","70.267681","70.793165","70.073655","71.447637","70.531386","70.213616","70.367908","71.43822","71.016265","71.015593","72.386809","72.109828","72.696959","71.534469","71.346215","70.173794","71.252209","71.059423","71.820475","71.066271","71.694022","72.831266","72.257136","72.101932","73.400146","74.372603","74.883493","74.554585","75.460694","76.899035","76.527701","77.469871","77.913705","78.141001","78.323277","78.285602","78.866043","78.365643","80.071933","80.580145","80.802071","76.287475","73.191348","81.15993","81.816239","82.191099","",
"Mali","MLI","Survival to age 65, male (% of cohort)","SP.DYN.TO65.MA.ZS","19.337909","19.538632","19.632545","19.838684","20.063797","20.319898","20.567946","20.998196","21.29977","21.503472","22.060348","22.423335","23.215","23.783075","24.584476","25.749958","26.91755","28.108453","29.287677","30.288325","31.175352","31.977791","33.001609","34.100945","34.822986","35.345157","36.457612","37.296063","38.151725","39.248932","39.86606","40.410124","40.75087","41.233576","41.211216","41.564521","41.624391","42.307672","42.841979","43.392161","44.749528","45.562126","46.367116","47.074144","47.699967","48.315991","48.930687","49.432444","49.858258","50.390095","50.860915","51.269366","51.511243","51.838355","52.552296","53.029827","53.76846","53.94016","54.211998","54.678714","52.664997","53.127369","55.231551","55.916513","56.584634","",
"Malta","MLT","Survival to age 65, male (% of cohort)","SP.DYN.TO65.MA.ZS","66.66232","66.284985","68.329104","68.582955","68.778741","69.121505","69.71872","69.71247","69.76606","69.854061","69.969704","68.562719","69.92428","71.357118","72.798956","72.418431","73.058452","73.333948","73.402516","74.219743","74.458408","73.733827","74.978276","75.242657","75.508028","75.67949","77.480774","79.369144","80.227993","80.622038","80.758194","81.269828","81.969428","82.441109","83.197755","82.816549","84.146516","85.48504","84.857298","83.834633","86.682437","87.081689","86.97584","86.620893","87.43552","86.907046","86.36014","86.980518","85.026042","87.729231","87.391976","87.651466","87.34883","88.394294","88.661865","88.118479","88.493785","88.8978","88.780464","90.40252","88.718296","88.641315","88.826558","90.754195","90.218709","",
"Myanmar","MMR","Survival to age 65, male (% of cohort)","SP.DYN.TO65.MA.ZS","31.570717","32.090904","32.732113","33.634312","34.312838","35.323089","36.232302","36.968749","37.554925","38.348963","38.769818","39.670367","40.118474","40.61412","40.953823","41.437405","42.021411","42.454743","42.654082","43.497591","43.967586","44.399319","44.765076","45.061936","45.464194","45.627425","45.96279","46.297889","46.512187","47.000885","47.291837","47.502257","47.683622","48.208757","48.455318","48.846734","49.431296","49.791104","50.344936","50.598508","50.846913","51.233746","51.624115","52.069469","52.469671","52.902313","53.360338","53.970845","48.239431","55.166446","55.77383","56.29204","56.988338","57.626913","58.167019","58.591782","59.245951","59.736173","60.324494","60.645456","60.498948","57.455222","59.854564","60.812826","61.358313","",
"Middle East, North Africa, Afghanistan & Pakistan (excluding high income)","MNA","Survival to age 65, male (% of cohort)","SP.DYN.TO65.MA.ZS","34.4864502688476","35.4281894102927","36.0002403818657","37.623579655731","38.5614921602463","39.365678101722","40.3877660512212","41.1719914614529","42.0350406072529","42.8638396912214","43.6628409827225","40.8680496075805","45.072143532706","45.3194978197722","46.0010614444415","46.441510521553","47.1248268642357","48.3577026588621","48.6845032266826","49.7574215315811","49.7214417134036","49.1450457627492","49.5121932742935","51.3406604410322","52.8432367874523","53.6695800071996","54.4230886835231","55.3291838856773","55.8925262688465","57.6284982005499","57.8148736431438","59.1808065822245","60.0391023306605","60.6298753236164","60.6759572920624","61.1719068100732","61.6978724429206","62.0776237588991","62.7462919466194","63.5507943987271","64.1282813910607","64.7252065446099","65.3583683984684","65.3406338755752","65.9947766258801","65.8594043380235","66.4649692456243","66.8013805887976","67.4152136215019","67.9570527417076","68.2782479878541","68.4486578071047","68.2915504737939","68.6528629096937","69.0733881698658","69.1395618959561","69.4232906646297","69.8858337883235","70.3599807307805","71.0492249876807","67.9718073991177","67.6933275245855","72.0829679442582","72.7007925537009","72.8987888769002","",
"Montenegro","MNE","Survival to age 65, male (% of cohort)","SP.DYN.TO65.MA.ZS","65.109708","66.037087","66.041883","66.528841","67.656416","68.652699","69.217518","70.709262","71.463582","71.298535","71.156934","71.615735","71.967666","72.135821","72.279213","73.071983","72.894268","71.667571","71.776832","70.852895","71.71098","71.132322","71.360541","71.046932","70.915688","71.242931","71.627504","72.581819","72.757297","72.875987","72.366809","72.659394","72.237075","72.281616","72.320745","72.348222","71.905159","71.529269","71.120069","70.824907","71.337746","71.679765","72.163319","72.590036","72.861998","73.194495","73.852276","74.272943","74.779951","75.451243","76.207732","76.80583","77.275401","77.775647","78.305344","78.296272","78.560493","77.325834","79.042171","77.422659","78.188966","71.793193","76.567656","78.45686","78.741075","",
"Mongolia","MNG","Survival to age 65, male (% of cohort)","SP.DYN.TO65.MA.ZS","31.716993","33.017829","34.334237","35.681349","36.949071","38.139633","39.086858","40.192037","41.154214","42.120948","42.999569","43.881351","44.829856","45.72499","46.468137","46.941065","47.309787","47.553414","47.707622","47.822317","47.936515","48.063824","48.193809","48.336841","48.465685","48.594776","48.73925","48.943873","49.212293","49.385375","49.554","50.218192","50.452447","50.338638","49.412475","48.771314","48.500755","49.436899","51.02015","52.325943","52.648231","51.929756","50.72847","49.842176","49.140542","49.645874","51.422007","54.005577","55.859137","55.339256","54.154578","53.409119","54.140983","55.566953","56.896007","57.895702","58.827649","59.509212","60.284173","60.307874","58.791855","56.430959","61.929426","62.345594","62.934729","",
"Northern Mariana Islands","MNP","Survival to age 65, male (% of cohort)","SP.DYN.TO65.MA.ZS","47.504605","47.986299","48.477324","48.993917","49.419348","49.986828","50.598575","51.208032","51.859174","52.653448","53.353913","54.062689","54.702837","55.624512","56.435547","57.138439","58.000133","58.708223","59.351621","60.003512","60.690958","61.432279","62.313569","63.147541","63.946304","64.645167","65.198196","65.599122","65.901116","66.027553","66.094181","66.116661","66.171127","66.128898","66.058114","66.181745","66.79995","68.026378","69.944966","72.473815","75.078478","77.4032","79.162297","80.708354","81.606774","82.559322","83.310912","83.69815","83.8753","83.862304","83.745427","83.557424","83.361895","83.179183","83.057709","83.046404","83.104127","83.218966","83.350192","83.820829","84.068284","84.184101","84.892776","85.31445","85.523211","",
"Mozambique","MOZ","Survival to age 65, male (% of cohort)","SP.DYN.TO65.MA.ZS","30.924595","31.363601","31.738975","31.903169","30.912744","31.108994","31.036029","31.267948","31.700867","32.06893","32.70263","33.183671","32.729773","33.221326","34.797169","36.478071","36.693321","36.58125","36.514582","36.357118","36.404821","32.76672","32.473256","32.010838","22.279252","22.140474","24.018231","23.788442","32.372938","32.392795","33.297459","33.702393","34.068059","34.853001","35.173941","35.51068","35.920194","36.296959","36.578585","37.054418","37.494708","37.955663","38.205128","38.485614","38.745382","39.031919","39.278633","39.66062","40.082175","40.66186","41.312692","42.111931","43.027071","43.982304","45.085725","46.196401","47.352831","48.453909","49.452298","50.242302","48.870749","45.392453","52.751977","53.951092","54.250746","",
"Mauritania","MRT","Survival to age 65, male (% of cohort)","SP.DYN.TO65.MA.ZS","34.074002","34.861409","35.83058","36.640588","37.59743","38.56364","39.54822","40.506593","40.963424","41.707127","42.46215","42.787682","43.259805","43.607518","43.758297","43.532502","43.616584","43.729082","44.207051","44.649478","45.279004","45.887441","46.624065","46.723","47.663892","48.589639","49.362935","50.337769","51.159387","51.394734","52.129508","52.462982","52.916301","53.269371","53.16361","53.269693","53.234598","53.926421","54.286416","55.238785","56.174558","56.965617","57.694736","58.201734","58.971421","59.510532","60.269459","60.666799","61.014322","61.317098","61.629779","61.646381","61.774927","61.846503","62.596234","63.253422","64.082186","64.732248","65.406616","65.654243","62.992285","62.708567","66.401807","66.664708","67.001075","",
"Mauritius","MUS","Survival to age 65, male (% of cohort)","SP.DYN.TO65.MA.ZS","45.322906","48.186719","50.865859","52.204861","53.317547","54.094759","54.329276","53.903697","55.210107","56.068373","56.573635","56.52113","56.381586","57.901025","54.906698","53.71534","51.291282","52.888537","53.041708","54.598014","56.026171","58.047281","59.829649","59.92899","59.961688","59.493641","59.961917","60.385429","60.774109","60.450915","61.092168","61.806031","62.602867","62.965933","63.224512","63.487804","63.33549","63.621989","64.251946","65.638251","66.082984","66.641252","66.84754","67.793799","68.4891","68.812686","69.07457","68.936873","68.99636","69.152038","69.721794","70.655969","71.169539","71.963137","72.136162","72.363875","72.488187","72.76615","72.589986","70.70991","71.258562","68.816347","70.065814","72.116337","73.106541","",
"Malawi","MWI","Survival to age 65, male (% of cohort)","SP.DYN.TO65.MA.ZS","25.57213","26.004214","26.332195","26.63825","26.411306","26.281852","26.233704","26.139079","26.32551","26.516103","26.857586","27.369264","27.783261","28.665597","29.735083","30.601559","31.520103","32.455527","33.482268","34.143332","34.669444","34.980739","35.007495","35.179499","34.78665","34.303012","33.795202","32.954251","32.239547","31.82174","31.558683","30.919242","30.484019","29.956034","29.53972","28.91724","28.446413","27.847053","26.938285","27.518127","28.660211","29.739244","30.536736","31.956962","34.050037","35.986365","37.804121","39.727668","41.310531","42.68893","43.957","45.430834","46.785031","47.925709","49.088256","50.078469","51.355064","52.585102","52.885318","53.825997","53.754199","52.477405","56.052917","59.691582","60.043489","",
"Malaysia","MYS","Survival to age 65, male (% of cohort)","SP.DYN.TO65.MA.ZS","47.125032","48.453339","49.828536","51.130995","52.303135","53.378851","54.202557","54.729005","55.252969","55.843484","56.526889","57.286115","58.031176","58.835251","59.583338","60.377442","61.010169","61.480678","61.899231","62.647845","63.311901","63.866371","64.542981","65.193758","65.846536","66.321665","66.719028","67.056304","67.472502","67.908671","68.356211","68.862755","69.324424","69.635596","69.823397","69.978782","70.188363","70.351621","70.413733","70.423828","71.075032","71.82728","72.663136","73.109008","73.60892","74.151174","74.675549","74.928319","75.159818","75.27954","75.48732","75.620892","75.737714","75.684158","75.533786","75.461285","75.56217","75.870143","76.1863","76.419014","76.629319","72.112863","75.222998","77.459029","78.027891","",
"North America","NAC","Survival to age 65, male (% of cohort)","SP.DYN.TO65.MA.ZS","64.1864522167216","64.9888938063426","64.6689302319598","64.1933105232954","64.3403038814304","64.3548145480597","64.1383698182166","64.5504523637603","63.9463580694942","64.4213046688584","64.7913358833559","65.5689382190086","65.5657490458976","66.0640644169004","67.1401609178651","68.0797269748424","68.7731150422926","69.4035030684005","69.866391649817","70.6485389182021","70.8967650672869","71.604538271737","72.3994300261166","72.8500432816508","73.1098677106082","73.1757597767221","73.3872350401691","73.6902897867373","73.7960876055368","74.1810436688769","74.6630390999331","74.9908059524036","75.4409147199795","75.3250801215822","75.584055458265","75.9504572574889","76.8689584612967","77.880653903927","78.4191891277722","78.6574117441177","78.9164140539737","79.0646256764217","79.1270285059151","79.2619253369819","79.7807482970465","79.7104081496974","80.0178527545843","80.3368500660178","80.549928373325","80.8975380931233","81.297638234751","81.3324583092159","81.3643907860963","81.3146193881709","81.2158210227206","80.9503196365156","80.5736189563379","80.4900781020072","80.6242260358801","80.8251503359566","77.7340079308516","75.8734071602246","78.0557585864666","81.1436495354811","81.7187545179216","",
"Namibia","NAM","Survival to age 65, male (% of cohort)","SP.DYN.TO65.MA.ZS","38.875821","39.637762","40.605876","41.452085","42.457136","43.289989","42.781189","43.688376","44.460705","45.203257","45.907861","46.630599","47.310336","48.009074","48.514941","49.098185","49.633803","50.165285","50.682921","50.975243","39.329593","39.507395","39.972394","40.438068","41.312857","41.774046","41.982746","42.577321","42.175803","47.864574","49.887449","48.361841","46.649426","44.307394","43.134353","41.420131","39.924525","38.663989","36.384823","34.303926","32.384495","30.00003","29.746754","29.510699","29.500091","29.931232","30.363403","31.357081","31.951042","32.871672","33.872538","34.58891","36.312126","37.850749","39.803687","41.042102","42.425178","44.102635","45.990367","48.058294","48.546611","40.904388","49.459802","57.263676","57.492014","",
"New Caledonia","NCL","Survival to age 65, male (% of cohort)","SP.DYN.TO65.MA.ZS","35.373127","36.408234","37.439606","38.486571","39.567875","40.700961","41.89831","43.148746","44.432209","45.732246","47.036086","48.333697","49.561283","50.849866","52.033633","53.147907","54.179001","55.125724","56.019809","56.896905","57.792267","58.675616","59.768718","60.843094","61.911593","62.927137","63.846691","64.629472","65.270388","65.802237","66.264198","66.702163","67.165414","67.687198","68.266717","68.900552","69.592153","70.350789","71.178101","72.028885","72.844923","73.578336","74.193744","74.639982","75.022862","75.317933","75.608119","75.948221","76.390999","76.948744","77.560338","78.16381","78.707517","79.146715","79.455287","79.698541","79.935498","80.117402","79.954395","78.660376","80.512745","77.402187","79.954658","82.225045","82.483436","",
"Niger","NER","Survival to age 65, male (% of cohort)","SP.DYN.TO65.MA.ZS","24.369083","24.440603","24.514884","24.701577","24.756234","24.676607","24.654254","24.597852","24.514653","24.402395","24.305852","23.427471","24.302663","24.483557","24.848374","25.465995","26.429476","27.51324","28.555033","29.713264","30.711567","31.711889","32.403302","33.019185","33.339857","33.82301","34.256763","34.683289","35.151999","35.61879","36.296046","36.763163","37.670026","38.506443","39.12904","40.328616","41.207315","42.03286","42.755294","43.462284","44.200147","44.921085","45.763484","46.772","47.775735","48.860212","49.986126","51.03557","52.081593","53.030642","53.888964","54.591346","55.165252","55.699718","56.130288","56.122157","56.834025","57.354401","57.755789","58.178056","57.006777","56.079657","58.22747","60.121462","60.454241","",
"Nigeria","NGA","Survival to age 65, male (% of cohort)","SP.DYN.TO65.MA.ZS","24.540493","24.741615","24.976093","25.173794","25.291358","25.595552","25.68194","23.299432","25.095711","25.483682","28.130626","28.94893","29.674287","30.278629","31.034807","31.538307","33.666701","34.548047","35.02434","35.372541","35.434424","35.833488","35.878851","35.885792","35.676723","35.449626","35.220431","35.2316","35.164202","35.203353","35.067073","34.420196","34.578755","34.625745","34.41252","34.610228","34.512706","34.804379","35.351777","36.174049","36.955045","37.813456","38.694789","39.641589","40.49229","40.575607","40.914484","41.61615","42.255435","42.598408","42.924053","43.250822","43.56207","43.66175","43.735609","43.730107","44.200257","44.460226","44.822952","45.32593","44.57579","45.287129","46.694367","47.267925","47.491039","",
"Nicaragua","NIC","Survival to age 65, male (% of cohort)","SP.DYN.TO65.MA.ZS","34.780342","36.00487","36.962721","38.07722","39.257991","40.193069","40.91869","41.365975","42.037513","42.640575","43.199401","43.679452","35.002886","44.565793","44.987849","45.341041","45.590217","44.580192","36.983806","28.509298","47.290503","47.339671","47.848461","40.988698","38.066224","38.137734","40.845991","39.330903","46.464831","52.259637","53.270063","55.178327","55.726257","56.301554","56.944214","57.385413","57.874108","58.248003","56.866023","58.599057","59.356331","60.486776","62.08774","63.500815","64.850066","66.497539","67.681906","68.125172","68.157275","68.062324","68.475956","68.789157","69.471165","69.682851","70.485872","70.682535","71.410411","72.072731","72.640392","72.971254","65.633253","65.864649","74.823782","75.252142","75.112926","",
"Netherlands","NLD","Survival to age 65, male (% of cohort)","SP.DYN.TO65.MA.ZS","75.56972","75.257191","74.225659","74.543634","74.38301","74.156539","74.053368","74.169719","74.036842","73.784642","73.366187","73.96634","73.700066","74.735731","75.182599","74.981601","75.158822","76.057266","76.103725","76.919557","76.992066","77.606212","77.453445","78.311011","78.3951","78.507663","78.561706","79.288652","79.819712","79.717499","80.43444","80.637941","81.135026","80.794309","81.596186","81.958404","82.078229","82.91445","82.973578","83.239287","83.516977","84.01046","84.312473","84.60638","85.301136","86.037136","86.434613","86.939053","87.092037","87.354609","87.645954","88.141674","88.088797","88.367603","88.711144","88.821105","88.895771","89.067583","89.196789","89.6036","89.091686","88.911798","89.621384","89.87086","89.849858","",
"Norway","NOR","Survival to age 65, male (% of cohort)","SP.DYN.TO65.MA.ZS","75.593075","74.995078","74.820926","74.717342","74.928389","74.622498","75.43094","75.227928","74.828091","74.074306","74.355133","74.79627","75.147257","75.134524","75.386435","75.619759","75.858962","76.42376","76.447738","76.004331","76.309381","76.999787","77.043226","77.042284","77.862323","77.2963","77.577134","77.399349","77.94226","78.522588","79.251925","80.00058","80.247206","80.77596","81.830554","81.945728","82.780801","82.958105","82.793215","83.430687","83.773419","84.176485","84.512814","85.298289","85.71892","86.133929","86.266779","86.867876","86.883967","86.965785","87.380574","87.643534","88.051559","88.265253","88.900904","89.411324","89.458676","90.056902","90.020014","90.132612","90.598849","90.701278","90.199276","91.42241","91.055977","",
"Nepal","NPL","Survival to age 65, male (% of cohort)","SP.DYN.TO65.MA.ZS","28.000406","28.497033","29.095764","29.327746","30.281543","30.929462","31.764928","32.235472","32.638349","33.140089","33.654428","34.146781","34.560697","35.005477","35.565851","36.136023","36.854664","37.544798","38.252917","38.987044","39.743017","40.064817","40.699097","41.307545","41.978707","42.742918","43.415093","44.3505","45.21892","46.373702","47.254486","48.142796","49.335242","50.485495","52.209444","53.088722","53.915108","55.093314","56.348885","57.234875","58.015367","58.759781","58.158356","59.600127","60.270867","61.303852","62.51293","63.008858","63.560192","63.932274","64.49023","65.387093","65.781103","66.240528","66.635844","66.032789","67.757156","68.214142","68.637383","69.063781","67.931537","66.08182","70.340974","70.796375","71.227318","",
"Nauru","NRU","Survival to age 65, male (% of cohort)","SP.DYN.TO65.MA.ZS","45.854879","45.988759","46.028464","46.113197","46.137454","46.139446","46.144811","46.093285","46.006732","45.922646","45.813617","45.65352","45.492948","45.320019","45.134313","44.916032","44.69476","44.409408","44.180034","43.841186","43.574369","43.249506","43.029065","42.81585","42.738994","42.788685","42.986519","43.231729","43.625464","44.116605","44.642926","45.229147","45.731556","46.15831","46.368226","46.361896","46.075306","45.518927","44.8632","44.147403","43.576297","43.158553","42.89012","42.627808","42.46405","42.346888","42.251808","42.227307","42.51593","42.754071","43.090628","43.409956","43.782917","44.05983","44.292626","44.30735","44.515193","44.800558","45.223393","45.751916","46.207921","46.51685","47.708607","48.332932","48.597735","",
"New Zealand","NZL","Survival to age 65, male (% of cohort)","SP.DYN.TO65.MA.ZS","69.858435","68.870541","69.754608","69.771741","69.067631","68.559752","68.341432","68.216616","68.458098","69.136101","68.440471","68.991466","69.752345","68.866343","69.729987","69.771164","70.842137","70.088821","71.060879","71.430768","72.715677","72.927595","73.307142","73.875076","74.640604","74.329731","74.411102","75.132314","75.226505","76.349392","77.37965","78.544085","78.409256","79.614783","80.567608","80.240239","80.259803","81.049344","82.013434","82.042272","83.688795","83.971979","84.208873","84.596365","85.436352","85.47659","85.76425","85.887683","86.237934","86.522062","87.045956","87.070622","87.491985","87.838334","87.761953","88.096806","87.974288","87.643337","87.790188","87.59534","88.527798","88.165482","87.572292","88.224488","88.523653","",
"OECD members","OED","Survival to age 65, male (% of cohort)","SP.DYN.TO65.MA.ZS","63.3492567405536","63.9763194060635","63.8635925117283","63.9413917285255","64.4899399232707","64.6144969628342","64.8898049346832","65.5748329398464","65.3510184928917","65.283837718004","65.8752839213981","66.4524679025975","66.8102306956197","67.1990469088996","67.7942142013093","68.1839063553378","68.6037772373919","69.1040078137905","69.3353860798947","69.8483388448443","69.9720178252507","70.6074722421627","71.1604119722064","71.3134222514624","71.7864636165133","71.9358941364554","72.4784818377052","72.8972887679437","73.1901599966679","73.5419612037642","73.7770173098365","74.0331370917697","74.4247366502956","74.713140801237","75.1596655124784","75.5410589399536","76.2772873902365","77.033376997716","77.4423074463552","77.7779312568867","78.3190452452396","78.7416224503264","79.0405568559523","79.3249752703188","79.8830357810668","80.0628335591136","80.4228513422344","80.7003873123516","80.9613337600431","81.2645950263001","81.6046083373084","81.8019864028375","82.1492918156044","82.4342540018268","82.69110853013","82.6555949882722","82.6816654512457","82.7913450504073","82.8947074087949","83.1844241433686","80.7764426438103","79.6021636310431","81.7854469111926","83.6615857806731","83.9113138476096","",
"Oman","OMN","Survival to age 65, male (% of cohort)","SP.DYN.TO65.MA.ZS","21.981029","22.94501","23.987443","25.097916","26.266199","27.487264","28.756316","30.075081","31.445696","32.869037","33.843535","35.331126","35.308395","36.871384","38.520349","40.255883","44.27519","45.9158","48.016443","49.937606","51.869306","53.745085","55.687754","57.530534","59.297494","60.968604","62.527547","63.962251","65.277475","66.492582","67.626865","68.698522","69.724349","70.718237","71.689936","72.648466","73.602251","74.558643","75.517857","76.446714","77.304213","78.054951","78.657404","79.072933","79.447522","79.744508","80.098912","80.477062","81.30049","82.223324","83.254881","84.292285","85.2561","86.087062","86.750563","87.269229","87.675641","87.995599","88.252259","88.467135","84.938231","81.322419","87.24404","89.142214","88.526521","",
"Other small states","OSS","Survival to age 65, male (% of cohort)","SP.DYN.TO65.MA.ZS","48.8302424436025","49.7514817439791","50.5171639778477","49.8936581653092","51.0113387807807","52.5033341260291","52.8520650141393","53.1103529738262","53.5390358826844","53.483613009488","53.8066006952732","54.29521934186","54.4351550546842","55.3015682744765","50.4987128090805","53.1031142077006","52.9321617799768","53.443223195229","53.3406644967046","53.8313906472943","54.8750117380539","55.0450164380622","56.0007567762013","55.7886281167313","56.3725079918005","56.7861599952906","57.8641734290617","58.4908321009547","58.4987387006599","59.9973747886735","59.5280765922882","59.1117042168753","58.9938344363626","58.7213108918542","58.1327506840215","58.411993710598","59.5463123420175","59.5512370308215","59.3103816233484","59.4634294818342","61.7222814382349","61.8566942999794","62.2299055283102","62.9268398577225","63.2691964915666","63.9757050890341","64.4462232885822","64.9127019802983","65.7438064348921","66.630093823435","67.5232404737946","68.1105444878459","68.635791121577","69.5706598726132","69.9222950482299","70.6420309620612","71.1197116930158","71.7002554584493","72.1458430836288","72.5319963653173","71.8962504683082","70.2515664031157","72.7319633156102","74.417126791427","74.6751799437823","",
"Pakistan","PAK","Survival to age 65, male (% of cohort)","SP.DYN.TO65.MA.ZS","38.567699","39.727966","40.920708","42.092651","43.317523","44.430888","46.249554","47.599834","48.882008","49.832794","50.690579","40.093768","51.641181","51.738941","51.640539","52.07698","52.33664","52.669146","53.418629","53.965337","54.71907","55.506492","56.355147","56.980527","57.460219","57.771142","57.829872","57.687856","57.683223","57.793066","58.007819","58.225826","58.562663","58.769014","58.772678","58.626792","58.645571","58.489563","59.419493","59.924899","60.353578","60.758783","61.101062","61.325564","61.446123","59.9365","61.491191","61.329883","61.282255","61.451842","61.515598","61.905625","62.158745","62.489994","62.769244","63.146451","63.596822","64.01289","64.372732","64.70703","61.476148","61.458503","65.595959","65.909952","66.106165","",
"Panama","PAN","Survival to age 65, male (% of cohort)","SP.DYN.TO65.MA.ZS","57.076404","58.00903","58.79312","59.319869","59.596435","59.758855","60.193173","60.499789","61.086831","61.663469","62.190083","62.93419","63.606756","64.259698","65.558699","66.431744","67.221993","67.773599","68.437207","69.00111","69.610766","69.952779","70.117664","70.301384","70.676673","70.850778","70.836603","71.039854","71.126531","68.191401","71.34475","71.312627","71.205815","71.771688","71.88182","71.873646","72.114229","72.764108","73.242136","73.979382","74.499036","75.116513","75.706504","76.081477","76.373855","76.53898","76.708491","76.919366","77.026158","77.139931","77.406026","77.68984","78.137458","78.529817","79.061517","79.654999","80.304914","80.628485","80.616806","81.397219","77.188357","77.82413","82.26473","82.559842","83.107182","",
"Peru","PER","Survival to age 65, male (% of cohort)","SP.DYN.TO65.MA.ZS","45.877447","46.728484","47.100202","48.543733","49.369476","49.946542","50.501145","50.931189","51.322927","51.711206","39.102223","52.408271","53.111042","53.689665","54.384177","55.123977","55.692279","56.050656","56.360628","56.551044","56.811335","57.062738","57.035955","56.682055","56.457646","57.721694","58.229488","58.536857","59.009849","59.250191","60.276094","60.68121","62.034883","63.528321","65.437252","66.894711","68.146334","68.84409","69.256881","70.062119","70.708136","71.265362","71.657511","72.122116","71.989041","72.568644","72.97696","73.415245","73.002895","72.104471","71.985043","72.552448","73.363331","74.316547","74.946478","75.895255","76.407231","76.868296","77.718576","78.503272","69.84081","66.300962","80.437676","79.769845","79.755215","",
"Philippines","PHL","Survival to age 65, male (% of cohort)","SP.DYN.TO65.MA.ZS","52.247382","52.445167","52.630454","52.956054","52.92773","53.135436","53.26249","53.306576","53.285289","53.093145","52.787633","52.913442","52.481332","51.967268","52.03394","52.058498","52.062178","52.801681","52.724211","52.851052","52.906087","52.815354","53.008311","53.195275","53.304333","53.727693","53.736926","54.437704","55.073972","55.594352","55.942914","55.545871","56.903285","57.069221","57.612472","58.096943","58.60453","59.168536","59.518766","59.965243","60.229071","60.330454","59.764305","60.261666","60.403751","60.219605","60.308428","61.225866","61.44101","61.290779","62.095351","62.883181","63.145322","63.458812","63.393031","63.902346","63.852428","64.686856","65.039965","64.970919","66.443684","58.284191","64.840888","65.617796","65.426863","",
"Palau","PLW","Survival to age 65, male (% of cohort)","SP.DYN.TO65.MA.ZS","36.305725","36.541054","36.836239","37.064665","37.361646","37.289564","37.584371","37.968098","38.354189","38.792976","39.31443","39.836725","40.371914","40.946593","41.47151","42.015839","42.508996","42.943908","43.321854","43.598656","43.805773","44.013514","44.126984","44.119065","44.326246","44.344849","44.291761","44.279736","44.350915","44.473228","44.709532","44.980982","45.371408","45.680462","46.212311","46.786729","47.435772","48.265932","49.00947","49.715719","50.397441","51.053552","51.630844","52.530333","53.473533","54.513256","55.585189","56.900681","58.071866","59.162247","60.138499","60.956195","61.627027","62.120982","62.480338","62.754869","63.000823","63.261923","63.578489","63.926665","62.806755","62.918896","64.286757","65.603313","65.7764","",
"Papua New Guinea","PNG","Survival to age 65, male (% of cohort)","SP.DYN.TO65.MA.ZS","31.329857","32.071518","32.244226","33.542875","34.288506","35.073869","35.902171","36.790265","37.662854","38.580609","39.486592","39.952762","40.982107","41.945699","42.891255","43.712902","44.588786","45.35247","46.050677","46.721584","47.348038","47.84927","48.266338","48.545748","48.894286","49.144952","49.41413","49.659654","49.865249","50.155092","50.416318","50.807934","51.341206","51.770041","52.278786","52.661897","52.933772","53.41259","52.322317","53.865202","54.030743","53.944649","53.864503","53.941274","53.923713","54.009751","54.207813","54.625258","54.999677","55.341363","55.6854","56.041271","56.272253","56.549118","56.848664","57.152093","57.455624","57.761276","58.091673","58.317163","56.963711","54.820228","57.319782","59.594109","59.766092","",
"Poland","POL","Survival to age 65, male (% of cohort)","SP.DYN.TO65.MA.ZS","63.735033","64.609534","64.877939","65.381375","66.31009","66.932094","67.101055","67.144584","66.736782","66.585629","65.96274","66.391597","66.656096","67.482678","67.111236","66.546494","65.513002","64.829753","64.568566","63.951041","64.119893","64.271138","64.704558","64.154898","63.307386","62.775894","62.588986","62.772089","62.62549","62.273712","61.333152","61.124539","61.68414","62.924225","63.683749","64.229582","64.669618","65.371027","65.698774","66.559453","67.587632","68.84374","69.590741","69.903103","70.066511","70.064994","70.115119","70.297573","70.721587","71.498181","72.268919","72.880928","73.416528","74.210285","74.850272","75.378997","75.532014","75.859075","75.751027","76.207328","74.00627","72.504554","76.431278","77.516189","78.02156","",
"Pre-demographic dividend","PRE","Survival to age 65, male (% of cohort)","SP.DYN.TO65.MA.ZS","27.7655144060928","27.9217442344018","28.9404767634624","29.2898811262662","29.556756715003","29.9660280320125","30.5456928489158","30.3629256538084","31.2032136727041","31.6388804170055","32.7277099495075","33.1515752617013","33.3897892990593","34.2945359742557","34.6994859923174","35.1953494980284","36.2573297752917","36.8932880896289","37.0107584608425","37.3576891179887","37.1240567098091","37.0999288928972","37.1674830469786","36.8066789311472","36.3616502380071","36.6543663253081","37.4378209603865","37.4580428953271","37.5293099906893","38.1300188708821","37.9467833629418","38.0458952787794","38.3561770269253","38.9746018830276","39.4018355029016","39.6380597269168","39.4988404653595","39.7987971004109","39.457117650738","40.3785975415092","41.7386093662084","42.3947410600297","43.0386516331917","43.6645252579981","44.2740664012479","44.9326889398036","45.7062900237909","46.504563781483","47.4653946253902","48.1941919932953","48.9137796424964","49.243048529823","50.1452950739308","50.6599669580294","50.7917894817262","51.3092105923236","51.5927221790161","52.0347086119089","53.0639353183711","53.624761966453","52.4946968134828","51.900953318354","54.8958524854043","56.152228468251","56.467631539488","",
"Puerto Rico (US)","PRI","Survival to age 65, male (% of cohort)","SP.DYN.TO65.MA.ZS","65.983142","66.215682","66.139049","65.301875","64.582416","66.025406","68.041464","68.36354","67.72158","68.595997","67.90044","68.3928","68.052642","67.983277","68.546161","69.365633","69.396934","70.193553","69.790693","70.428396","71.125573","70.468603","70.884211","71.285571","71.58092","70.033466","70.466267","70.696364","70.253355","70.424266","70.380885","70.771283","69.547274","69.058837","69.630288","69.292845","70.213722","71.649981","70.810526","72.79866","73.184633","73.612113","75.153168","75.46865","75.248364","74.808519","76.129713","75.919829","76.958401","76.972801","77.647755","77.459409","78.454183","80.143447","79.44198","80.619693","80.189102","78.909851","81.270732","81.710212","78.733995","76.397339","77.66803","83.100827","82.378704","",
"Korea, Dem. People's Rep.","PRK","Survival to age 65, male (% of cohort)","SP.DYN.TO65.MA.ZS","46.598752","47.382497","48.218999","49.022291","49.838114","50.686642","51.556194","52.458175","53.374282","54.279968","55.159742","56.013986","56.854564","57.686237","58.399115","59.097926","59.784296","60.565651","61.328707","62.082866","62.830915","63.589128","64.332416","65.060408","65.762271","66.440409","67.088641","67.629573","68.301357","68.872536","69.443043","70.033009","69.750047","68.587205","67.117502","52.908927","52.795419","52.69881","52.533263","52.374874","52.191516","51.990539","51.799373","63.660348","63.288128","62.903919","62.575213","62.818748","63.951485","65.667079","67.560155","69.283139","70.932579","72.457318","74.006054","74.876146","75.014586","74.703818","74.226636","73.344748","73.059501","75.764312","76.37031","76.422889","76.437095","",
"Portugal","PRT","Survival to age 65, male (% of cohort)","SP.DYN.TO65.MA.ZS","61.276701","59.812514","61.072832","62.096328","62.06232","62.937121","61.236249","62.59491","63.854463","62.480293","64.46528","63.28363","66.705143","66.647269","66.863517","64.568348","65.03882","67.3977","68.909895","70.222395","69.713933","69.578718","71.182388","71.236607","71.282139","72.105812","72.502117","73.290297","73.177169","74.341761","73.705945","73.252589","74.028811","74.006463","75.794983","75.373984","75.013571","75.991056","76.528594","77.065243","77.865484","78.140591","78.615526","79.193495","80.05513","80.075764","80.639127","81.208777","81.827498","82.030809","82.406262","82.704443","83.277052","83.257894","83.870464","84.201562","84.120819","84.416881","84.371852","84.879505","84.060866","84.231689","83.757076","85.459254","85.89811","",
"Paraguay","PRY","Survival to age 65, male (% of cohort)","SP.DYN.TO65.MA.ZS","51.904281","52.501242","53.074921","53.647927","54.231015","54.800867","55.362294","55.8569","56.329219","56.781975","57.217142","57.650216","58.069061","58.477127","58.872149","59.308575","59.765422","60.152685","60.548463","60.9127","61.363839","61.813841","62.263879","62.619173","63.10694","63.565746","64.008381","64.453304","64.784442","64.585043","65.067136","65.271681","65.664508","66.022272","66.377583","66.72797","67.073445","67.409282","67.726601","68.134541","68.47404","68.823944","69.156649","69.489994","69.845467","70.21774","70.600028","70.853549","71.099535","71.326425","71.66158","71.944002","72.215897","72.241854","72.179146","72.120231","72.059934","71.859979","72.239311","72.265798","69.982811","59.053834","69.151533","72.421355","72.801404","",
"West Bank and Gaza","PSE","Survival to age 65, male (% of cohort)","SP.DYN.TO65.MA.ZS","36.545652","37.31257","38.112338","38.936939","39.778056","40.692106","41.598779","34.442989","43.387997","44.331196","45.291971","46.278417","47.433139","49.612932","49.593663","50.715621","51.85349","52.958345","54.0376","55.220784","56.417768","57.585603","58.691052","59.847239","60.891098","61.803577","62.595637","63.531192","64.067571","64.81331","66.52557","67.420762","67.740274","68.010344","69.459167","69.794025","70.766233","71.543716","71.978781","72.398509","70.150459","67.608133","71.465826","71.017521","70.9778","73.915296","72.779576","73.201461","74.094239","74.234974","76.569431","76.887303","76.924241","77.809894","73.638353","78.395743","79.050777","79.603408","79.694564","80.403989","78.661039","76.03472","81.538283","53.725374","63.836541","",
"Pacific island small states","PSS","Survival to age 65, male (% of cohort)","SP.DYN.TO65.MA.ZS","41.7327558983779","42.3306308444958","43.0920949627524","43.8773847802911","44.3899302404358","46.3940668769624","46.0887577276142","46.6353836492138","47.2310785672706","47.4420836737858","47.6910845902425","48.1165562863221","48.2761105782238","47.8873429423194","48.3962924088569","48.4761880444941","49.8974771586332","50.6173427449828","51.3367712170696","51.0536957391676","51.0289764511755","51.2902607136084","51.3093469951541","52.1064795064385","52.5186080218354","54.1402493958395","53.7354831230908","54.3697421276171","55.543047431194","56.4497453732547","56.1880944551495","57.0041438399987","56.9376264566427","57.2793428647806","57.7216762166044","58.1260508941529","58.4876176920205","58.8001021206254","59.2130808173275","59.5121046462893","59.1086763804047","59.388802232617","58.7206614597166","59.2895693425644","59.7578368629664","59.9891743004002","60.2973873966976","60.357519865523","60.8868280721372","60.683344827607","61.6693215126931","61.8883803463397","60.6862463260559","61.9896958792782","61.7958364671025","62.0196641162092","63.0717492963134","63.4851362713661","63.8515751689894","64.1356036629223","62.8044113964803","60.3603301054062","65.1107720865293","65.5575412785996","65.3572700649242","",
"Post-demographic dividend","PST","Survival to age 65, male (% of cohort)","SP.DYN.TO65.MA.ZS","65.2324143294705","65.8637598934459","65.7227220231827","65.7918256025527","66.3677091854094","66.4194766949445","66.6213987101129","67.277555897602","67.0263449514794","66.8831210016549","67.4665784919641","67.9724479156773","68.2821574322784","68.6778898852908","69.2679065486353","69.610349329385","69.9929352845457","70.4438705633825","70.608498122731","71.1148764369961","71.1707172902508","71.8313080030913","72.3296058679697","72.4501995058974","72.9647969021957","73.3155704704307","73.8144034705859","74.2785987446519","74.5078765585335","74.8085128831586","74.9523693646299","75.0778810308163","75.18274431007","75.3103631733784","75.6903566292234","75.9695198930839","76.6627510298458","77.4720067211665","77.9004769272773","78.2479861372519","78.6446044596345","78.9666590519193","79.2144215917685","79.3974334448066","79.9378716332661","80.0884226968428","80.4616168994372","80.8121858781098","81.1967722276083","81.6569906741678","82.1500647489109","82.4375771683949","82.7513919664878","82.9986324170843","83.247025901314","83.3125398665336","83.4579051203281","83.6506725815519","83.7451286884102","84.0542470605853","82.6384702387426","81.7196347274546","82.4345041794427","84.4500723965031","84.8975932311594","",
"French Polynesia","PYF","Survival to age 65, male (% of cohort)","SP.DYN.TO65.MA.ZS","53.485126","54.111947","54.649414","55.12289","55.554049","55.960604","56.374715","56.835555","57.301897","57.776397","58.262402","58.764355","59.288794","59.846602","60.472989","61.257943","62.11015","63.026462","63.99296","65.175312","66.560323","67.893302","69.208096","70.698821","72.20467","73.361281","74.678236","75.583332","76.710975","77.408733","77.978739","78.562428","79.389765","80.189441","80.974982","81.731937","82.436407","83.189876","83.855043","84.879398","85.452587","85.876076","86.18018","86.401997","86.57822","86.740649","86.921269","87.240246","87.596811","87.977919","88.349935","88.734212","89.074698","89.376508","89.639596","89.869502","90.131121","90.400942","90.657869","90.908439","89.515106","83.922901","91.630874","91.853114","91.963844","",
"Qatar","QAT","Survival to age 65, male (% of cohort)","SP.DYN.TO65.MA.ZS","50.080084","51.269946","52.484477","53.716677","54.958558","56.201209","57.435341","58.6526","59.846907","61.013044","62.147547","63.238824","64.302152","65.341111","66.364159","67.369195","68.36758","69.344851","70.310036","71.263889","72.211891","73.126999","74.080214","75.028072","75.953999","76.844184","77.686778","78.4715","79.195848","79.863533","80.477369","81.039402","81.55124","82.017936","82.453171","82.871171","83.285415","83.708354","84.148813","84.60193","85.059228","85.513963","85.961716","86.398576","86.828355","87.259784","87.700775","88.158809","88.640854","89.14478","89.660798","90.177848","90.687255","91.181087","91.653186","92.100952","92.523344","92.918839","93.28607","93.624052","92.044965","91.878341","93.236642","93.737298","92.985684","",
"Romania","ROU","Survival to age 65, male (% of cohort)","SP.DYN.TO65.MA.ZS","64.182585","65.442923","66.559178","67.311235","68.111583","68.326908","67.999569","67.763307","67.899538","66.261686","67.273685","67.981023","68.555639","68.134465","69.399073","69.247923","69.359722","67.928409","67.526563","66.599725","66.357011","66.272922","66.688133","66.08969","65.972521","64.752774","64.74128","63.970078","64.575572","64.592856","64.323237","64.320182","62.332775","61.592882","60.586312","59.860789","59.1699","59.104683","61.486768","63.744369","64.717242","63.915859","63.6999","64.271516","65.615539","66.913537","67.914401","68.424884","68.204062","68.07036","68.315948","70.152144","70.354279","71.59257","70.768212","70.997736","70.89813","70.974553","70.792057","70.897484","68.59357","66.2453","70.831215","72.114076","73.078553","",
"Russian Federation","RUS","Survival to age 65, male (% of cohort)","SP.DYN.TO65.MA.ZS","58.550704","58.58437","58.04628","59.042917","59.868765","58.517427","58.17869","57.364328","56.504761","54.838795","54.619144","54.65235","54.824817","55.019747","54.520346","53.164407","52.588519","51.598318","51.400056","50.486438","50.154618","50.685082","51.961487","51.718974","50.586307","53.369229","58.73903","58.842548","58.319096","56.820933","55.463519","54.623855","50.600862","42.472129","38.559425","39.579789","43.786542","47.603598","48.617813","44.598518","42.331732","41.800168","40.482949","40.036332","40.901961","40.847221","44.812444","47.340082","48.168574","50.442452","49.368345","53.004973","54.466267","55.634009","55.792249","57.219105","58.734918","61.269565","61.190236","61.011992","59.835838","56.893105","61.28611","60.634792","60.644797","",
"Rwanda","RWA","Survival to age 65, male (% of cohort)","SP.DYN.TO65.MA.ZS","40.190859","40.686344","41.095384","33.489079","41.438864","41.625194","41.452921","41.435196","41.133521","40.819867","40.510354","40.183517","39.757395","39.37766","38.977876","38.679059","38.578344","38.743444","39.199699","39.987678","40.807954","41.661353","42.273569","42.581677","42.506459","42.104986","41.394062","40.374868","39.002078","34.636018","30.757798","27.83934","24.727268","22.849502","9E-06","22.422915","25.207164","23.856956","25.629629","31.698751","35.05945","36.843053","39.439224","43.12035","45.823339","47.060963","48.554907","49.767022","50.978157","53.020346","55.479575","56.141242","57.416295","57.668579","58.095851","58.512981","58.909107","59.518185","60.030512","60.586716","61.140773","60.521249","62.275472","62.733662","63.091008","",
"South Asia","SAS","Survival to age 65, male (% of cohort)","SP.DYN.TO65.MA.ZS","38.1250874340713","38.4895126421385","38.9688939824084","39.3582202987781","39.8180878698696","38.2500479804747","38.8334572428342","39.2374854865939","41.423537639814","41.8515435686486","41.4874340319366","38.2246020504202","43.0003453134531","43.4996099718825","44.120557729693","44.8175822497138","45.426210572794","45.9980382241561","46.6251074365628","47.262790261117","47.8657510768559","48.475234161648","49.076834482253","49.6738033744315","50.2469422494779","50.7960047537576","51.3977046775827","51.93858381709","52.44968102347","52.9143757782838","53.4747636116129","53.6660157121316","54.4701292936839","54.960638129118","55.4976164164507","55.9599567651905","56.4844790792409","57.0361427323656","57.608819899058","58.2323126888397","58.9054359057295","59.5201277703848","60.2118117111677","60.854769471706","61.3293065063791","62.0785025539873","62.6636637320767","63.2253631531077","63.7759245337416","64.2813216921321","64.9913127351524","65.5754152361625","66.1579100324318","66.7118880660146","67.3220563519917","67.8905634907305","68.5109625120679","69.0914926242779","69.6664501306111","70.2192294304432","68.5605841035922","62.8793410536019","71.7736226398579","72.2961213268472","72.8511344629116","",
"Saudi Arabia","SAU","Survival to age 65, male (% of cohort)","SP.DYN.TO65.MA.ZS","35.064936","35.74868","36.457945","37.210127","38.016977","38.925322","39.925321","41.027356","42.223669","43.497025","44.822074","46.201012","47.600169","49.020743","50.461156","51.898831","53.399324","54.889705","56.363988","57.555898","59.160796","60.433281","61.596879","62.667439","63.672404","64.628167","65.588657","66.549301","67.512908","68.451945","69.338545","70.110572","70.852211","71.45226","71.990915","72.517107","73.078179","73.720251","74.470152","75.270016","76.002366","76.687414","77.173968","77.4097","77.408427","77.288757","77.1324","76.997212","76.996825","77.18196","77.700886","78.499177","79.610677","81.030016","82.67276","84.241625","85.48061","86.231834","86.354416","85.637873","84.248725","82.979193","82.989174","85.116516","85.788062","",
"Sudan","SDN","Survival to age 65, male (% of cohort)","SP.DYN.TO65.MA.ZS","41.30714","41.941139","42.80713","42.864031","42.733193","42.710293","42.843796","43.125732","43.484125","43.913355","44.312354","44.719162","45.092995","45.351629","45.622367","45.912809","45.884759","46.262624","45.55252","45.389878","46.101311","46.32996","46.639778","38.74886","38.948105","39.08566","45.134544","45.311392","45.429562","45.084699","46.065388","46.665833","47.707822","47.863256","49.316712","49.65181","49.72098","50.507172","50.725661","51.715684","52.194171","52.341182","51.715359","49.061277","45.091101","46.0778","53.173669","55.399943","54.586142","57.593344","58.052472","58.182514","58.41343","57.72877","58.953154","59.594714","59.993988","61.011208","61.570569","62.094016","60.108648","58.281133","61.047591","61.686342","62.474559","",
"Senegal","SEN","Survival to age 65, male (% of cohort)","SP.DYN.TO65.MA.ZS","29.636781","29.697201","29.739697","29.77202","29.81391","29.835046","29.939872","30.174975","30.326282","30.638623","31.128723","31.643128","32.190978","32.859922","33.779168","34.765496","35.751331","36.833817","37.912932","38.883565","39.869665","40.801312","41.817705","43.113915","44.228228","45.437949","47.04687","48.307911","49.825013","50.550619","51.30857","51.881963","52.282648","52.350623","52.727554","52.602897","52.435566","52.22394","52.039428","52.50488","52.346546","52.880004","53.702111","54.26368","55.56965","56.634709","57.764794","59.1453","59.781815","60.127653","60.843265","61.665599","62.307893","62.923081","63.602011","64.55075","65.098043","65.628819","66.124919","66.540404","65.3371","63.510608","65.826351","68.005789","68.360566","",
"Singapore","SGP","Survival to age 65, male (% of cohort)","SP.DYN.TO65.MA.ZS","55.477572","56.476977","56.789407","57.444729","58.449669","59.54539","60.753348","60.616928","61.665225","62.21871","63.087338","63.233233","63.708918","64.669033","65.486403","66.51698","66.723695","67.455599","67.95564","68.566723","68.371333","68.829446","69.342418","69.996219","70.538478","71.445505","72.841853","73.552985","73.754006","74.287196","74.721676","75.499284","76.246459","77.10918","77.574137","77.704275","78.311374","79.056996","79.732005","80.523392","81.292024","82.12206","82.77276","83.430762","84.692238","85.197836","85.66392","86.086263","86.567454","87.130901","87.608094","88.0038","88.257227","88.585251","88.800524","89.009113","89.19638","89.414038","89.779617","90.147634","90.129112","88.332514","85.68058","87.856108","90.001405","",
"Solomon Islands","SLB","Survival to age 65, male (% of cohort)","SP.DYN.TO65.MA.ZS","32.635482","33.741224","34.697157","35.904557","37.073469","38.33518","39.671992","41.01629","42.72633","44.280579","45.906615","47.439591","48.872166","50.22768","51.574062","50.005524","54.042308","54.669432","56.224057","57.107503","57.907541","58.564162","59.122594","59.573581","59.987099","60.262003","59.727088","60.834549","61.100921","61.378242","61.611314","61.847384","61.947007","62.016136","62.037555","61.982974","61.842405","61.721635","62.003507","62.255096","62.544222","62.838618","63.122149","63.444998","63.855951","64.260578","64.71806","64.597242","65.637366","65.860257","66.495956","66.889035","67.294992","67.523948","67.590999","68.430404","68.854523","69.242234","69.610758","70.030635","67.867078","66.746808","70.743466","70.879463","71.12873","",
"Sierra Leone","SLE","Survival to age 65, male (% of cohort)","SP.DYN.TO65.MA.ZS","22.832374","23.420163","24.020096","24.730001","25.481556","26.354541","27.532921","28.449764","28.971232","29.55514","29.776863","30.20148","30.424719","30.797821","31.057628","31.876541","32.377319","32.863319","33.247747","33.630865","33.973501","34.233248","34.431998","34.538209","34.595743","34.457752","34.242176","34.540441","34.422611","34.248575","34.069183","32.810948","32.864565","32.603221","31.069912","30.112777","32.220974","32.084388","28.921508","24.914957","33.554769","34.308804","35.668973","36.516682","37.518052","38.760114","40.779985","41.088478","41.930341","42.635597","43.367309","44.337291","44.965393","46.435574","46.774139","48.865021","51.551417","52.907385","55.059245","55.675612","54.704804","55.520062","57.368811","58.27868","58.531176","",
"El Salvador","SLV","Survival to age 65, male (% of cohort)","SP.DYN.TO65.MA.ZS","36.67199","37.072584","37.507337","37.972199","38.398779","38.923274","39.418698","39.24507","38.440266","38.910978","38.429229","38.520931","38.178387","39.739835","38.546618","40.019023","41.549935","39.372915","40.124383","36.926984","21.643939","27.910272","34.180963","36.133462","40.89378","44.026444","46.879721","46.110872","45.558621","48.309576","48.67218","48.77294","48.312379","51.066738","51.697273","52.304259","53.379878","55.026915","56.040853","56.966988","57.698331","58.567267","59.094382","59.557452","60.389644","60.163494","60.394575","60.726953","61.463823","62.12429","63.165312","63.853576","64.195967","63.194566","62.565885","61.672938","60.928957","60.963434","61.790849","62.99339","59.252861","58.309333","63.29012","63.502319","64.369725","",
"San Marino","SMR","Survival to age 65, male (% of cohort)","SP.DYN.TO65.MA.ZS","72.506809","72.731631","73.012784","72.986431","73.011024","73.108477","73.423613","73.694375","73.942187","74.117921","74.25374","74.525429","74.934812","75.430091","76.16425","76.716441","77.258685","77.729811","78.21712","78.684135","79.191154","79.628261","80.133019","80.671807","81.156782","81.588447","81.997798","82.307224","82.604782","82.827881","83.038565","83.23813","83.413376","83.683094","84.064389","84.594511","85.033448","85.565753","85.918907","86.468454","87.022241","87.591472","87.994292","88.440032","88.746479","89.215696","89.651083","90.054513","90.439076","90.843086","91.153569","91.432002","91.764374","92.097969","92.348424","92.592353","92.810074","93.036141","93.250706","93.423091","89.209417","92.185565","93.951894","94.017667","94.106736","",
"Somalia, Fed. Rep.","SOM","Survival to age 65, male (% of cohort)","SP.DYN.TO65.MA.ZS","32.429503","32.577078","32.983849","33.288049","33.561764","33.888991","34.18322","34.471925","34.754749","35.03208","35.298461","35.568785","35.844494","36.114324","33.472019","33.781676","34.092472","37.179541","36.777418","37.719215","37.997105","38.280599","38.542343","38.830333","39.117079","38.784795","38.939169","39.851964","25.628598","30.634143","30.808394","9.775802","10.513131","41.772222","41.300058","41.732188","41.515118","41.403394","42.138438","41.846668","42.183889","42.323327","42.309981","41.976946","41.826563","42.202132","41.959346","41.664069","42.504413","43.686324","38.426413","18.398516","38.800676","45.690718","45.922824","46.903853","46.773078","42.700155","46.354219","50.224352","48.983029","45.120419","45.029416","51.460547","51.670106","",
"Serbia","SRB","Survival to age 65, male (% of cohort)","SP.DYN.TO65.MA.ZS","64.143275","64.762712","65.562319","65.746085","66.862846","68.012455","68.926582","69.958314","69.547386","68.822642","67.649455","67.227142","67.869875","68.945432","70.331884","71.184057","71.116328","70.462044","69.618074","68.882995","68.494576","68.041031","67.748426","67.774975","68.124912","68.898185","69.227504","69.363661","69.435698","70.169894","69.548743","68.732799","68.006731","68.887759","69.988791","70.889592","71.529334","71.435366","69.733475","64.950849","69.467044","69.254757","69.756805","69.84044","70.08555","70.514535","71.092294","71.615548","72.043819","72.526392","73.23035","74.035763","74.715047","75.099318","75.21083","75.579985","75.868857","76.175902","76.743749","76.038987","72.712663","70.062596","76.718903","76.936549","77.87113","",
"Sub-Saharan Africa (excluding high income)","SSA","Survival to age 65, male (% of cohort)","SP.DYN.TO65.MA.ZS","29.8216972265597","29.9912288108043","30.9585285816708","31.1842159032391","31.5150199432308","31.8573331295626","32.358417304913","32.1164429316527","32.8650694262105","33.2435886281236","34.1739147212763","34.5372501872675","34.7873534727383","35.6291177106076","36.2412635569752","36.7774169784206","37.5032658917627","38.0656043028684","38.2335168351257","38.740007810158","39.1969230914669","39.4955596300303","39.7668490587949","39.464709687541","39.3439602433299","39.5900940023418","40.0076265587233","39.9894695378571","40.056632118108","40.2168387233873","39.9063357264949","39.6077207409386","39.365475041256","39.4788258659808","39.5205408747518","39.7517821074333","39.3614669799083","39.4550119462113","39.0563339567455","39.6802646543165","40.7454894946524","41.1398793194411","41.5069435677279","42.0403401422754","42.679080357437","43.3060092689808","44.2436600390292","45.0662229746311","45.8253030529303","46.4934333837071","47.4168309121447","47.8964315199351","48.9374160954909","49.5182587339047","49.7652563934898","50.392264973653","51.0058693874601","51.5046335908042","52.3990675691529","53.0029298728057","52.1712283649979","51.0023659809366","53.8936333097344","55.2059510591589","55.3629067565134","",
"South Sudan","SSD","Survival to age 65, male (% of cohort)","SP.DYN.TO65.MA.ZS","11.779187","12.031651","12.337846","10.175951","17.006331","10.748958","6.623264","6.772308","6.949408","6.080078","6.228292","13.339914","13.700058","23.677641","24.242203","24.699711","25.072456","25.349429","25.787666","26.185444","26.647821","27.079765","27.568893","20.431902","15.624187","16.150795","16.505005","3.301736","1.83094","9.855835","10.095666","10.50756","3.724568","3.809225","33.44621","12.780206","13.515933","14.656228","3.132721","32.503979","37.781813","39.075553","40.361633","45.86226","46.884388","48.069608","48.660184","49.605128","50.652426","51.264241","52.038849","51.698325","52.716762","52.369707","29.809199","22.278401","18.259479","16.622784","39.555757","49.936025","47.718681","46.50503","46.718839","47.748676","47.928373","",
"Sub-Saharan Africa","SSF","Survival to age 65, male (% of cohort)","SP.DYN.TO65.MA.ZS","29.2928863215898","29.5235793907395","30.439045646068","30.6869161450092","31.0107653197622","31.3228588653723","31.5551747050147","31.6171467501133","32.3130964491253","32.6621364295987","33.5014893749965","33.8575889095145","33.9618341134239","34.7334089581923","35.0809817856134","35.5423294856769","36.4082420075959","36.9355374320715","37.1218079070463","37.7142101528293","38.2145170645727","38.5212154209381","38.8115282011914","37.9057417014554","37.8703875946531","38.2387389567603","38.732364084003","39.5917655778194","39.6227204522744","39.7272246736323","39.3292325371207","39.3661301001437","39.2715995979202","39.4061501955979","39.4399585203982","39.6388443212477","39.3567414301491","39.497624971864","39.1923934308878","39.5864882487236","40.8806917103249","41.3063841162374","41.6873179963381","42.2676765792923","42.9188800130732","43.5395824146508","44.5119283185359","45.3846950822785","46.2198983174419","46.9564577996746","47.9403683810313","48.5235262575333","49.5884309920746","50.2045587928068","50.5366345554021","51.1917069681073","51.8188921334308","52.3565142840261","53.2316675882364","53.8422840149224","53.0687088842757","51.8281876704521","54.7844032419764","56.0327511469993","56.2206654723583","",
"Small states","SST","Survival to age 65, male (% of cohort)","SP.DYN.TO65.MA.ZS","48.9150968374077","49.7209618153692","50.5505412773327","50.3462879591195","51.2174706453891","52.4240946606424","52.6528924221616","52.9196420436492","53.2989529362064","53.2907512030579","53.5357981422458","53.893763600127","54.0553258924229","54.6119086919809","51.7757776181984","53.471002993418","53.6692328747408","54.1401115994327","54.2216723513215","54.6583801752792","55.3574298699669","55.5110960279314","56.1139168823766","56.022201760255","56.5356625107326","57.0179666187402","57.6717382050869","58.1699529453676","58.3921900379495","59.5171566811851","59.2793496219557","59.1751771481301","59.1332503041608","59.0400713740168","58.717836183396","58.9140052111746","59.6695537251966","59.7523725401866","59.7656420810174","60.003828395736","61.431507164804","61.6973935807554","61.9814233620852","62.5862657938301","63.022839057587","63.6606610533583","64.1416207166263","64.6233238294453","65.3422960627688","65.9834035312225","66.756796891733","67.2761134310403","67.5014460360533","68.2923194529672","68.550964568211","69.0683868799798","69.5548562302272","70.0273521065799","70.3293915022265","70.6300241200461","69.7875412770124","67.4979002003816","71.1733313359074","72.4689124025054","72.6220269476392","",
"Sao Tome and Principe","STP","Survival to age 65, male (% of cohort)","SP.DYN.TO65.MA.ZS","33.750474","35.639624","37.484866","39.259101","40.552987","41.96754","43.38742","44.789401","45.953318","46.931907","47.912693","48.634367","49.253092","49.907759","50.546652","51.238351","51.959809","52.664534","53.36674","54.040005","54.511679","54.900937","55.288595","55.703707","56.221524","56.763589","52.112099","57.593741","57.655296","55.415532","56.876374","56.704833","56.185835","55.642946","55.099274","54.624379","54.251169","53.89369","53.688288","53.586847","53.544587","53.625317","53.747676","53.886858","54.119705","53.328974","53.793825","53.57755","53.119738","52.863524","52.752892","52.733438","53.047439","53.487762","54.311337","55.142458","55.982782","56.7837","57.564131","58.322479","57.482376","57.444586","60.348855","61.364697","61.700004","",
"Suriname","SUR","Survival to age 65, male (% of cohort)","SP.DYN.TO65.MA.ZS","41.621555","43.133359","44.748285","45.28911","45.698368","45.681619","45.319505","44.614266","44.743602","44.792844","44.842464","44.891997","44.943747","44.996484","45.130428","45.266058","45.403553","45.541562","45.682235","45.827956","45.97286","46.116233","46.258845","46.404231","46.533881","46.688142","45.706908","45.871712","46.052645","47.340775","47.343295","47.206702","47.153159","47.227793","47.40197","47.8864","48.66641","49.514921","50.446718","51.441525","52.488323","53.592644","54.75492","55.934524","57.231285","58.554358","59.855436","61.130115","62.210919","63.032035","63.571282","63.924073","64.187017","64.479987","64.861917","65.315814","65.904237","66.404639","66.577217","67.027423","66.680369","62.847581","70.045971","70.76671","71.007461","",
"Slovak Republic","SVK","Survival to age 65, male (% of cohort)","SP.DYN.TO65.MA.ZS","70.177372","70.691855","69.683554","70.063458","71.00238","69.793044","69.70816","69.665938","68.225533","66.496562","66.226067","66.313291","66.733291","66.137197","65.981776","66.065792","65.874158","65.177927","65.224604","65.369648","64.643986","63.620028","63.858008","62.679645","62.183733","62.876231","62.998936","62.732358","62.580218","61.230129","60.664253","61.343753","62.128727","63.883381","65.235315","65.240361","66.327835","66.525093","65.737437","66.220827","66.988647","67.657217","68.366883","68.746659","69.930376","69.534593","70.447058","70.102419","70.847444","71.660475","72.78701","73.617675","74.432226","75.149202","75.75605","75.253791","76.768095","76.771632","76.826998","77.519333","77.143833","72.216637","76.592325","78.882399","79.242241","",
"Slovenia","SVN","Survival to age 65, male (% of cohort)","SP.DYN.TO65.MA.ZS","65.030103","65.438235","64.33236","62.856398","62.256539","62.579416","63.43116","63.200224","62.0773","61.462709","61.959734","63.048311","64.109852","65.066262","65.434682","65.454921","65.312195","65.547529","65.840246","65.779137","65.821285","64.930918","64.186279","63.685465","64.047776","65.120872","65.308411","66.108352","66.474368","67.962555","68.508853","68.579998","68.525864","68.846488","69.751858","71.158927","71.862821","72.371598","72.780033","73.776613","74.325294","74.845768","75.082207","75.203546","77.018112","77.895339","78.464722","78.956514","79.930339","80.822289","81.701726","82.264561","82.770469","83.393043","83.77775","84.245446","84.410023","84.968347","85.548397","85.739886","85.92107","84.89637","85.794216","86.776954","86.785779","",
"Sweden","SWE","Survival to age 65, male (% of cohort)","SP.DYN.TO65.MA.ZS","76.122515","76.702374","76.326553","76.458077","76.575225","76.805656","76.903346","76.636385","76.77103","76.528894","77.075867","76.714452","76.842474","77.038779","76.933294","76.898796","76.76862","76.976953","77.120952","77.214258","77.506428","78.220871","78.697055","79.236374","79.622551","79.673545","80.145554","80.254659","80.296414","81.402403","81.602122","81.629783","82.421914","82.940151","83.501713","83.879933","84.516345","84.725353","85.146652","85.497332","85.912154","85.943937","86.397099","86.719988","87.01439","87.249507","87.499499","87.577337","87.830775","88.148438","88.374404","88.797771","88.997015","89.031725","89.319714","89.317072","89.547773","89.77459","89.9381","90.56354","90.047059","90.324742","90.741212","90.760237","90.819797","",
"Eswatini","SWZ","Survival to age 65, male (% of cohort)","SP.DYN.TO65.MA.ZS","34.507526","34.907887","35.313023","35.671237","36.269382","36.915286","37.711856","38.458518","39.184216","39.902907","40.601508","41.313262","42.141641","43.16563","44.077526","45.248748","46.470597","47.520975","48.732028","49.798147","50.686722","51.284212","52.098506","50.334396","53.384198","54.220781","54.485392","54.227333","53.459897","52.053771","50.356276","48.333879","45.889922","43.483937","40.789963","38.060975","35.08295","32.037514","29.063555","26.818418","25.011244","22.531275","20.03299","18.921407","17.934791","17.63582","17.722586","18.401836","19.819219","21.247467","22.807517","23.5479","25.506467","27.647151","30.087461","32.706459","35.070405","37.614384","39.991194","42.388977","41.028229","36.427379","49.056764","51.645062","51.868983","",
"Sint Maarten (Dutch part)","SXM","Survival to age 65, male (% of cohort)","SP.DYN.TO65.MA.ZS","64.568376","65.227332","65.97497","66.647398","67.067559","67.289918","67.874381","68.540148","69.434317","70.80115","72.291013","73.339524","74.244933","74.967017","75.344592","75.412834","75.262489","74.857343","74.327082","73.766444","73.395959","73.317426","73.487005","73.721074","74.042062","74.319568","74.466428","74.496804","74.549446","74.473614","74.329564","74.187658","74.154963","74.212185","74.451106","74.954064","75.613653","76.302883","76.958056","77.55379","77.908987","78.060011","78.050661","77.915721","77.803965","77.671648","77.641643","77.53095","77.482271","77.295335","77.312115","77.393669","77.881157","78.374458","79.049846","79.455585","79.651519","79.213953","79.527903","79.557745","77.25183","77.122504","80.359692","80.587461","80.827876","",
"Seychelles","SYC","Survival to age 65, male (% of cohort)","SP.DYN.TO65.MA.ZS","50.869092","50.763891","50.659271","50.536201","50.26044","50.391259","50.943838","52.20047","53.870644","55.688575","57.727499","59.109827","60.110015","60.332304","60.335082","60.1649","59.984141","59.946046","60.012663","60.094099","60.180045","60.369133","60.788388","61.241271","61.588445","61.728952","61.763363","61.628773","61.341606","60.908573","60.48371","60.07816","59.7357","59.529043","59.611511","60.022244","60.634339","61.067317","62.025392","62.673289","63.265022","63.835374","64.386012","64.934125","65.269838","65.860242","66.38197","66.943987","67.543918","67.979074","68.382227","68.688585","68.861148","68.846147","68.805844","68.712645","68.714974","68.827048","68.802226","68.754667","69.189523","69.408405","69.701033","70.915705","70.589407","",
"Syrian Arab Republic","SYR","Survival to age 65, male (% of cohort)","SP.DYN.TO65.MA.ZS","45.08008","46.559634","48.133869","49.509796","50.772574","51.929433","52.794032","53.061777","55.37985","56.488249","57.566463","58.481782","59.221263","53.224996","60.542048","61.035935","61.540854","62.022926","62.592116","62.893746","63.33428","58.423965","48.897912","65.231003","66.137327","66.890313","67.577978","68.158308","68.654301","68.952422","69.29546","69.491536","69.609027","69.616301","69.576603","69.446927","69.389525","69.475273","69.713265","70.355034","71.176664","72.144598","73.029696","73.862768","74.395439","75.037993","75.531758","75.914479","76.162502","76.407925","76.552319","73.06621","56.854473","54.232887","54.821738","48.19415","52.488407","54.100271","59.594048","69.009376","71.624191","73.560961","74.113143","73.086823","73.756349","",
"Turks and Caicos Islands","TCA","Survival to age 65, male (% of cohort)","SP.DYN.TO65.MA.ZS","45.840872","47.050988","48.321635","49.532213","50.728513","51.828932","52.859493","53.772704","54.604737","55.409312","56.236978","57.325782","58.297397","59.141714","60.118803","61.117282","61.745569","62.38494","63.049926","63.489543","63.823285","64.224495","64.618622","65.131666","65.537462","65.835414","66.277835","66.618212","66.937195","67.297643","67.702582","68.239182","68.917579","69.713972","70.662786","71.608459","72.563615","73.492809","74.37015","75.221769","76.010312","76.738811","77.464797","78.114805","78.704993","79.257578","79.718131","80.160127","79.92953","80.680051","80.918811","81.049072","81.226778","81.414202","81.55161","81.672641","81.767076","81.850686","81.944753","82.076602","81.420187","81.165052","82.328053","82.458168","82.73829","",
"Chad","TCD","Survival to age 65, male (% of cohort)","SP.DYN.TO65.MA.ZS","28.342348","28.448058","28.532703","28.794869","28.926788","28.238834","27.194237","27.504566","27.721545","28.049904","28.381356","27.358078","28.912367","30.268034","30.455508","30.387587","29.57129","29.809637","29.793622","30.058035","30.214071","30.148251","30.661261","31.404437","31.699057","33.339265","32.944208","24.965725","35.201932","34.819569","30.10905","35.587182","35.895208","36.610564","36.809865","37.5636","37.708108","37.858644","38.022339","38.152689","37.977772","38.791019","38.62156","38.996947","38.846864","39.098377","38.30882","39.009681","39.532448","39.997137","40.290735","40.640528","41.062618","41.313134","40.975837","40.970139","41.275784","41.264895","42.013407","42.593187","41.504018","41.112491","44.254202","45.080163","45.314832","",
"East Asia & Pacific (IDA & IBRD countries)","TEA","Survival to age 65, male (% of cohort)","SP.DYN.TO65.MA.ZS","21.5986277876777","27.0103230111024","36.7817530448492","37.7799394314395","38.8565006709977","38.0491730058087","40.411451755391","42.0174860676732","43.0469415695111","44.5257977003551","45.8163939482773","47.4361487885496","48.4854844027861","50.0173743057864","50.9111653831025","52.3874291413566","53.1319138075407","54.8275068332537","55.8553773869107","56.9101204581626","57.8615509329636","58.7363172270676","59.6112758419018","60.5285444716515","61.3712115955221","62.114076876803","62.7196509207204","63.3619560592801","63.976389636479","64.6044167437877","65.1190374069967","65.8153632671971","66.5986869621668","67.203064893302","67.6386428469112","68.2848869657542","68.9100217535109","69.5105535598287","70.0156515357502","70.4631177004803","70.8885334601102","71.3967565002308","71.8475858737704","72.3021759215207","72.4091235390857","73.1589943842471","73.5633916290861","74.135281572099","74.0252114788477","74.7137888760806","75.1460614280561","75.3304887633628","75.6571326890779","75.9608571133955","76.2633046517529","76.5421396771008","76.7643884155109","76.6706637915995","77.3286357779625","77.6436094343967","77.0390686266891","76.250291516331","77.7943248482041","77.9308994507655","77.7570048623124","",
"Europe & Central Asia (IDA & IBRD countries)","TEC","Survival to age 65, male (% of cohort)","SP.DYN.TO65.MA.ZS","58.1785576440728","58.6991581820729","58.8063213202688","59.5130371450844","60.1495237886907","59.7780004518479","59.6778415612518","59.3677742126246","58.940919547412","58.0460093728431","57.9990579878206","58.0908687587402","58.3718701090916","58.5899592664678","58.5002067379277","57.9104527175317","57.5608200154724","56.9825819452223","56.8347139977907","56.3501055108133","56.3542903988493","56.6576803771542","57.3496371700351","57.3032303340507","56.9974732749291","58.3944731327062","60.8369939497699","61.168079237364","60.7449471824633","60.258092521695","59.3611368183133","58.6205370099358","56.0655717971146","52.9696345758781","51.7241478773372","52.1937443587109","53.9414222774019","55.7208799115837","56.5578756877463","55.2879938329546","55.1128874209418","55.1777331478199","55.022313413925","55.1611087682034","55.7124875107948","55.9094454192251","57.5600963206638","58.8075072634842","59.6665197360851","61.1606381603646","61.5531380430083","63.2242279263395","64.3150534726789","65.3732294000924","65.8382762410347","66.8132594556356","67.6703511587261","68.9364340605057","69.1026163178397","69.3561036494688","67.6363187404888","65.7680183847352","69.1523572228528","69.5688692207433","70.1822761627385","",
"Togo","TGO","Survival to age 65, male (% of cohort)","SP.DYN.TO65.MA.ZS","33.439294","33.688699","34.009221","34.338267","34.730112","35.165615","35.508065","35.946689","36.400702","36.731719","37.204641","37.796478","38.312613","38.843861","39.280478","39.819675","40.439348","41.699517","43.17318","44.275001","45.496352","46.473945","47.169919","47.773557","48.028445","48.219702","48.362293","48.595085","48.561082","48.33247","47.93443","47.382211","47.270397","46.857461","46.653107","46.509372","46.655753","46.549523","46.58963","46.977671","47.364596","47.583817","47.999821","48.365392","48.715054","49.130479","49.623695","50.001449","50.451052","50.833276","51.282663","51.945654","52.365597","53.045843","53.771913","54.532088","55.377567","56.130716","57.095852","57.957213","57.250296","57.364998","60.005135","60.810092","61.076382","",
"Thailand","THA","Survival to age 65, male (% of cohort)","SP.DYN.TO65.MA.ZS","36.112797","35.711152","35.648413","36.286603","37.047526","37.843392","38.487367","38.966706","39.611611","40.576356","41.819993","42.858137","43.932514","44.692624","45.769104","46.853995","47.971183","48.724685","48.888208","49.048047","49.408342","50.498822","52.053187","54.163275","56.628131","58.935264","60.494479","61.398577","61.891858","62.423635","62.975273","63.118707","63.260739","63.365788","63.1545","63.105826","63.398838","64.487053","65.264504","65.477518","65.55432","65.897176","66.448929","67.024632","67.157276","68.532489","69.490524","70.411726","71.218644","72.065396","72.217835","72.193109","72.050466","72.30253","72.439622","72.496795","72.531033","72.628619","72.758277","72.351186","72.517333","73.1974","68.452112","70.777504","71.932739","",
"Tajikistan","TJK","Survival to age 65, male (% of cohort)","SP.DYN.TO65.MA.ZS","44.949821","45.586756","46.155867","46.795172","47.503373","48.170091","48.764896","49.423534","50.004518","50.527584","50.922372","51.207863","51.423018","51.572167","51.680958","51.799262","51.891087","51.996423","52.107272","52.221262","52.310648","52.469063","55.139035","55.287406","55.797881","56.609425","58.870129","57.591335","56.07579","56.104602","55.004463","55.755121","40.723576","34.831945","50.759394","55.161362","53.448573","55.718276","56.383784","57.205297","57.799472","59.939163","59.483399","61.72186","62.361906","61.288353","62.328152","62.263399","63.608368","64.040673","64.546034","65.112001","66.418138","68.11986","68.045583","67.692346","68.864009","70.058722","70.543478","71.153228","64.992971","67.485855","72.315191","72.781104","72.37064","",
"Turkmenistan","TKM","Survival to age 65, male (% of cohort)","SP.DYN.TO65.MA.ZS","38.483432","38.831174","39.185092","39.553675","39.968203","40.469576","41.075572","41.760838","42.503591","43.250189","43.839983","44.326446","44.693598","45.048267","45.310738","45.548656","45.78587","46.068768","46.994137","48.430359","50.327392","51.750275","52.75954","53.406269","54.014447","54.948035","55.770635","56.199823","55.966384","55.46816","55.265011","54.864544","54.510731","53.898889","53.779558","53.836842","53.914988","54.049668","54.549683","55.695972","56.650843","57.370758","57.50653","57.495958","57.374989","57.49689","58.091448","59.092381","60.560966","62.100771","63.545099","64.354325","64.60769","64.371094","64.350604","64.462763","64.755618","64.861248","64.983189","65.295003","63.297785","64.782575","66.53249","66.950419","66.720319","",
"Latin America & the Caribbean (IDA & IBRD countries)","TLA","Survival to age 65, male (% of cohort)","SP.DYN.TO65.MA.ZS","46.3410185977445","47.1126566920384","47.5963947591128","48.0995666468305","48.5132321128013","49.0431789413682","49.9186534886752","50.3673624194555","50.6665614769953","50.9882335249018","51.1486492674869","52.2790061075908","52.9088430425713","53.4061297119549","53.9251705509132","54.7550453579309","55.2666068981086","56.0875273309472","56.5947898133803","56.9514775677268","57.2768270695568","57.7333512262722","58.0886460763073","59.0125051371089","59.6360444521159","59.952639723643","61.0111119069482","61.461763520194","61.9273068702883","62.3470121629698","62.7941920755238","63.0561038293018","63.2970740677588","63.7900830235259","64.4564306890442","65.1677090720742","65.8002668062537","66.425573330142","66.7334319481059","67.2521651047545","67.7301423676934","68.0691180249777","68.7345423848115","69.297468517218","69.8780213022619","70.4600806488096","70.89935352355","71.2160459024888","71.3633350859603","71.5701191475785","71.5531732223458","72.2738325172471","72.7254407719783","73.1542159452136","73.4935779783076","73.8351167886818","73.6174224045743","74.0566228815362","74.3769168115944","74.8036793736906","69.9316837646063","66.6644100040497","73.7041204852561","75.5632763595892","75.690532981976","",
"Timor-Leste","TLS","Survival to age 65, male (% of cohort)","SP.DYN.TO65.MA.ZS","16.817678","17.256471","17.723399","18.220266","18.750806","19.313553","19.89987","20.504049","21.119731","21.759896","22.408797","23.052141","23.68634","24.318668","21.447764","3.841234","4.40708","4.085054","3.458162","3.926489","6.377492","6.908519","7.461059","7.801673","8.847475","8.960783","9.373127","10.229853","10.462973","31.643045","32.518507","32.188934","33.705831","34.705706","36.006593","35.448397","36.274326","37.01128","36.478257","28.409288","50.95099","51.961416","53.039039","54.068606","55.042987","55.840269","56.81804","57.663836","58.431367","59.116029","59.729807","60.283145","60.877533","61.434151","61.949633","62.456117","62.937998","63.405888","63.860526","64.300458","64.757105","63.004961","65.835668","66.431957","66.739832","",
"Middle East, North Africa, Afghanistan & Pakistan (IDA & IBRD)","TMN","Survival to age 65, male (% of cohort)","SP.DYN.TO65.MA.ZS","34.4864502688476","35.4281894102927","36.0002403818657","37.623579655731","38.5614921602463","39.365678101722","40.3877660512212","41.1719914614529","42.0350406072529","42.8638396912214","43.6628409827225","40.8680496075805","45.072143532706","45.3194978197722","46.0010614444415","46.441510521553","47.1248268642357","48.3577026588621","48.6845032266826","49.7574215315811","49.7214417134036","49.1450457627492","49.5121932742935","51.3406604410322","52.8432367874523","53.6695800071996","54.4230886835231","55.3291838856773","55.8925262688465","57.6284982005499","57.7716772600585","59.1393464555322","59.9996631365292","60.591352550592","60.6292474119629","61.1252408964001","61.6479285009199","62.0245550933125","62.6946476103237","63.5014196567997","64.0947307559516","64.7091694400945","65.3243580404783","65.308964043001","65.9669562389151","65.8143232390754","66.4294921138729","66.7651994915975","67.3770397760257","67.9207819991328","68.2298838609366","68.3989744432321","68.2402341393913","68.5978745449128","69.0456983242811","69.0828566131323","69.3637566021252","69.8254845487808","70.3015975881783","70.9903210019239","67.9039708692947","67.6399295605408","72.0218837595915","72.824174533191","72.9581010517905","",
"Tonga","TON","Survival to age 65, male (% of cohort)","SP.DYN.TO65.MA.ZS","47.064424","47.785004","48.583594","49.285676","49.992152","50.723021","51.393941","52.108376","52.742081","53.56805","54.180084","54.56459","55.07084","55.46055","56.021136","56.251864","56.663228","56.846769","57.078485","57.225109","57.251925","57.34593","57.259633","57.518477","57.664886","57.729702","57.763297","57.830474","57.897739","57.995922","58.004337","58.313472","58.572553","58.92906","59.320796","59.744949","60.178225","60.627611","61.061168","61.4941","61.912858","62.324686","62.767659","63.18798","63.66162","64.026411","64.359569","64.773393","65.100175","65.039634","65.686911","65.945085","66.183011","66.404971","66.586273","66.826739","67.049955","67.319929","67.502653","67.743357","67.673602","67.008161","68.38983","68.788386","69.041862","",
"South Asia (IDA & IBRD)","TSA","Survival to age 65, male (% of cohort)","SP.DYN.TO65.MA.ZS","38.1250874340713","38.4895126421385","38.9688939824084","39.3582202987781","39.8180878698696","38.2500479804747","38.8334572428342","39.2374854865939","41.423537639814","41.8515435686486","41.4874340319366","38.2246020504202","43.0003453134531","43.4996099718825","44.120557729693","44.8175822497138","45.426210572794","45.9980382241561","46.6251074365628","47.262790261117","47.8657510768559","48.475234161648","49.076834482253","49.6738033744315","50.2469422494779","50.7960047537575","51.3977046775827","51.93858381709","52.44968102347","52.9143757782838","53.4747636116129","53.6660157121316","54.4701292936839","54.960638129118","55.4976164164507","55.9599567651905","56.4844790792409","57.0361427323656","57.608819899058","58.2323126888397","58.9054359057295","59.5201277703848","60.2118117111677","60.854769471706","61.3293065063791","62.0785025539873","62.6636637320767","63.2253631531077","63.7759245337416","64.2813216921321","64.9913127351524","65.5754152361625","66.1579100324318","66.7118880660146","67.3220563519917","67.8905634907305","68.5109625120679","69.0914926242779","69.6664501306111","70.2192294304432","68.5605841035922","62.8793410536019","71.7736226398579","72.2961213268472","72.8511344629116","",
"Sub-Saharan Africa (IDA & IBRD countries)","TSS","Survival to age 65, male (% of cohort)","SP.DYN.TO65.MA.ZS","29.2928863215898","29.5235793907395","30.439045646068","30.6869161450092","31.0107653197622","31.3228588653723","31.5551747050147","31.6171467501133","32.3130964491253","32.6621364295987","33.5014893749965","33.8575889095145","33.9618341134239","34.7334089581923","35.0809817856134","35.5423294856769","36.4082420075959","36.9355374320715","37.1218079070463","37.7142101528293","38.2145170645727","38.5212154209381","38.8115282011914","37.9057417014554","37.8703875946531","38.2387389567603","38.732364084003","39.5917655778194","39.6227204522744","39.7272246736323","39.3292325371207","39.3661301001437","39.2715995979202","39.4061501955979","39.4399585203982","39.6388443212477","39.3567414301491","39.497624971864","39.1923934308878","39.5864882487236","40.8806917103249","41.3063841162374","41.6873179963381","42.2676765792923","42.9188800130732","43.5395824146508","44.5119283185359","45.3846950822785","46.2198983174419","46.9564577996746","47.9403683810313","48.5235262575333","49.5884309920746","50.2045587928068","50.5366345554021","51.1917069681073","51.8188921334308","52.3565142840261","53.2316675882364","53.8422840149224","53.0687088842757","51.8281876704521","54.7844032419764","56.0327511469993","56.2206654723583","",
"Trinidad and Tobago","TTO","Survival to age 65, male (% of cohort)","SP.DYN.TO65.MA.ZS","56.507425","57.262741","57.919815","57.909891","58.081668","58.028836","57.838944","58.023018","57.967649","57.735445","57.821468","57.684277","57.903856","58.252943","58.118137","57.978592","58.813699","58.885815","58.79935","59.804369","59.75679","59.179916","58.820139","58.788013","58.600393","58.992861","59.566089","59.95298","60.728202","61.039272","61.685359","62.035458","62.070691","62.245958","62.17368","62.293436","62.340661","62.546993","62.693781","63.008026","63.079293","63.679992","64.510293","64.903576","65.957054","66.866325","67.308334","68.163547","68.939852","69.640648","70.413945","71.431994","71.918784","72.382567","72.422871","72.084882","72.024707","71.982427","70.918527","71.361718","70.378046","66.783761","72.298496","72.614884","72.945138","",
"Tunisia","TUN","Survival to age 65, male (% of cohort)","SP.DYN.TO65.MA.ZS","33.097354","32.393126","35.37031","36.618442","37.847859","39.166822","40.518334","41.917476","43.702971","44.976647","47.152399","48.613083","50.435563","51.98559","53.804353","55.485591","57.218701","58.640787","59.958431","60.946082","62.032611","63.137447","64.176484","65.309237","66.275122","67.202066","68.092337","69.030688","69.617234","70.030832","70.292802","70.680137","71.102461","71.609915","72.301147","73.028859","73.835537","74.522023","75.124327","75.405858","75.656764","75.861158","76.154898","76.455653","76.738431","77.005994","77.264687","77.486089","77.730515","77.954009","78.183643","78.194001","78.445056","78.518963","78.692555","78.737278","78.852828","79.059734","79.336875","79.657884","78.799809","73.796247","80.261563","80.987449","81.393058","",
"Turkiye","TUR","Survival to age 65, male (% of cohort)","SP.DYN.TO65.MA.ZS","42.444405","43.434087","44.535081","45.353612","45.65608","46.141028","46.630484","47.367432","47.676453","48.325177","49.033754","49.645541","50.756472","51.067077","51.735473","52.355205","52.938962","53.981199","54.963985","55.65692","56.523018","57.015596","57.779814","58.372949","58.910923","59.609435","60.338294","61.074287","61.770727","62.439876","63.1953","63.90134","64.260673","64.91272","65.505255","65.933593","66.999861","67.828928","68.869378","68.501512","70.4063","71.013851","71.600883","72.093367","72.691354","73.107193","73.654569","74.202262","74.607084","75.082679","75.631943","75.2196","76.516418","77.688634","78.422618","78.507664","78.549744","79.479672","80.327265","80.930447","79.441668","76.873877","80.876609","80.700434","80.604802","",
"Tuvalu","TUV","Survival to age 65, male (% of cohort)","SP.DYN.TO65.MA.ZS","33.394614","34.31579","35.248846","36.207443","37.130628","38.00455","38.808644","39.507015","39.769648","40.262672","40.779212","41.301736","40.295722","42.630293","43.378507","44.159433","44.879146","45.46697","45.978566","46.472873","46.927018","47.357691","47.695635","47.900981","48.034123","48.039225","48.041102","48.136925","48.333342","48.628204","48.984582","49.338368","46.985261","50.028135","50.554384","50.967668","51.381097","51.842704","52.39072","52.709296","53.085148","53.341903","53.39225","53.359104","53.331122","53.321064","53.475231","53.613387","53.561788","53.718819","53.694821","53.656048","53.571489","53.480966","53.441974","53.308348","53.478098","53.806779","54.143471","54.546677","55.003277","52.75141","55.921371","56.364693","56.654324","",
"Tanzania","TZA","Survival to age 65, male (% of cohort)","SP.DYN.TO65.MA.ZS","29.677588","30.099583","30.837135","31.578658","32.495678","33.481017","34.127754","33.818694","34.328765","34.810283","35.29834","35.959728","36.586415","37.117165","37.775645","38.43585","39.078207","39.731253","40.138216","40.985953","41.606195","42.219411","42.599229","42.828151","42.82809","42.959058","43.080938","43.064043","43.262192","42.745763","42.232932","41.691684","40.462405","39.703541","39.24426","38.791416","38.879746","38.829542","39.734337","40.487567","41.392582","42.390525","43.416718","44.711833","45.913551","47.032847","48.008315","48.893171","49.683987","50.707851","51.375676","52.034935","52.966545","53.675654","54.202047","55.224193","55.595864","56.225274","56.773815","57.409023","58.426579","57.018301","59.414956","59.218059","59.570129","",
"Uganda","UGA","Survival to age 65, male (% of cohort)","SP.DYN.TO65.MA.ZS","34.431769","35.445308","36.225111","37.137437","37.763636","38.419252","38.383089","39.202754","39.462968","39.630628","39.691213","33.990693","34.012728","34.859233","33.724984","34.228382","33.712688","33.260739","31.699361","31.347422","26.959479","26.752992","24.950197","24.904159","24.868083","27.809019","27.714508","32.33674","32.355644","32.170808","32.163337","31.707955","31.671916","31.371053","31.098819","30.9977","30.883651","31.273493","31.530695","32.443919","33.119965","34.407137","35.240875","36.503729","38.40649","40.235176","42.065512","43.847179","45.324513","46.509097","47.488792","48.796723","49.816918","50.866492","51.751241","53.108253","53.857077","54.91897","55.848288","56.701315","56.494356","56.430458","59.31865","60.412319","60.764195","",
"Ukraine","UKR","Survival to age 65, male (% of cohort)","SP.DYN.TO65.MA.ZS","65.572914","66.488394","66.941262","67.212996","67.213145","66.755572","66.24749","65.780657","64.925063","64.089292","63.605157","63.38114","63.399185","63.171434","62.676721","61.989608","61.036705","60.246331","59.259721","58.544755","58.148744","57.992492","58.118228","57.971751","58.511615","60.212368","62.009839","63.080529","62.323276","61.296861","59.474996","57.411593","55.402956","53.489799","51.147156","49.531941","49.152787","50.721926","51.657658","51.535164","50.658744","50.009713","49.884589","49.331803","48.620952","48.599632","48.570482","49.21978","50.944986","53.868492","57.131751","58.520169","59.128438","59.906697","60.442157","62.452942","63.899831","65.056143","64.194008","64.873096","64.675756","62.247741","59.529079","60.783297","66.598519","",
"Upper middle income","UMC","Survival to age 65, male (% of cohort)","SP.DYN.TO65.MA.ZS","27.827193297616","32.2887957210021","39.9823427780489","41.0989260389505","42.0086538658937","41.535434352873","43.4994312158494","44.8241928894663","45.8427371290141","46.9064825183818","48.0149678088266","49.4333918619223","50.6094648366315","51.7243493383417","52.5461118139997","53.4909385108703","54.0617198028867","55.4820305136812","56.3024847554616","57.1872002476947","57.7956710466035","58.3524343814066","59.1345637627102","60.0535697631649","60.9880095435448","61.7141564176119","62.4569175955751","63.062975234155","63.4889105786268","64.2069754594444","64.5463156326901","65.1701146574316","65.6554741338658","66.1220949098977","66.5138137606125","67.135803542048","67.7750130974684","68.3991876096953","68.9136993217642","69.338691444053","69.8361146248052","70.3537328432636","70.839833450317","71.2204277053652","71.4818439494185","72.1991642421105","72.6218221411576","73.171136530722","73.403201394518","74.0310529012908","74.544938047284","74.8091718138818","75.2753806989982","75.6698891307764","76.0574354580916","76.4052561880578","76.5635617465","76.6799984533102","77.3009067435862","77.6959907621047","75.7442194841666","74.7334314013339","77.5662596405757","78.1242639095179","78.0423901948768","",
"Uruguay","URY","Survival to age 65, male (% of cohort)","SP.DYN.TO65.MA.ZS","62.720285","62.957805","63.119238","63.285287","63.387025","63.488973","63.637596","63.802842","63.94569","64.090399","64.264402","64.512821","64.718447","64.909186","65.10363","65.314258","65.526594","65.709552","65.968617","65.833127","65.962346","66.447837","67.150806","67.524224","68.055857","68.645853","69.224256","68.86425","68.748439","68.908494","69.691965","70.192512","70.155285","69.901393","69.924408","70.465715","70.976263","71.377375","71.678917","72.014351","72.720118","73.043072","73.37828","73.515463","74.033162","74.57682","74.570008","74.965478","75.189626","75.868433","75.870597","75.806757","75.798351","76.235479","76.735713","76.987958","77.301694","77.994431","77.340527","77.611525","78.937039","73.791457","75.444016","78.547297","78.759293","",
"United States","USA","Survival to age 65, male (% of cohort)","SP.DYN.TO65.MA.ZS","63.763318","64.605857","64.250702","63.734076","63.900074","63.874156","63.632838","64.072047","63.332195","63.841303","64.231803","65.02277","65.030676","65.577269","66.741128","67.737085","68.440906","69.112768","69.564958","70.34525","70.519523","71.223979","72.030283","72.440896","72.67514","72.706468","72.91003","73.17942","73.257736","73.632331","74.106984","74.414147","74.883314","74.731364","74.984171","75.346237","76.294626","77.361726","77.888799","78.132135","78.377807","78.507907","78.537802","78.674616","79.213754","79.110897","79.406502","79.752684","79.962585","80.290213","80.706209","80.710977","80.727099","80.665755","80.553647","80.253749","79.848681","79.780004","79.934087","80.09489","76.799622","74.754549","77.489598","80.452428","80.991304","",
"Uzbekistan","UZB","Survival to age 65, male (% of cohort)","SP.DYN.TO65.MA.ZS","49.339444","49.742064","50.178534","50.597582","51.052792","51.490428","51.934757","52.376667","52.837525","53.298318","53.752211","54.193814","54.638976","55.058042","55.467822","55.849248","56.243762","56.629263","57.014554","57.381085","57.636878","57.719349","57.764834","58.047296","58.490896","59.447369","60.474069","61.789319","62.252574","62.096716","61.318381","59.618778","58.441876","57.389328","57.193631","56.920785","57.014535","57.774255","58.267824","58.343114","58.083101","58.711691","59.755854","60.779086","61.2258","61.491089","62.085161","63.090494","64.352896","65.39938","66.061589","66.408865","66.574687","66.868678","67.219028","68.082153","68.405886","68.253093","68.489475","68.318896","69.523765","69.575389","69.307115","69.424253","69.791731","",
"St. Vincent and the Grenadines","VCT","Survival to age 65, male (% of cohort)","SP.DYN.TO65.MA.ZS","57.486583","58.504709","59.254564","59.708969","59.95851","60.438624","60.915536","61.32095","61.888581","62.389182","62.882931","63.217078","63.511738","64.017052","64.536953","65.364721","66.501663","67.014163","67.492748","71.350912","68.354936","68.741547","69.100273","69.319955","69.615289","69.815081","69.7259","69.786688","69.748571","69.797182","69.745601","69.689175","72.32252","69.561412","69.489877","69.413098","68.753592","68.221273","67.862951","67.880121","68.086857","68.282985","68.410259","68.644845","68.811237","68.96836","69.189938","69.452642","69.821916","69.967691","69.496589","68.912213","68.295266","66.97694","66.958071","66.868492","67.192531","67.422193","67.398874","67.179638","64.840425","62.434178","67.727202","67.803141","68.253882","",
"Venezuela, RB","VEN","Survival to age 65, male (% of cohort)","SP.DYN.TO65.MA.ZS","48.516496","49.918867","50.713378","52.449707","53.646291","55.140338","56.813402","58.057834","57.968377","58.557145","60.124473","60.721106","61.095584","60.841318","61.575386","62.414169","63.807107","64.192351","64.451447","64.821322","64.340806","65.37378","65.489208","67.145489","67.360297","68.336359","69.16234","68.713109","68.480269","68.277275","69.021487","68.603768","68.551246","68.360014","68.381531","69.518275","70.299133","71.724651","70.728732","69.917992","70.053909","66.20923","70.359007","68.768159","70.059051","70.50037","69.866787","70.42142","68.37767","68.606981","69.620291","69.003763","69.273195","69.541819","69.108421","69.823923","67.544054","68.109672","70.436592","70.664983","69.514269","67.42794","70.223722","70.089395","70.055035","",
"British Virgin Islands","VGB","Survival to age 65, male (% of cohort)","SP.DYN.TO65.MA.ZS","60.275871","60.812191","61.532416","62.079914","62.561764","62.878782","62.993097","63.207024","62.495319","62.227762","61.610256","61.686969","61.754749","62.18656","63.354881","64.55407","65.406209","66.084138","67.0722","67.831867","68.674197","69.293","69.699478","70.19077","71.156331","71.834099","72.470739","72.912447","73.432765","73.897455","74.689598","75.383006","76.126543","76.738812","77.307983","77.718198","78.108057","78.127682","78.198358","78.304686","78.514185","78.68654","78.892095","79.210044","79.473837","79.618002","79.833497","80.147809","80.460823","80.69563","80.846335","80.975579","81.035524","81.078566","81.125023","81.139973","81.200862","80.206853","81.342311","81.477373","81.433483","78.259575","81.909407","82.034032","82.296145","",
"Virgin Islands (U.S.)","VIR","Survival to age 65, male (% of cohort)","SP.DYN.TO65.MA.ZS","51.538707","52.970326","53.177417","50.948544","55.858378","53.482973","54.340757","55.474679","56.491141","57.540929","58.535588","59.486247","57.713563","58.356476","59.181298","59.974565","60.504627","61.087093","61.648624","62.239844","62.524454","62.902917","63.398133","63.940109","64.212867","64.628187","65.103615","65.560075","65.810891","66.080869","66.438093","66.644056","66.974379","67.219699","67.547417","67.674155","68.451675","65.617577","67.075991","66.057961","67.271111","68.914471","68.211002","69.140417","68.40455","69.330446","69.518616","69.444189","69.280228","69.510083","69.89293","70.091957","70.484361","70.699423","71.013825","70.873734","70.796697","70.57678","71.05958","71.587867","71.044746","71.086994","71.886264","72.667515","73.090286","",
"Viet Nam","VNM","Survival to age 65, male (% of cohort)","SP.DYN.TO65.MA.ZS","49.443479","49.801387","48.574185","45.027444","46.384335","44.375575","43.885156","43.28318","34.491498","38.573077","38.645515","39.810629","32.204373","39.494054","37.343516","52.439588","56.275996","56.829393","57.496527","58.13789","58.668779","59.559675","60.593992","61.433329","62.261503","62.55696","63.031372","63.789752","65.070048","65.369446","65.439506","65.840598","66.476345","67.148354","68.119995","68.74494","69.320433","69.684866","70.282304","70.19799","70.209586","70.303371","70.177243","70.127872","70.051282","70.218143","70.34098","70.461324","70.573186","70.689466","70.799688","71.026906","71.145894","71.253023","71.348261","71.423777","71.427631","71.53738","71.684768","71.880452","73.403073","71.496896","72.494858","72.700338","72.98381","",
"Vanuatu","VUT","Survival to age 65, male (% of cohort)","SP.DYN.TO65.MA.ZS","37.656652","38.401597","39.098291","39.772886","40.080721","40.729132","41.396265","42.118598","42.838983","43.626476","44.394427","45.222986","45.944025","46.824307","47.709985","48.531436","49.277508","50.080947","50.899068","52.665987","53.680094","54.633426","55.488857","56.108138","56.49489","57.050242","58.019622","58.210561","59.978539","60.550316","61.799957","62.719394","63.376342","64.078354","64.484282","64.816541","64.974637","65.528481","65.768801","65.456303","66.374352","66.720331","66.905377","67.146628","67.272498","67.527904","67.025145","66.539052","66.597874","66.648989","66.78271","67.057071","67.33141","67.518091","67.837536","68.089701","68.648787","68.938464","69.101916","69.341576","67.837367","66.588035","70.198475","70.507489","70.7608","",
"World","WLD","Survival to age 65, male (% of cohort)","SP.DYN.TO65.MA.ZS","41.9035497034958","43.8763947674982","46.8505116893178","47.4122772534835","48.0869523342262","47.6455894544164","48.5508043885705","49.2461548600523","49.8700146047807","50.3122593482353","50.8461210435491","50.8247540346807","52.292422208108","53.0124756220937","53.5804341176175","54.2598806338133","54.7554468987575","55.5481038112945","56.0275936012386","56.6285337002607","57.0647225947959","57.6011265040169","58.1811203768973","58.6555373433674","59.1900938871611","59.7580069316067","60.4689900256459","60.9872682724911","61.3131460689635","61.7177031944373","61.911616622926","62.2120234907397","62.4942413739807","62.5926521097605","62.8087037162738","63.1977828577444","63.7840184710992","64.3983862824156","64.785948467659","65.0897074095504","65.5620031139738","65.9678319991385","66.3675491808591","66.7826315646574","67.1501228368249","67.6155372479399","68.1599558331087","68.6726392289342","68.9497497508038","69.4963594422598","69.9225650814186","70.3121229880773","70.7276919304585","71.1069609420335","71.4287187361238","71.7392586043139","72.017124718223","72.2755428673587","72.7050719394882","73.0489166701266","71.3825392687779","69.1707457595095","73.08785720862","73.8538015512835","73.9950601456939","",
"Samoa","WSM","Survival to age 65, male (% of cohort)","SP.DYN.TO65.MA.ZS","41.93309","42.793471","43.595943","44.411788","42.027657","45.945134","46.548418","47.400334","48.162287","48.921365","49.685902","50.401598","51.17421","51.898998","52.611967","53.452605","54.164691","54.839458","55.356164","56.013172","56.74466","57.207593","57.754028","58.422166","58.935246","59.417809","59.895314","60.266943","60.749011","61.237426","61.760595","62.24102","63.021087","63.542129","64.241407","64.855567","65.4638","66.043079","66.606764","67.141004","67.672162","68.223481","68.721473","69.203489","69.467998","69.543511","69.768418","69.798091","69.789503","66.841785","69.789832","69.811871","69.64018","69.78311","69.760479","69.725903","69.72167","69.792369","69.979883","68.568","69.014864","69.818739","71.011497","71.247586","71.429428","",
"Kosovo","XKX","Survival to age 65, male (% of cohort)","SP.DYN.TO65.MA.ZS","44.536224","48.112318","42.302384","48.701716","49.514156","50.73594","50.746081","51.880856","53.171485","49.79227","52.075902","53.359176","53.332613","54.90962","54.69491","57.009173","57.195182","58.600371","59.907935","58.654266","62.063548","61.189184","59.839879","60.663657","61.195944","59.251573","62.004333","64.354529","64.610723","67.252221","69.463695","67.156553","69.241158","69.833866","70.811974","70.463721","72.400348","72.572562","67.07608","40.551193","74.236673","74.921263","75.587631","76.303002","77.022719","77.750559","77.165824","78.892352","79.309131","78.972925","77.624035","79.511961","80.411458","82.2829","80.545516","80.161343","81.999737","83.330967","82.882604","82.776903","78.533856","79.042095","82.785969","83.881346","84.235568","",
"Yemen, Rep.","YEM","Survival to age 65, male (% of cohort)","SP.DYN.TO65.MA.ZS","21.705916","22.353928","20.691885","19.606811","22.018477","22.575835","23.145603","23.97011","25.050523","27.545219","28.842949","30.675672","31.700235","32.701762","33.770244","34.879717","36.029201","37.179982","38.377492","39.744013","41.111804","42.586099","43.516857","45.219411","46.654018","47.831527","41.394804","49.793806","50.724871","51.555862","52.366402","52.253573","53.007382","53.564991","53.351351","55.056663","55.576658","56.283926","57.052634","57.879245","58.681961","59.584544","60.279507","61.225526","61.993676","62.680766","63.368656","64.037438","64.652126","65.052569","65.538748","65.690966","65.810287","66.66984","66.524623","62.390829","63.157225","62.856349","58.811209","60.833747","60.086522","59.113124","64.902281","68.518826","68.726718","",
"South Africa","ZAF","Survival to age 65, male (% of cohort)","SP.DYN.TO65.MA.ZS","40.615955","41.044948","41.862729","42.253903","42.711444","42.918453","43.292422","43.456082","43.637907","43.844751","43.997114","44.461879","45.069063","45.606861","46.179637","46.979397","47.390153","47.870364","48.549084","49.086067","49.534021","50.095767","50.596589","51.037822","51.386648","51.448282","51.263128","51.330922","51.031446","50.809933","50.187127","49.978932","49.515555","48.818736","48.010502","46.787752","45.668252","44.534922","43.567831","42.420212","40.943968","39.383546","36.940779","34.550615","34.376476","34.271271","34.301123","34.820336","36.272186","38.075283","40.463716","42.638553","45.003052","45.951507","47.357458","48.801597","49.960426","51.204705","52.025719","53.585548","51.781442","45.575837","52.927022","54.9683","52.800214","",
"Zambia","ZMB","Survival to age 65, male (% of cohort)","SP.DYN.TO65.MA.ZS","44.882478","45.509028","45.871555","46.315724","44.693957","46.825692","47.119579","47.37616","47.605471","48.009929","48.534297","49.150649","49.759739","50.617122","51.187577","51.630827","52.019049","52.098035","52.123921","51.089622","49.802994","48.634076","47.232432","46.011378","44.401873","42.646615","41.125166","39.972903","38.811897","37.332929","36.199033","34.633663","33.495994","32.527074","31.683418","30.70109","29.858854","29.426907","29.086492","29.229311","29.944011","30.918543","32.267674","33.501297","35.165085","36.74434","37.995448","39.475634","40.790992","42.839273","44.199701","45.651583","47.29862","48.734584","49.62447","50.639025","51.376355","51.945361","53.095176","54.750153","55.296103","52.361307","60.587552","63.553384","63.827744","",
"Zimbabwe","ZWE","Survival to age 65, male (% of cohort)","SP.DYN.TO65.MA.ZS","42.63352","43.241272","43.863795","44.472905","45.096601","45.704029","46.298493","46.803825","47.295826","47.87503","48.323436","48.73767","49.046336","48.513429","48.711914","48.785018","46.428405","44.029062","36.42947","36.526252","49.721625","49.773273","50.012313","49.490882","50.162024","49.938244","49.415955","48.299081","47.041608","45.337437","43.277754","40.957144","38.435143","35.735259","33.083028","30.484682","25.912911","25.706695","23.549797","21.318768","20.773902","18.855956","21.097126","20.708923","22.096527","23.276527","24.701173","26.355334","27.794398","29.756899","33.472743","35.964619","39.017726","41.7302","44.337171","45.540249","46.579109","47.118554","48.13925","47.83632","47.632352","43.78259","49.741326","50.325096","50.790691","",
