"Data Source","World Development Indicators",

"Last Updated Date","2026-04-08",

"Country Name","Country Code","Indicator Name","Indicator Code","1960","1961","1962","1963","1964","1965","1966","1967","1968","1969","1970","1971","1972","1973","1974","1975","1976","1977","1978","1979","1980","1981","1982","1983","1984","1985","1986","1987","1988","1989","1990","1991","1992","1993","1994","1995","1996","1997","1998","1999","2000","2001","2002","2003","2004","2005","2006","2007","2008","2009","2010","2011","2012","2013","2014","2015","2016","2017","2018","2019","2020","2021","2022","2023","2024","2025",
"Aruba","ABW","Survival to age 65, female (% of cohort)","SP.DYN.TO65.FE.ZS","71.586379","71.399871","72.28424","73.059731","73.920709","74.606127","75.377256","75.921138","76.537037","77.10471","77.64609","78.178176","79.262744","80.329947","80.953103","81.539669","81.752008","81.924776","82.074007","82.250288","82.352927","82.999206","83.143857","83.290641","83.446623","83.580812","83.677256","84.219353","84.30423","84.33995","84.36426","84.386135","84.418024","84.466838","84.524519","84.591498","84.652186","84.721179","84.814141","84.501766","84.648825","84.827247","84.949413","85.071782","85.051487","85.231904","85.406044","85.613269","85.828989","86.159371","87.364546","87.564546","87.832281","87.957506","88.205468","88.284641","88.414023","88.515365","89.05748","89.192639","88.710585","85.100875","89.08219","89.187852","89.298942","",
"Africa Eastern and Southern","AFE","Survival to age 65, female (% of cohort)","SP.DYN.TO65.FE.ZS","39.2540420830485","39.7292849168313","40.2286378307877","40.7170744028857","41.2654240468397","41.6416795415693","41.5439552970191","42.5855908677693","43.0534601575425","43.3978226605172","43.8167336472273","44.1339490849733","43.6730140418041","44.4265611320104","44.4939445144235","44.7439682749613","45.7644295082773","46.271287205937","46.6488749054506","47.2147712116384","47.8731910694766","48.226618882375","48.6386749316418","46.5885683483084","46.7728441918555","47.1541390787676","47.9036265754765","49.1350294742583","48.8228519388219","48.9845552798961","48.4002899445945","47.7047137417729","47.0801209936169","47.2295427979369","46.9984701333533","47.0423961115906","46.5453271919537","46.495073880083","46.1160390118948","46.4903629915935","46.8431046361828","46.9737714946217","47.2779282005953","47.7288241654852","48.3879420330829","49.2004940681811","50.5560921818563","51.9272299268811","53.3674757228554","54.8783195876088","56.3131323191085","57.2841164846879","59.1221647539471","60.4462490863881","61.3823593830084","62.3302279484814","63.3161395677903","64.2252857071398","65.5399970498069","66.5476696651929","66.4993870256497","64.3344206459106","67.9703882127944","69.2419314191899","69.4251002168945","",
"Afghanistan","AFG","Survival to age 65, female (% of cohort)","SP.DYN.TO65.FE.ZS","21.501718","22.093327","22.643038","23.181472","23.768842","24.34717","24.94354","25.533114","26.075561","26.681747","27.327707","27.961792","28.622765","29.309253","29.983915","30.651941","31.322403","32.036487","31.292311","30.253196","30.890144","31.254197","27.845227","28.588358","23.129579","23.990247","31.238753","31.914233","37.03035","38.622033","39.519566","40.335707","42.252428","46.538374","47.697906","48.55797","49.663742","50.075336","49.35628","51.973757","52.865939","53.684696","54.202323","55.854743","56.786512","57.582783","58.39886","59.454151","60.457589","61.054311","61.841776","62.746522","63.536308","64.295828","64.60393","64.849454","65.602067","67.065095","67.588965","67.952078","64.471496","62.67188","69.906777","70.405053","70.849553","",
"Africa Western and Central","AFW","Survival to age 65, female (% of cohort)","SP.DYN.TO65.FE.ZS","31.9618096341393","32.3265602561694","32.7060471364562","33.0393056902425","33.388954080554","33.7762067140419","34.0483211496274","33.9856260238551","34.9402684355408","35.2614559752619","35.8353240280866","36.4310390316619","37.3681214199297","38.0835133830419","38.8621429392556","39.6464626928829","40.2743291475433","41.090324342242","41.8060906137655","42.4429637870835","42.9745161863799","43.5338371635467","43.9593576197435","44.2516267415377","44.467790094963","44.5809741837901","44.515927030389","44.6572562814413","44.8021860182917","44.8931771995762","44.7917186559461","44.6750394921722","44.8199980678829","45.0915201559315","44.9483675655714","44.9649819597457","44.792111667181","44.7293429090636","44.593154472716","44.9492675628385","45.408413356882","45.6402904115837","46.019001665003","46.5488741487599","47.2246952169416","47.9928657831075","48.564287644863","49.3369113404492","49.9277181714137","50.1246679195914","51.0208128538906","51.5158928050291","52.0066876083031","52.4776668217168","52.7791409469291","53.1912082665645","53.7250324969457","54.1753175188178","54.8123638627043","55.1145077965642","55.2093962475358","54.613449029085","56.536490086092","57.8621668642851","58.2008867718945","",
"Angola","AGO","Survival to age 65, female (% of cohort)","SP.DYN.TO65.FE.ZS","32.262581","32.240453","32.654048","32.967478","33.289522","33.610932","34.0567","34.444856","34.940932","35.326297","35.819499","36.209043","36.713212","37.101431","37.59433","37.041724","36.995551","37.476001","37.850528","38.213955","38.568912","38.918823","39.255434","38.268673","38.554886","38.820228","39.063153","36.655037","37.434568","37.691915","37.834153","40.117255","38.035562","39.670066","41.293823","42.12856","42.438417","42.782397","41.615306","42.925309","43.052743","44.219913","44.541509","47.258032","48.44414","49.764951","50.713338","52.46874","54.074908","55.377671","57.017619","58.509208","59.940355","61.224463","62.312227","63.380606","64.300488","65.086953","65.941897","66.647722","66.934317","65.48267","68.636516","69.288986","69.603545","",
"Albania","ALB","Survival to age 65, female (% of cohort)","SP.DYN.TO65.FE.ZS","64.104602","65.555519","66.865495","68.138521","69.269419","70.264033","71.306142","72.315232","73.359342","74.306823","75.184612","76.011079","76.832152","77.61945","78.374371","79.097628","79.792654","80.476801","81.09129","81.498264","81.963926","82.354111","82.794548","83.261881","83.721041","84.148142","84.75497","85.134737","85.32614","85.432308","85.589085","85.84721","86.172007","86.558884","86.868889","87.229992","87.408323","86.622203","87.615613","87.738792","87.824296","87.938735","88.007952","88.14997","88.412874","88.873291","89.54137","90.28544","90.871873","91.16778","91.099311","90.960944","90.711077","90.580498","90.548217","90.761718","90.961472","91.158819","91.366022","91.402342","90.698423","89.091427","91.041163","91.722528","91.916107","",
"Andorra","AND","Survival to age 65, female (% of cohort)","SP.DYN.TO65.FE.ZS","83.23385","84.239802","85.161005","85.873157","86.542305","86.986779","87.269619","87.357914","87.387052","87.369408","87.478311","87.626899","87.957122","88.308151","88.688105","89.058652","89.502401","89.908805","90.355928","90.779244","91.177954","91.49228","91.761936","91.973268","92.165168","92.317794","92.502815","92.667619","92.805698","92.908043","93.038822","93.109815","93.226219","93.403388","93.616077","93.781921","93.950465","94.105535","94.219181","94.370481","94.392286","94.442346","94.415921","94.405318","94.304735","94.5191","94.74629","95.009343","95.219","95.423647","95.470047","95.474986","95.460703","95.449809","95.433714","95.406915","95.333153","95.238819","95.155965","95.092909","90.297384","94.310721","95.075735","95.097325","95.177502","",
"Arab World","ARB","Survival to age 65, female (% of cohort)","SP.DYN.TO65.FE.ZS","42.9256277986038","44.0319009312651","44.629853139799","45.6224018156231","46.3781392980433","47.1604989822672","47.8649759703926","48.5442124145617","49.2224182855071","49.934844432028","50.6347630211281","51.4142299171797","52.1907280323246","52.9552447491019","53.7123453763101","54.5328375754343","54.7764222109972","56.4294990882238","57.3190118523097","58.278353376318","59.3725669574114","60.398205785318","60.7339485130857","61.6834621640236","62.5420037342573","63.3928738407309","64.8025627907051","65.5949442111608","65.9159074196074","66.5779502438888","67.3494667585315","67.3739652102939","68.3865898797625","69.738824767066","70.2599752677939","70.7918321317346","71.3025383781777","71.7935018912384","72.322092578918","72.8149722565878","73.379560318129","73.9890901733666","74.5869497446628","74.8994736526144","75.173739100632","75.6078727596275","76.3112937015828","76.8276913369933","77.2237535695077","77.7492112509435","77.9760533254538","77.6470388920047","78.404361844546","78.9790991415112","79.4977835386147","79.8400240294861","80.3036883395405","80.5247743994538","80.9378873294367","81.457934913487","80.2194618338764","79.1125355859726","81.4951202983694","82.2320723053623","82.5602610967504","",
"United Arab Emirates","ARE","Survival to age 65, female (% of cohort)","SP.DYN.TO65.FE.ZS","53.500928","54.769608","56.092191","57.468683","58.876461","60.306781","61.831614","63.330555","64.815699","66.264377","67.657414","68.978149","70.214677","71.36446","72.426176","73.400186","74.287279","75.090249","75.816394","76.471686","77.06297","77.596139","78.07648","78.506574","78.88677","79.218796","79.503893","79.742967","79.925337","80.029732","80.033631","79.913458","79.642634","79.256367","78.949119","78.946291","79.477083","80.712057","82.670683","84.997155","87.302625","89.337508","90.986611","92.222639","93.115259","93.758779","94.219412","94.542012","94.75806","94.893069","94.975936","95.034159","95.09195","95.174006","95.297805","95.450961","95.613335","95.76726","95.897939","95.993196","95.579443","94.619212","95.309312","96.092936","96.120739","",
"Argentina","ARG","Survival to age 65, female (% of cohort)","SP.DYN.TO65.FE.ZS","73.118303","73.775049","73.803153","74.248073","74.087817","74.455523","74.88475","75.324339","75.124973","74.845373","75.51519","74.468784","75.001844","75.484454","75.539657","76.666962","76.611852","77.805037","77.777068","78.377133","78.415442","78.6573","79.077241","79.242547","79.535814","80.027293","80.495636","80.956693","81.398501","81.84602","81.563643","81.859793","82.075001","82.350998","82.549786","82.817732","83.085162","83.43859","83.590327","83.814563","84.056066","84.254219","84.588313","84.632377","85.082494","85.614183","85.076186","84.712383","85.241758","84.815158","85.512424","86.157971","85.312373","85.268152","85.83145","86.581602","85.773719","85.996409","86.20779","86.163347","85.155113","81.71912","85.337054","86.547636","86.869543","",
"Armenia","ARM","Survival to age 65, female (% of cohort)","SP.DYN.TO65.FE.ZS","66.080902","66.764098","67.437792","68.094951","68.727947","69.330373","69.896779","70.42493","70.914003","71.363456","71.773554","72.144228","72.459147","72.757632","73.052901","73.363547","73.691432","74.054788","74.435534","74.830615","75.232439","75.640176","76.059747","76.474937","76.879299","77.26412","77.620536","77.942383","47.264218","78.485442","78.699169","78.91549","79.04763","79.25812","79.438583","79.6508","79.889551","80.174346","80.543046","80.969245","81.436621","81.923746","82.410317","82.87796","83.319378","83.742265","84.147754","84.544375","84.931729","85.31447","85.693871","86.070857","86.438053","86.81946","87.193749","87.548679","87.921252","88.275576","88.611133","88.931213","86.319178","86.072668","88.731168","89.783666","89.7192","",
"American Samoa","ASM","Survival to age 65, female (% of cohort)","SP.DYN.TO65.FE.ZS","72.453735","73.547359","73.830312","73.298732","72.297988","71.157653","53.90634","69.968637","69.902718","70.431711","71.387149","72.577127","73.394785","73.698823","73.940607","74.185873","74.481374","74.78157","75.06381","75.369049","76.022776","76.845644","77.175789","77.192293","77.05209","77.367543","78.180222","79.081785","79.938059","80.262339","81.604825","82.953061","84.279051","84.394622","84.546829","84.628861","84.674148","84.68594","83.020005","81.488414","80.133611","80.593006","81.201149","81.589937","82.774785","82.658851","82.198161","81.66964","81.786231","78.292752","82.052938","82.217365","82.356276","82.34649","81.67801","81.362533","81.273145","82.133692","82.339693","82.331545","82.034545","82.075706","82.170354","82.221184","82.61909","",
"Antigua and Barbuda","ATG","Survival to age 65, female (% of cohort)","SP.DYN.TO65.FE.ZS","66.648934","67.830801","68.909523","70.08549","71.280401","72.497181","73.668033","74.792427","75.833696","76.763944","77.619499","78.3977","79.102085","79.722789","80.318894","80.848479","81.355389","81.888071","82.412703","82.866738","83.203435","83.458466","83.693714","83.874651","84.015734","84.099783","84.12644","84.095753","84.003396","83.673347","83.71805","83.551766","83.416021","83.457436","83.626018","83.68932","84.082934","84.329584","84.341342","84.553914","84.601851","84.689887","84.7105","85.006015","85.282443","85.609244","85.826404","85.904915","85.979023","86.18264","86.396695","86.633214","86.683998","86.60734","86.565583","86.494476","86.59333","86.61324","86.672876","86.572816","86.354627","86.440563","86.617027","86.700818","87.224436","",
"Australia","AUS","Survival to age 65, female (% of cohort)","SP.DYN.TO65.FE.ZS","80.472175","81.419715","80.948299","80.474055","80.11289","80.507667","80.425246","80.685114","80.578092","81.075215","80.3624","81.616018","81.99658","82.588481","82.255158","83.292995","83.655312","84.160293","84.478098","85.584516","86.10466","86.333668","86.155059","86.572151","86.884033","86.933861","87.696392","87.733404","87.991309","88.013543","88.811695","89.054016","89.15465","89.688288","89.707133","89.941497","90.011658","90.194604","90.552245","90.820878","91.023514","91.378199","91.232211","91.61973","91.892235","92.088322","92.172933","92.110197","92.441427","92.411787","92.721864","92.699609","92.868423","92.821152","92.830391","92.943617","93.05799","93.033868","93.168789","93.269492","93.408547","93.331624","92.39157","93.58925","93.863184","",
"Austria","AUT","Survival to age 65, female (% of cohort)","SP.DYN.TO65.FE.ZS","78.938518","79.858597","79.783318","79.967345","80.676567","80.586022","80.861623","81.167164","81.181852","80.801521","81.133978","81.782698","82.150557","82.601261","82.773362","82.884257","83.570016","83.783289","84.358945","84.585958","84.535243","85.089318","85.147112","85.150104","85.854794","86.236984","86.74017","87.292016","87.768307","88.030243","88.008094","88.261688","88.391451","88.304514","88.747121","89.115058","89.219384","89.877485","90.036661","89.97631","90.210552","90.534841","90.956781","90.531312","90.987929","91.167247","91.701936","91.636882","91.803763","91.612205","91.690105","91.923139","92.096221","92.268483","92.17173","92.415348","92.618877","92.833073","92.823711","93.073777","93.036648","92.960348","93.266368","93.500545","93.235672","",
"Azerbaijan","AZE","Survival to age 65, female (% of cohort)","SP.DYN.TO65.FE.ZS","52.210161","53.22537","54.275387","55.308403","56.294126","57.305462","58.367468","59.297825","60.186066","61.031515","61.846968","62.571677","63.248105","63.859552","64.469994","65.118878","65.966762","66.686868","67.368859","67.817297","68.478048","69.089907","69.402522","69.771908","68.799586","70.070237","68.891616","69.833423","69.712753","70.741388","70.81461","70.456536","69.2618","69.676876","70.22422","69.63641","70.924774","71.193568","72.541415","73.372657","74.627958","74.78682","75.991547","76.276448","76.569983","77.128652","78.940634","78.787248","79.671316","79.970219","80.927711","81.647688","82.095806","83.366051","83.60626","84.578821","84.246588","84.551693","85.092643","85.660171","81.847133","81.798898","85.460872","87.050129","86.917","",
"Burundi","BDI","Survival to age 65, female (% of cohort)","SP.DYN.TO65.FE.ZS","38.171832","38.007625","38.130233","38.249744","38.295269","36.429444","38.177473","37.916018","37.979301","37.518791","37.868448","37.754553","12.496554","28.685713","37.83122","38.002855","38.335018","38.56753","39.115034","40.034605","40.917332","41.809582","42.507741","42.967439","43.141928","42.863368","42.250331","41.628502","35.476294","38.970265","37.843847","36.912801","36.348769","25.240402","36.375639","36.735907","37.300305","38.777527","40.440023","41.762078","42.365368","43.852197","45.44699","46.74971","48.39023","49.509004","50.779979","51.977898","53.122799","54.309258","55.158471","56.216358","57.266457","58.405162","59.405024","60.246007","61.261455","62.268859","63.055954","63.716175","64.447858","62.926308","64.72725","66.442949","66.738661","",
"Belgium","BEL","Survival to age 65, female (% of cohort)","SP.DYN.TO65.FE.ZS","80.02715","81.122924","80.639115","80.733289","81.466543","81.084493","81.201656","81.783091","81.595963","81.699514","81.731102","82.187552","82.495435","82.891203","83.285289","83.359405","83.670509","84.107973","84.135222","84.749222","84.986459","85.312578","85.449471","85.595177","86.289999","86.551215","86.654669","87.28988","87.60112","87.644381","88.021121","88.234635","88.246862","88.685387","88.514375","88.709574","89.207703","89.119602","89.061577","89.515893","89.363932","89.655601","89.616094","89.751474","90.297938","90.185089","90.414536","90.204939","90.389145","90.440614","90.598102","90.583637","90.923052","90.875761","91.447314","91.054935","91.585411","91.752405","91.672636","92.065814","91.97101","92.223268","92.020131","92.421868","92.367634","",
"Benin","BEN","Survival to age 65, female (% of cohort)","SP.DYN.TO65.FE.ZS","33.732325","34.516808","34.937207","35.506197","36.125437","36.785992","36.888565","37.500914","38.149089","38.757182","39.363842","39.686578","40.527383","41.179091","41.839055","42.649515","43.638734","44.623089","45.31934","45.939963","46.539782","47.125962","47.725754","48.297664","49.226322","50.200615","51.310017","52.192197","53.411474","54.059074","54.838717","55.301707","56.244227","56.514351","56.70782","56.923478","56.84675","57.199752","57.207577","57.318393","57.355683","57.106355","57.008808","57.048624","57.168137","57.642839","57.910299","58.201447","57.535075","57.549086","57.570718","57.552843","57.647982","58.187168","58.363953","58.492317","58.733527","59.25069","59.346426","59.816043","60.433481","58.475403","60.71779","61.45213","61.782754","",
"Burkina Faso","BFA","Survival to age 65, female (% of cohort)","SP.DYN.TO65.FE.ZS","29.575134","29.979403","30.513484","30.993103","31.490606","32.007638","32.558932","33.077672","33.609683","34.027867","34.926589","35.382474","36.038309","36.762219","37.75641","38.785759","39.859132","40.953681","42.054197","42.942214","44.003204","44.363309","45.429997","45.880774","46.296631","46.503974","46.640533","46.634595","46.574202","46.529518","46.548159","46.583479","46.694268","46.786277","46.913912","47.068333","47.313248","47.036651","48.064851","48.53677","49.065663","49.607285","49.85791","50.539466","51.40478","52.37605","53.127279","53.935755","55.193729","56.009774","56.806957","57.873419","58.514312","59.171656","59.836484","60.571597","61.160382","61.796305","62.407501","62.908202","63.202255","61.58826","63.263852","64.763714","65.338098","",
"Bangladesh","BGD","Survival to age 65, female (% of cohort)","SP.DYN.TO65.FE.ZS","36.176122","37.271943","38.601106","38.188303","39.901538","38.269418","41.150523","41.784701","42.306651","42.773445","31.59383","19.412365","44.571511","45.070918","44.871057","46.280376","46.751502","47.145939","47.527702","47.93698","48.274597","48.662281","49.125119","49.721985","50.277288","50.239175","51.260505","51.512397","51.597971","51.719883","51.802006","47.201169","52.410108","53.057027","53.979677","55.071352","56.39769","57.852135","59.394081","61.038004","62.668042","64.249467","65.753368","67.133588","68.36809","69.530111","70.574509","71.335314","72.422876","73.24215","74.020052","74.754718","75.44874","76.123784","76.797935","77.449615","78.099271","78.737168","79.377826","80.001991","78.662712","77.041168","81.950649","82.333","83.003047","",
"Bulgaria","BGR","Survival to age 65, female (% of cohort)","SP.DYN.TO65.FE.ZS","77.808689","78.938696","78.503915","79.265347","80.830671","81.265519","81.277383","80.613255","81.287692","80.92438","81.766039","81.612058","81.60254","82.281705","82.170964","82.252394","82.467887","82.07366","82.087425","82.566755","82.620619","82.943796","82.465244","83.015036","82.779865","82.706684","83.432274","83.296566","83.278366","83.654493","83.25071","83.03688","82.867593","83.555525","83.145541","83.080347","82.94813","81.760397","83.081694","83.501108","83.304842","83.964353","84.231334","84.722519","84.843557","84.807181","84.767893","85.222539","85.681308","85.907692","85.974668","86.199004","86.605587","87.123365","85.941617","86.276913","86.217184","86.228139","86.182677","86.762875","84.516229","80.964346","85.17835","87.328197","87.616316","",
"Bahrain","BHR","Survival to age 65, female (% of cohort)","SP.DYN.TO65.FE.ZS","49.645599","51.830383","54.101429","56.287739","58.42297","60.487823","62.465282","64.341165","66.104512","67.746485","69.259141","70.637002","71.806285","73.006672","74.020836","74.937392","75.768175","76.521085","77.212376","77.85162","78.386265","78.847365","79.232697","79.549169","79.803778","80.001706","80.143071","80.243421","80.315891","80.398185","80.529911","80.749955","81.09341","81.573404","82.160038","82.814646","83.498432","84.175806","84.817383","85.403245","85.91987","86.357835","86.709752","86.970405","87.156622","87.302137","87.439719","87.599542","87.809596","88.08034","88.390102","88.714873","89.033496","89.327541","89.583162","89.80585","90.006213","90.194037","90.378174","90.565906","90.462923","87.515372","91.180304","91.406156","90.847244","",
"Bahamas, The","BHS","Survival to age 65, female (% of cohort)","SP.DYN.TO65.FE.ZS","64.086289","64.652683","65.224957","65.78712","66.396458","67.032665","67.407772","68.060912","68.571073","69.135392","69.720291","70.243108","70.64333","71.202358","71.883723","72.794024","73.419236","73.889783","74.192217","74.504433","74.811553","75.231725","75.637107","76.043713","76.305314","76.481265","76.560127","76.684198","76.905275","77.238844","77.601085","77.933099","78.09871","78.320439","78.379697","78.430746","78.532071","78.707843","78.884389","79.097361","79.358381","79.587557","79.812964","80.048931","80.057074","80.452141","80.627792","80.703024","80.722746","80.675495","80.678492","80.812533","81.046126","81.402739","81.746404","81.424348","82.085631","82.131684","82.227176","76.705251","81.271855","76.725279","82.828463","82.985503","82.819975","",
"Bosnia and Herzegovina","BIH","Survival to age 65, female (% of cohort)","SP.DYN.TO65.FE.ZS","60.749374","61.866449","63.373387","63.212254","64.924835","66.136127","67.967309","69.143607","69.773591","71.011221","72.0547","72.504359","72.852796","74.326527","75.994246","77.217567","77.141351","77.560026","77.678221","78.276114","79.146905","79.909876","80.266135","80.295997","80.672778","80.88548","81.273993","81.510457","81.930547","82.745255","82.960348","83.540263","64.432051","63.820279","82.708321","81.832717","85.0622","85.56224","86.056095","86.44319","86.728235","87.112022","87.688843","88.068874","88.275706","88.214077","87.940405","88.030549","88.191409","88.567189","88.602114","88.68208","88.808777","88.808657","88.635533","88.633158","88.586328","88.552275","89.869642","89.015322","88.0832","86.680497","88.203538","89.480737","89.614177","",
"Belarus","BLR","Survival to age 65, female (% of cohort)","SP.DYN.TO65.FE.ZS","80.162354","80.853468","81.274347","81.756601","82.52176","83.04072","83.024576","83.238975","83.242494","83.205222","83.238634","83.179996","83.392721","83.398384","83.405054","83.268252","83.108592","82.911148","82.822207","82.512697","82.522241","82.429111","82.516793","82.213317","82.148269","82.543541","83.050639","83.487441","83.414985","83.232984","82.868102","82.265984","81.539756","80.874469","80.21442","79.975506","79.725914","79.727295","79.49224","79.793018","79.917566","79.8622","79.637912","79.748785","80.163094","80.619712","81.270832","82.015626","82.488648","82.715056","82.768996","83.542945","84.378656","85.600309","86.332718","86.959605","87.465337","87.631188","87.341523","86.958716","84.60737","84.204141","86.831824","86.934228","87.523258","",
"Belize","BLZ","Survival to age 65, female (% of cohort)","SP.DYN.TO65.FE.ZS","59.580735","49.714648","61.43553","62.087951","62.611204","63.194654","63.95144","64.831041","65.708952","66.531547","67.417026","68.158431","68.822292","69.60767","70.385396","71.19685","71.838546","72.461211","72.637651","73.061162","73.114328","73.139185","73.255462","73.658019","74.365226","75.129344","75.938156","76.601395","76.990697","77.116602","77.032323","76.759039","76.367637","76.142019","75.884182","75.583668","75.250328","74.788456","74.185161","74.243139","74.153145","74.291036","75.604188","76.057966","76.888568","77.01343","77.36044","77.577564","77.604553","77.952057","78.185784","78.483924","79.061108","79.431983","79.840647","80.330087","80.66085","81.113468","81.563089","81.978908","78.404886","76.87762","80.157744","83.520014","83.301841","",
"Bermuda","BMU","Survival to age 65, female (% of cohort)","SP.DYN.TO65.FE.ZS","74.302221","76.611471","77.158728","76.604869","76.116263","76.416667","76.839078","77.177836","77.868571","78.480299","79.232117","80.048449","80.952537","81.824678","82.349424","82.925286","83.415466","84.05927","84.579697","85.144555","85.506096","85.846605","86.119027","86.326562","86.253707","86.059522","85.950287","85.903269","85.809143","85.783919","85.714372","85.587262","85.55032","85.783831","86.616959","87.590065","88.092312","88.262442","88.550203","89.133064","89.621272","89.934504","90.214605","90.176946","91.066118","91.487007","91.778418","91.943482","91.966156","92.017796","92.244891","92.619876","92.858668","92.889957","92.880185","92.724216","92.558625","92.483918","92.58118","92.661206","92.670183","92.749771","92.818295","92.877996","92.983927","",
"Bolivia","BOL","Survival to age 65, female (% of cohort)","SP.DYN.TO65.FE.ZS","40.371886","40.734496","41.171096","41.622509","42.083582","42.712023","43.295227","43.814241","44.42578","44.732646","45.311856","45.71151","45.887694","46.527328","47.057446","47.872815","48.722655","49.219849","49.608566","50.20397","50.781241","51.25853","51.366838","51.840573","52.56003","52.871018","53.437683","54.447888","55.329928","56.417985","57.375475","58.298666","59.106423","60.302022","61.377961","62.175101","62.772429","63.321203","64.024646","64.682731","65.21945","66.101015","67.081414","67.614975","68.062471","68.594567","68.978835","69.690104","70.140838","70.598115","71.103575","71.473975","71.880126","72.194131","72.453348","72.828028","73.120284","73.40513","73.672019","73.855092","66.67695","61.089826","73.334968","75.185459","75.447168","",
"Brazil","BRA","Survival to age 65, female (% of cohort)","SP.DYN.TO65.FE.ZS","52.773369","53.391814","54.011894","54.675386","55.282381","55.907251","56.489555","57.084284","57.710775","58.297676","58.878954","59.466175","60.072459","60.692297","61.245605","61.934234","62.56835","63.212608","63.885992","64.585139","65.297385","66.014502","66.737912","67.444234","68.113484","68.814628","69.498779","70.171019","70.921089","71.800236","72.656969","73.479743","74.269208","74.950219","75.494651","76.033557","76.574584","77.101212","77.678422","78.266222","78.87792","79.524682","80.16525","80.750054","81.337717","81.895814","82.426403","82.919769","83.362152","83.728318","84.083953","84.378154","84.744916","85.044104","85.304294","85.584682","85.59163","86.080173","86.389022","86.473098","85.023419","81.256581","85.014038","86.379739","86.509081","",
"Barbados","BRB","Survival to age 65, female (% of cohort)","SP.DYN.TO65.FE.ZS","67.519333","69.751756","70.644662","71.47427","72.121662","73.086439","73.762242","74.298571","74.479395","75.010836","74.74441","75.345239","75.907389","76.000971","76.345439","76.80493","77.349352","78.433574","79.244415","79.845389","80.650311","81.222377","81.964757","82.348822","82.587511","82.576442","82.786418","83.112497","83.170238","83.112071","83.383338","83.551507","83.711173","84.126526","84.19655","84.281998","84.413682","84.296771","84.870924","85.033889","84.616324","84.489092","84.678327","84.871173","85.366438","85.097859","85.016934","85.551766","85.551755","85.768453","85.537911","85.703771","85.856537","85.984343","86.128704","86.327063","86.483307","86.466867","86.640473","86.776802","86.909527","87.121635","87.200547","87.3671","87.095843","",
"Brunei Darussalam","BRN","Survival to age 65, female (% of cohort)","SP.DYN.TO65.FE.ZS","54.693412","55.511453","55.983135","57.154152","57.958652","58.567407","59.591513","60.420673","61.294746","62.20218","63.143652","64.10852","65.097387","66.177288","67.103463","68.036979","68.937422","69.842144","70.615341","71.39173","72.205855","72.900395","73.638377","74.324173","74.884423","75.476317","76.043119","76.594189","76.987302","77.551996","78.12605","78.696333","79.267147","79.839708","80.351105","80.877387","81.365966","81.807215","82.225234","82.571395","82.900396","83.186537","83.404322","83.582949","83.720561","83.822197","83.90902","83.965388","84.00907","84.037376","84.052021","84.092634","84.10721","84.147039","84.167661","84.211008","84.263163","84.339309","84.435697","84.545257","84.667443","83.949456","78.171211","85.044743","85.289003","",
"Bhutan","BTN","Survival to age 65, female (% of cohort)","SP.DYN.TO65.FE.ZS","26.134271","26.499323","26.950263","27.458952","28.035043","28.678234","29.375665","30.113133","30.874176","31.645984","32.430342","33.274129","34.184208","35.099647","36.028519","36.953015","38.002347","39.073613","40.163526","41.283281","42.413691","43.545102","44.677077","45.785797","46.85925","47.894147","49.087371","50.302744","51.506656","52.695572","53.821089","54.821959","56.02333","57.135604","57.913113","59.36366","60.525928","61.628576","62.780418","63.940137","63.93062","66.07844","67.257596","68.393382","69.449345","70.446866","71.637345","72.697677","73.640496","74.27595","75.490264","76.432017","77.237575","77.903324","78.464267","78.939839","79.603749","80.227175","80.794855","81.314899","81.797749","82.106567","82.661172","83.052804","83.482684","",
"Botswana","BWA","Survival to age 65, female (% of cohort)","SP.DYN.TO65.FE.ZS","48.273908","49.113614","49.829324","50.668071","51.494876","52.308514","53.182714","53.954166","54.710677","55.47761","56.186487","57.086349","57.953319","58.868229","59.827881","60.695972","61.794758","62.81839","63.798083","64.616013","65.42383","66.149648","66.71035","67.092972","67.229092","66.976367","66.065438","64.847402","62.402474","61.134461","58.656757","55.678239","52.983331","50.381604","47.720795","45.692612","43.659703","41.776043","40.176133","38.941063","38.250751","38.071471","38.425759","39.322204","40.704654","42.440809","43.542627","46.726231","48.552782","51.029021","53.116489","53.772804","54.569384","56.275785","58.249718","60.704491","63.447438","66.266608","68.753985","70.681902","72.101002","61.837403","74.133132","75.048019","75.275518","",
"Central African Republic","CAF","Survival to age 65, female (% of cohort)","SP.DYN.TO65.FE.ZS","31.33053","31.940487","32.578611","33.249805","33.957105","34.695437","35.420469","36.236886","37.085252","37.948545","38.836402","39.727037","40.600409","41.458782","42.295571","43.107236","43.883695","44.614254","45.291616","45.904331","46.438999","46.884228","47.228635","47.460613","47.631489","47.61655","47.469751","47.189731","46.772463","46.218131","45.512455","44.633243","43.585262","42.648269","41.436967","40.151382","38.839189","37.399853","36.284193","35.213282","33.7728","33.626542","33.485204","33.649625","34.053487","34.788883","35.677221","36.713348","37.308028","3.729","35.994247","39.745724","41.305639","40.800387","31.426771","44.30779","43.973366","38.336859","46.232965","22.307837","43.422962","30.614174","7.901035","52.489539","52.912379","",
"Canada","CAN","Survival to age 65, female (% of cohort)","SP.DYN.TO65.FE.ZS","80.619565","81.220354","81.017359","81.158174","81.667682","81.855963","82.034896","82.193804","82.49352","82.587956","82.900937","83.529901","83.246395","83.48849","83.698291","84.019607","84.745233","84.836742","85.254585","85.437436","85.85517","86.120366","86.577729","87.085637","87.271115","87.239623","87.521801","87.659817","87.913607","88.123955","88.472654","88.585836","88.676957","88.742698","88.819928","89.026196","89.187298","89.448994","89.627142","89.852381","89.979998","90.25759","90.106167","90.273003","90.515313","90.547006","90.854368","90.893478","90.941643","91.052682","91.406586","91.513544","91.474252","91.655561","91.583078","91.621565","91.594127","91.639869","91.71971","91.987767","91.429301","91.673878","90.988348","92.19574","92.495464","",
"Central Europe and the Baltics","CEB","Survival to age 65, female (% of cohort)","SP.DYN.TO65.FE.ZS","76.5156519275977","77.573147229184","77.7279577807892","78.4613568435945","79.2582906125205","79.4306274786149","79.8015543072569","79.893810737113","79.9590560193448","79.6618392668108","79.8922653559752","80.2711486818782","80.7006280313512","80.9085100978945","81.1260944337861","81.3020752097462","81.3710677062166","81.2158333820654","81.2644841070859","81.1879751354232","81.1280371340111","81.2826151449389","81.4756266244034","81.3556486660942","81.333549254088","81.3769330989582","81.7236473651951","81.6855960705155","81.8921065184928","82.0050914329979","82.0455227495406","82.106131558376","82.2352661092159","82.3607034875755","82.4757775311014","82.6555013955605","83.0891000268421","83.2889723117293","83.7403039190561","84.2700845624419","84.6954926306518","85.0090775296956","85.2778338008329","85.4986080282124","85.8732781240304","86.0543309578674","86.2415002847276","86.4534485465932","86.7269927948069","87.0292007050309","87.3877684501382","87.7657878120445","87.9507383588008","88.2478586417561","88.363264498776","88.4671499916155","88.6885396863553","88.7924433315171","88.8095449013832","89.0642926033246","88.2238433472181","86.4767357659215","88.8507573941042","89.6747040894189","89.9049041069262","",
"Switzerland","CHE","Survival to age 65, female (% of cohort)","SP.DYN.TO65.FE.ZS","82.280741","82.578624","82.327965","82.678131","83.641333","83.502332","84.177949","84.545728","84.351314","84.439335","85.121894","85.143912","85.839175","86.25139","86.710162","87.267599","87.497717","87.856039","87.675034","87.578839","87.909006","88.196252","88.600625","88.934947","88.90642","89.234121","89.461056","89.817011","89.731519","89.897158","89.788328","90.053198","90.212724","90.224403","90.375876","90.431008","90.906001","90.941639","91.395455","91.477715","91.24035","91.68479","91.66003","91.905062","92.310236","92.462671","92.40174","92.520076","92.765075","92.96521","92.873781","93.273366","93.28275","93.45635","93.820616","93.799938","93.858683","94.258752","93.937881","94.329486","94.311598","94.338857","94.406327","94.643319","94.595627","",
"Channel Islands","CHI","Survival to age 65, female (% of cohort)","SP.DYN.TO65.FE.ZS","83.6163326103076","82.9571819552454","83.795058181543","85.2706991522859","83.3224833394584","82.3691394324921","83.1762190992828","83.3870862705238","83.1862186762478","82.9101913740785","82.9451590807993","83.6933063117124","83.5615834408286","84.8935215919144","85.0915854536195","84.8338305284143","84.6746541321685","84.9183890677391","84.8284956333739","85.0834934388019","85.7644327553134","86.488590820096","84.6241195918595","87.3356453015433","87.603237808617","88.0303365249661","87.5218514325425","88.0907210834704","88.7553643043591","88.9056412536117","88.0949696899892","89.1934036394141","89.4071438953799","88.9754777461256","88.8535900877874","89.8467524787255","89.6702690637145","90.3375801378055","90.7096741443604","90.7777648272151","90.9033696886358","91.0828343729893","91.2317045712647","91.3893543250127","91.836827788942","92.0713910092571","92.3694534560287","92.5291843761343","92.6699128775826","92.867891225952","93.0373837127609","93.2069078270396","93.115319295043","93.3002593819917","93.3415997668515","93.1931645842329","93.0402977194464","92.9402642607202","93.0153125900706","92.9832816049409","92.8130954516141","92.1873897887019","92.7385565127133","92.7461226956811","92.8159079930406","",
"Chile","CHL","Survival to age 65, female (% of cohort)","SP.DYN.TO65.FE.ZS","59.11123","59.087749","60.027468","60.953893","61.74208","62.920379","64.359458","65.4205","66.459227","67.496931","68.095831","69.197295","70.577279","71.810983","72.728884","74.18807","74.961651","75.962775","76.834346","78.010028","79.115516","79.912788","80.82493","81.699963","82.565294","83.016385","83.508981","83.895714","84.187613","84.312735","84.973516","85.263653","85.532222","85.808503","86.089319","86.426323","86.649295","87.012178","87.431778","87.684444","87.915459","88.123517","88.255445","88.483186","88.759647","88.93717","88.880583","88.926379","88.964043","88.80905","89.085127","89.28546","89.47211","89.647512","89.80302","90.006839","90.157745","90.288714","90.242007","90.014143","89.795205","88.964716","89.209778","90.719662","90.77396","",
"China","CHN","Survival to age 65, female (% of cohort)","SP.DYN.TO65.FE.ZS","23.542881","32.109111","47.251873","48.359927","49.417","50.536905","51.432717","52.578842","53.756466","55.022312","56.325698","57.695879","59.147897","60.907599","62.355982","63.615154","63.76494","66.159726","67.246533","68.266385","69.20307","70.169657","71.01772","71.884101","72.648607","73.375251","74.064645","74.810392","75.453877","75.982576","76.251077","77.056857","77.751696","78.589808","79.213398","80.120822","80.809811","81.41145","81.939489","82.391808","82.912596","83.475291","84.003902","84.518007","85.00327","85.536776","85.977644","86.415533","86.406003","87.172377","87.527457","87.922872","88.319471","88.6263","88.991318","89.250644","89.498417","89.700421","89.98544","90.152664","90.394112","90.254381","90.559517","90.430475","90.384819","",
"Cote d'Ivoire","CIV","Survival to age 65, female (% of cohort)","SP.DYN.TO65.FE.ZS","31.189814","31.9151","32.78852","33.631852","34.351496","35.183571","36.015005","36.728886","37.588287","38.46313","39.318543","40.228798","41.200461","42.307536","43.4184","44.520093","45.683584","46.828189","47.899892","48.836849","49.646521","50.288073","50.741244","51.250721","51.679666","51.873742","52.001724","52.108802","51.753112","51.20984","50.394956","49.676613","48.823136","48.023474","46.852723","45.777477","44.846168","43.971437","42.027375","41.815509","41.783306","41.232411","40.859909","39.80598","40.797372","41.944605","42.134465","43.447139","45.31528","46.51308","47.497004","48.940685","50.045197","50.927008","52.026675","53.021556","54.218956","55.253311","56.205436","57.192866","56.669365","55.988821","59.718358","60.484715","60.780067","",
"Cameroon","CMR","Survival to age 65, female (% of cohort)","SP.DYN.TO65.FE.ZS","33.924747","34.5699","37.255795","37.882397","38.514861","39.305226","40.147074","41.241787","42.234953","43.198838","44.288601","45.076302","45.787915","46.429724","46.639579","46.677617","46.811601","46.842995","47.016207","47.237298","47.510219","47.96916","48.75068","49.666083","50.319022","50.932104","50.75605","51.657055","51.785648","51.752246","51.724641","51.435213","51.322464","51.112629","50.408046","50.040345","49.734092","49.595622","49.055356","48.821504","48.610667","48.784611","49.238585","49.737925","50.154673","50.468402","51.175198","51.894839","52.601738","53.306358","54.304119","55.187655","56.689552","57.73993","58.710446","59.737513","60.886196","61.924817","62.75172","63.658105","63.503832","61.427461","64.748309","67.862239","68.306229","",
"Congo, Dem. Rep.","COD","Survival to age 65, female (% of cohort)","SP.DYN.TO65.FE.ZS","34.041481","33.47141","33.674501","33.908932","33.587836","34.299026","35.530729","35.818647","36.123261","36.465189","36.985254","37.299552","37.584061","37.881685","38.105531","38.336316","38.43516","38.555422","38.320009","38.949232","39.172884","39.33593","39.641853","39.950877","40.350694","40.406904","40.963886","41.565217","42.32701","43.119708","43.926965","44.745706","45.551704","46.432223","46.795864","47.783944","46.979899","48.3979","48.803531","49.33226","50.012505","50.325405","50.502577","51.003391","51.528109","52.122348","52.706527","53.232836","53.843906","54.572554","55.375452","56.092864","56.885177","57.580221","58.232026","58.924006","59.626605","60.315287","61.109671","61.614239","61.927532","60.552938","62.650188","64.602072","64.910009","",
"Congo, Rep.","COG","Survival to age 65, female (% of cohort)","SP.DYN.TO65.FE.ZS","41.986473","42.985651","43.831464","44.775683","45.687386","46.570561","47.305386","47.739087","48.821072","49.553695","50.171039","50.764343","51.330697","51.873983","52.271017","52.776563","53.155909","53.637918","53.873545","54.41919","54.871645","55.333309","55.397759","55.460284","55.264431","54.746902","54.206731","53.544715","52.773156","51.812028","51.17281","50.395508","49.681893","48.811045","48.284725","47.802869","47.503432","44.081567","45.514038","46.789477","47.919233","48.793099","49.764841","50.746242","51.959585","53.357532","54.628921","55.846545","57.376105","58.227111","59.184","60.64349","61.297756","62.156578","62.743215","63.418636","63.876999","64.403503","64.96595","62.557754","64.772091","63.353038","65.616191","67.722594","68.167854","",
"Colombia","COL","Survival to age 65, female (% of cohort)","SP.DYN.TO65.FE.ZS","57.300721","58.162303","58.891423","59.679058","60.389837","61.062103","61.741469","62.439848","63.146835","63.77745","64.320121","64.940535","65.690457","66.36938","66.942343","67.588233","68.406161","69.391248","70.370997","70.959376","71.712506","72.25206","72.759898","73.307908","74.2182","69.441476","75.052367","75.310734","75.866045","76.643811","77.115243","77.578486","77.894945","78.2853","78.719753","79.329154","80.025984","80.668377","81.030337","81.208757","81.68491","82.248697","82.705484","83.494816","84.157964","84.710998","85.267187","85.601164","86.065912","86.294431","86.61801","86.895382","87.295165","87.443457","87.52076","87.521654","87.62848","87.62858","87.793442","88.044751","85.828337","82.277356","87.721885","89.108544","89.20034","",
"Comoros","COM","Survival to age 65, female (% of cohort)","SP.DYN.TO65.FE.ZS","35.403723","35.7846","36.19509","36.605729","36.998817","37.418787","37.892096","38.399811","38.980381","39.651905","40.401865","41.207948","42.028933","42.772161","43.484194","41.882585","44.67155","45.231844","45.819739","46.381019","47.079428","47.678894","48.282837","48.56566","49.432646","49.961513","50.493128","50.768471","51.350607","51.838037","52.55824","53.326396","54.189273","55.113518","56.102748","56.917497","57.605107","58.308484","58.059021","58.906277","58.947635","60.034046","60.204917","61.089993","61.581938","62.077655","62.626973","63.012956","63.824602","64.381558","65.129924","65.727325","66.425127","67.095432","67.713017","68.32251","68.909914","69.482258","70.039591","70.512578","70.827899","68.968739","72.046864","72.566068","72.973597","",
"Cabo Verde","CPV","Survival to age 65, female (% of cohort)","SP.DYN.TO65.FE.ZS","42.011317","43.204572","44.619244","46.269873","47.964368","49.665737","51.175732","52.470995","53.532672","54.395941","55.084511","55.688895","56.334093","57.17971","57.999567","59.027053","59.860488","61.02774","61.797761","62.511906","63.168211","63.806818","64.396305","65.063445","65.317983","66.400387","67.127979","67.882377","68.64685","69.409152","70.166152","70.843739","71.510895","72.198332","72.838614","71.158812","74.797923","75.864031","76.870214","77.915387","78.896453","79.330931","80.486644","81.33463","82.129725","83.142325","84.168806","84.311153","85.131257","85.616273","85.930149","86.666101","87.185054","87.302107","87.584286","87.830081","87.895099","88.395643","88.467253","89.538788","87.06588","87.924624","89.803917","89.937715","89.900006","",
"Costa Rica","CRI","Survival to age 65, female (% of cohort)","SP.DYN.TO65.FE.ZS","66.828406","67.208362","67.842633","68.190436","68.768106","69.342698","70.018853","71.051008","71.23832","72.08691","73.042017","74.101852","75.100465","76.568843","77.77516","79.047956","80.242093","81.259435","82.270904","83.05565","83.554377","84.078061","84.532017","84.757533","85.054104","85.43064","85.740323","86.040355","86.266424","86.653576","86.970534","87.13833","87.340508","87.376098","87.501277","87.510778","87.478319","87.895568","88.162465","88.368299","88.614618","88.784435","88.974838","89.154314","89.306592","89.689268","89.852469","89.852726","89.900596","90.061394","89.902075","90.016807","90.213431","90.391675","90.433116","90.613024","90.334491","90.160363","90.423479","90.339672","89.650945","87.697735","89.994338","90.698008","91.039184","",
"Caribbean small states","CSS","Survival to age 65, female (% of cohort)","SP.DYN.TO65.FE.ZS","60.4831549995959","61.2406600357248","62.5497589476053","63.0262504155943","63.6622934366573","64.1369823518416","64.525822634256","64.8541410162654","65.0920474322477","65.3194068379872","65.4232608744097","65.6214262979961","65.997523368712","66.2911357288824","66.7114500090469","67.1049921268923","67.6261139463776","68.138127168521","68.4622156779619","68.8144171738071","69.1040420946961","69.4514517059859","69.5217166913946","69.7821024754417","70.1789890894595","70.3687735200138","70.4412335942542","70.7101479416376","70.9643445696122","71.1491400133367","71.4101414877589","71.6821787306776","71.8836203057241","72.0473723942856","72.1126545801245","72.0181717126336","72.1485122618383","72.3212934065546","72.8486369387437","73.2555272090824","73.7684309109034","74.3878111051743","74.8845344337205","75.4852160556291","76.2077767352531","76.6712951154749","77.242496106855","77.9820413784153","78.461052646354","78.8885598337651","79.2655868881621","79.6478161501682","79.8394265325117","80.093819410629","80.4560761335868","80.5632677492451","80.7885306856823","80.897736717508","81.0152709335845","80.5901734770325","80.4697122508924","76.1861525906186","81.7882743253381","82.3535880851841","82.5601324370166","",
"Cuba","CUB","Survival to age 65, female (% of cohort)","SP.DYN.TO65.FE.ZS","68.27471","69.116252","70.079456","69.59004","71.040096","71.213243","71.566342","72.154629","72.717141","73.352543","73.949375","74.60932","75.265076","75.9098","76.548112","77.154845","77.75399","78.738895","79.472919","80.033661","80.281573","80.675293","81.404933","81.245976","80.943205","80.672875","80.870919","81.15829","81.202745","81.197409","81.359748","81.444567","81.708997","81.988525","82.231542","82.564826","82.950513","83.499644","84.011645","84.41371","84.593485","85.097478","85.438784","85.900375","85.955605","86.244997","86.405412","86.400261","86.435564","86.482131","86.894423","87.0623","87.198303","87.176075","87.143357","87.248311","87.335525","87.395354","87.139649","87.040314","87.380132","82.246895","87.111126","87.50997","88.186711","",
"Curacao","CUW","Survival to age 65, female (% of cohort)","SP.DYN.TO65.FE.ZS","70.075097","70.595897","71.116514","71.627814","72.137437","72.631151","73.1122","73.657553","74.117137","74.631014","75.192991","75.750662","76.294551","76.825843","77.411514","77.904714","78.402101","78.864091","79.246364","79.76915","80.203393","80.614299","80.94411","81.265363","81.567638","81.806767","82.037938","82.306601","82.480952","82.240879","82.853573","83.058176","83.304835","83.417981","83.649133","83.756028","84.023051","84.242884","84.389772","84.602646","84.831128","84.978466","85.18723","85.410839","85.634306","85.854382","86.071821","86.285366","86.509763","86.739166","87.833227","88.692629","89.150467","89.526574","89.820778","90.13501","90.165658","90.241956","90.313865","90.385895","90.429749","89.164429","90.589427","90.6536","90.792258","",
"Cayman Islands","CYM","Survival to age 65, female (% of cohort)","SP.DYN.TO65.FE.ZS","57.951034","59.140502","60.369201","61.68587","62.938233","64.237348","65.862255","66.265553","66.621974","67.012812","67.509673","68.140294","68.913965","69.809812","70.808616","71.766379","72.644575","73.490197","74.242641","74.989002","75.758005","76.448871","77.12675","77.743423","78.106387","78.577576","78.978363","79.327102","79.631952","79.914779","80.191569","80.483738","80.79404","81.115489","81.444932","81.835439","82.032559","82.249332","82.413307","82.503987","82.54684","82.573856","82.593314","82.645862","82.498511","83.020909","83.201003","83.300321","83.44084","83.60946","83.969186","84.474131","85.154629","86.010454","86.123757","86.308234","86.515387","86.691511","86.840629","87.039363","87.203472","87.154058","87.665326","87.907647","88.060366","",
"Cyprus","CYP","Survival to age 65, female (% of cohort)","SP.DYN.TO65.FE.ZS","70.718163","71.748952","72.55995","69.072248","69.721476","74.399956","74.886986","75.540816","76.01522","76.444416","77.075516","77.57427","78.08541","78.705034","74.547141","80.288759","80.840334","81.41473","82.014623","82.635792","83.354948","83.804971","84.54906","84.930647","85.606125","86.236162","86.857186","87.234952","87.46505","87.993311","88.147696","88.381288","88.677661","88.702938","88.809147","89.090832","89.454373","89.792926","89.797491","90.257138","90.572925","91.004619","91.435731","91.622995","91.723709","91.976117","92.301793","92.608679","92.831107","93.053013","93.241296","93.374657","93.607051","93.703446","93.721007","93.866891","93.967574","93.979196","93.969438","93.941154","92.522881","91.787676","92.69602","94.25277","93.931707","",
"Czechia","CZE","Survival to age 65, female (% of cohort)","SP.DYN.TO65.FE.ZS","80.956317","81.354876","80.764644","81.453052","81.477946","81.365124","81.763251","81.712132","81.30014","80.586256","80.502137","81.111284","81.267819","81.642018","81.563613","82.283278","82.376244","82.459484","82.372747","82.21313","81.943111","82.303051","82.526705","82.268581","82.356016","83.016855","82.921903","83.622081","83.632097","83.897232","83.782235","84.137212","84.541776","85.156293","85.552021","85.403182","86.491077","86.452072","87.196781","87.439453","87.637963","87.806355","88.190123","87.874011","88.650693","88.636398","89.005886","89.315257","89.411731","89.647241","90.051525","90.196596","90.293178","90.513718","91.071193","91.091209","91.193372","91.319259","91.202472","91.228903","90.981952","89.761042","91.307494","91.857038","92.170912","",
"Germany","DEU","Survival to age 65, female (% of cohort)","SP.DYN.TO65.FE.ZS","79.130036","79.791426","80.138042","80.292137","80.847217","80.845819","81.093018","81.408593","81.204016","80.890555","81.30071","81.70751","82.114723","82.42573","82.807783","82.796889","83.261832","83.990462","84.046121","84.425509","84.704289","84.952112","85.259903","85.695293","86.02661","86.352091","86.623553","87.010536","87.226237","87.415633","87.310716","87.507233","87.97214","88.082949","88.408526","88.617348","88.869328","89.266517","89.643072","89.822519","90.005909","90.250115","90.307939","90.473317","90.761491","90.789547","91.022285","91.120638","91.093223","91.218099","91.299344","91.288407","91.581877","91.489406","91.820285","91.625857","91.712049","91.879064","91.795474","92.075883","92.122854","91.875352","91.953883","92.420604","92.361262","",
"Djibouti","DJI","Survival to age 65, female (% of cohort)","SP.DYN.TO65.FE.ZS","38.957337","39.360629","39.807142","40.260201","40.750415","41.233018","41.74779","42.332295","42.940123","43.554396","44.139913","43.419244","45.42751","46.334034","46.850528","47.25651","47.802784","48.370647","48.912654","49.505932","50.064985","50.487772","51.193224","51.837107","52.382314","52.73008","53.28209","53.7181","54.140601","54.438722","54.60898","54.898463","54.812215","54.701816","54.532525","55.150274","55.098668","54.7266","54.93186","55.114605","55.153702","56.723322","57.539439","58.154305","58.554731","59.462274","60.183076","60.867641","61.647867","62.31522","62.918791","63.879899","64.56604","65.211095","65.865453","66.606792","67.410849","68.026719","68.709214","69.133806","68.810228","67.459729","71.117666","71.820223","72.185815","",
"Dominica","DMA","Survival to age 65, female (% of cohort)","SP.DYN.TO65.FE.ZS","62.883886","64.331023","65.880348","67.173355","68.245721","69.048445","69.664304","69.854747","70.016829","70.269764","70.943298","71.91525","73.395018","74.702979","75.667522","76.40483","76.819729","77.078822","77.499695","74.972893","78.371152","78.905169","79.189024","79.678446","79.742186","80.384346","80.545012","80.341334","79.688509","79.007322","78.426653","77.959295","78.092813","78.434123","78.79742","78.908305","79.347542","79.592381","79.890485","80.251337","80.68215","81.084804","81.339163","81.462466","81.678829","81.882826","82.01138","82.01639","82.34335","82.301199","82.090395","81.819087","81.500351","81.19597","81.182285","78.601739","81.76815","76.406447","82.709146","83.014615","83.280609","80.233164","83.417997","83.448548","83.689064","",
"Denmark","DNK","Survival to age 65, female (% of cohort)","SP.DYN.TO65.FE.ZS","81.730974","82.468494","82.616975","82.35124","83.047192","82.54091","82.958283","82.951189","83.119539","83.094876","82.895088","83.203709","83.315503","83.600228","83.896847","83.928798","83.545473","84.567985","84.297404","84.01172","83.536954","83.81281","83.887454","83.805145","83.879661","83.528445","83.36932","83.726423","83.715002","83.900948","83.814331","84.287576","84.393958","84.379729","84.914741","84.565484","85.214122","85.547629","86.274398","86.358193","86.795264","87.195081","87.610016","88.063233","88.259011","88.619715","88.82198","88.678623","89.129875","89.404661","89.741064","90.215292","90.491497","90.815906","91.019998","91.0742","91.091328","91.861665","91.737901","92.189131","92.233915","92.24182","92.531153","92.898881","92.545114","",
"Dominican Republic","DOM","Survival to age 65, female (% of cohort)","SP.DYN.TO65.FE.ZS","51.26012","52.357753","53.454433","54.108374","55.535379","55.879805","57.436015","58.467926","59.379543","60.185432","60.946713","61.579068","62.161958","62.696712","63.220791","63.687126","64.165364","64.632002","65.043025","64.162607","65.753065","66.231644","66.773657","67.403022","68.166077","68.910306","69.638095","70.340584","71.046595","71.731068","72.414507","73.082733","73.697098","74.247551","74.754516","75.180924","75.512583","75.859413","75.928764","76.494384","76.835232","77.111974","77.283389","77.321446","76.919053","77.01573","76.891754","77.067744","77.883523","78.813604","80.057467","81.003891","81.646317","81.864917","81.926935","81.502924","81.635414","82.333861","82.66658","82.407443","82.830916","81.063034","84.390127","83.366697","82.726765","",
"Algeria","DZA","Survival to age 65, female (% of cohort)","SP.DYN.TO65.FE.ZS","35.709359","35.495428","33.842385","35.445755","35.147282","34.889401","34.694014","34.608355","34.656902","34.879288","35.329892","35.975945","36.852385","37.904503","39.168662","40.647161","42.411595","44.411529","46.680419","49.751748","53.26028","58.049055","61.413759","63.804957","65.83317","67.967315","69.30867","70.715749","71.941961","72.738452","73.24193","72.966665","73.36265","72.991465","72.938449","73.463246","74.628231","75.90537","76.949373","77.907126","78.802028","79.594156","80.682437","80.9888","81.965907","82.372473","82.8186","83.184063","83.516534","83.848416","84.186902","84.510664","84.796083","85.095629","85.349598","85.585602","85.77597","86.011118","86.276955","86.581483","83.900669","85.956712","87.509843","87.772428","87.500816","",
"East Asia & Pacific (excluding high income)","EAP","Survival to age 65, female (% of cohort)","SP.DYN.TO65.FE.ZS","29.9201568354096","36.4993247323004","47.8054228608234","48.7581161023048","49.7890645875726","49.9510515642632","51.3426238174257","52.8082674010407","53.6918575181023","54.9310285439821","56.0997906082748","57.3426568879229","58.4099950242225","60.0284044284922","61.2290060936402","62.4603098655106","62.8378778899863","64.8495182571249","65.8592914100992","66.9895594931449","67.8663682586059","68.721422155552","69.5641212822009","70.4212365489286","71.184702674434","71.921767615929","72.5905154875858","73.2928777664067","73.8702577750644","74.4302179952054","74.7268280780862","75.4292312388731","76.0984559842873","76.8936286769096","77.3625864627814","77.8555052604199","78.4600295206621","79.0052812422741","79.4757570885571","79.8395310183784","80.3191541706814","80.8024079800812","81.3172419932927","81.9240862450298","81.8777026848771","82.823719093028","83.1326839417091","83.5502147683972","83.2825025968825","84.1877203684121","84.4888630020316","84.8599917420905","85.2133370936507","85.4895740347487","85.8132454104298","86.0548667649875","86.2866869989332","86.5397488927002","86.6928277526148","86.8394593233362","86.7144208578558","85.6505300314606","87.0512874121519","87.1336926684364","87.1792627997562","",
"Early-demographic dividend","EAR","Survival to age 65, female (% of cohort)","SP.DYN.TO65.FE.ZS","41.6582493239858","42.2116451647745","42.818259216574","43.4354186292537","44.2017271667675","43.0835789283302","44.2764364271489","45.4020960174475","46.7373648529789","47.2996482805781","47.0801782398203","46.9641693122404","48.9659153319058","49.6316900385574","50.2996315735379","50.9705815076703","51.8015919473316","52.7722203926969","53.6326822682399","54.8047589375989","55.7348474848863","56.577262178382","57.4662500116209","58.1718752126207","58.9869738747131","59.7371028090233","60.4741661488927","61.3324176411172","61.895954611696","62.5086535357016","62.8668288127718","63.2001194096177","63.9140816731078","64.3978291418303","64.7144540194044","65.2480596661403","65.7455358872133","66.2910915892108","66.8255202115509","67.365173030638","68.1175739536068","68.6722839564082","69.4288312851307","69.9450308682499","70.3059454794567","71.224066330217","71.9262616099919","72.6017410187414","72.9519989087821","73.7364446806152","74.1689438478118","74.8080365947586","75.2689086500655","75.6940239724724","76.1449053414378","76.5172806515443","76.9239813967736","77.3464900075575","77.6719524541643","78.0872274557109","76.7591353000013","72.8343614366658","79.0368025192009","79.5499681098906","79.9700440533604","",
"East Asia & Pacific","EAS","Survival to age 65, female (% of cohort)","SP.DYN.TO65.FE.ZS","36.5159590732908","42.2854351616453","51.9145623873034","52.8977386343045","53.932390400277","54.1525194152719","55.378295089703","56.9236348721381","57.6694312381958","58.7667845831361","59.7704068152114","60.9484776605775","61.90149483047","63.3160835033947","64.3974637979354","65.5255790491948","65.9291279834057","67.6631924215596","68.554621066901","69.587162025956","70.24697221179","71.1039168437729","71.8273470015249","72.5424422520513","73.2706161854776","73.9194664953411","74.5453820544058","75.1710841823826","75.7025726671351","76.2174675920649","76.4977131453895","77.1320153685327","77.7375149485171","78.455972557408","78.8879021452416","79.3080656862804","79.877829537498","80.3773809726531","80.8005058934253","81.1275306727112","81.5857320862554","82.0348717168156","82.4951590678958","83.0328697390343","82.9971546737959","83.8396340490242","84.1326809681481","84.5114060996528","84.2902484121252","85.1150524467636","85.3922961838006","85.700878449419","86.0569901338314","86.3157734846715","86.6171501994113","86.8525170775387","87.0690307548177","87.3123714341382","87.4529464134232","87.5944534272801","87.4583658036935","86.4935923405036","87.700333746807","87.8562161702142","87.9083292643696","",
"Europe & Central Asia (excluding high income)","ECA","Survival to age 65, female (% of cohort)","SP.DYN.TO65.FE.ZS","68.7743399228402","69.584399578928","70.126258744269","70.6746230902838","71.2215671684312","71.6112219546379","71.9574922756855","72.3066730073133","72.5818419605813","72.7698005915984","73.033175997276","73.2197772124912","73.5738931995628","73.8547690640177","74.0979117371609","74.2554436051987","74.4545607820506","74.7591795193832","74.999526272492","75.1707726336057","75.441718840246","75.7385621281146","76.0653428617607","76.3556874124955","76.6067489449884","77.062129872177","77.5327206665657","77.9615562274169","77.6731452161141","78.3622109059248","78.3454801947735","78.1873609221043","77.3698832556088","77.1827251443755","77.2992100985346","77.3216706734522","77.6646408636655","78.1075048663246","78.4732112999737","78.1520656271993","79.1187609050191","79.3562262078034","79.7177596511116","79.9780642468682","80.265331284649","80.4680747817003","80.9290355634273","81.4238888790611","82.026449567929","82.6445198257016","83.2011449751748","83.5760631200188","84.1186001354459","84.6957612992551","85.087021937837","85.4944279059621","85.803104840253","86.2261073643797","86.5644795082139","86.8582380150347","85.5044997122673","84.2062139733666","86.7171445989378","86.4412675949389","87.1139972814026","",
"Europe & Central Asia","ECS","Survival to age 65, female (% of cohort)","SP.DYN.TO65.FE.ZS","76.9819384980258","77.5575316232781","77.6743337017435","78.0571750936092","78.7627277652281","78.9354002553553","79.228032717618","79.408712443087","79.4796294226684","79.2485196952482","79.685927500792","79.9464305215155","80.2059881909142","80.4401346580255","80.6791976244449","80.7087420611514","80.8543532593439","81.157638591798","81.2633247943363","81.3722415936968","81.5233110648785","81.8158823662034","82.1743847928443","82.2582592457289","82.3679975840232","82.7095258217105","83.3216370883161","83.5686328654442","83.6216484653944","83.8798947716787","83.8846748612399","83.8671241346483","83.5954679504459","82.939833859865","82.7855915009668","83.0337707597308","83.6064455481352","84.0880338084857","84.4187774636616","84.1907594449582","84.4169415512734","84.5030368207295","84.5279576228983","84.6134991803975","84.9998628016513","85.1370270550876","85.6883730585174","86.0984283891904","86.3764486421831","86.7663047615278","86.8935937123857","87.3812846441824","87.7020464402288","88.0239002793111","88.2463151840085","88.3932720629477","88.626593085204","88.9784383632627","89.0960075457058","89.2872393538475","88.3127847605361","87.3065534529924","89.0922297021101","89.6007615015096","89.9620847801728","",
"Ecuador","ECU","Survival to age 65, female (% of cohort)","SP.DYN.TO65.FE.ZS","53.121537","54.263217","55.388395","56.535067","57.664518","58.696308","59.543608","60.387209","61.167081","61.681752","62.69496","63.541026","64.345495","65.148718","65.916153","66.684317","67.32579","68.119694","68.767365","69.405175","70.054787","70.712102","71.335332","71.839628","72.614103","73.192236","73.823726","74.41571","75.064743","75.845399","76.294445","76.358746","76.849013","77.506887","78.618126","79.284023","79.734077","80.052797","80.27768","80.580837","80.979107","81.57785","82.338291","82.920133","83.354305","83.538436","83.836043","84.100737","84.287098","84.486731","84.842205","85.155249","85.553089","85.892734","86.336797","86.272332","86.099847","86.529749","86.72903","86.675417","81.069979","81.591718","85.934971","86.925534","87.943184","",
"Egypt, Arab Rep.","EGY","Survival to age 65, female (% of cohort)","SP.DYN.TO65.FE.ZS","48.102757","48.956683","49.857072","50.67928","51.408961","52.03172","52.540602","52.894975","53.279573","53.528762","53.834156","54.227283","54.667618","55.103851","55.801013","56.460435","57.14076","57.805691","58.441865","59.0397","59.610015","60.147805","60.662265","61.171057","61.695622","62.256059","62.875643","63.580356","64.380426","65.242439","66.147284","67.077118","67.968152","68.933768","69.806338","70.703827","71.522546","72.271294","72.944317","73.524856","74.015754","74.425449","74.751224","75.001641","75.188602","75.344801","75.505474","75.693474","75.92982","76.252845","76.629849","77.034123","77.544661","77.994653","78.564971","79.063577","79.602052","80.098058","80.573771","80.987706","79.273574","77.611128","80.409167","81.616886","81.757553","",
"Euro area","EMU","Survival to age 65, female (% of cohort)","SP.DYN.TO65.FE.ZS","79.3044702953259","79.8952661887562","79.9104605835252","80.1239031199116","80.8935413014759","81.1260144499595","81.4882699545754","81.732816671351","81.7953082346136","81.5123824688556","82.270592005051","82.5529734763641","83.0222202313585","83.2977935428973","83.7966638540716","83.9789532134897","84.3945836166903","84.9716357563035","85.2036314385046","85.5642422215317","85.8012212848941","86.0746184073389","86.4270378490535","86.5786393137618","87.0009930068948","87.2690758903353","87.5270219845663","87.828369474437","88.0555710450024","88.2659462732498","88.3816336369773","88.4587437329543","88.7993489804294","88.8548592101912","89.0977303061982","89.2808389239623","89.5386218554812","89.849330516344","90.0502618582455","90.2568683251991","90.4501953545019","90.6380941100996","90.7568958048075","90.8504557602376","91.205364667147","91.3102556225366","91.5167583829472","91.6115095974816","91.684374403407","91.791952730083","91.9979536058927","92.0476442899188","92.2060499016036","92.2932949100418","92.506486125565","92.4123122861673","92.5473277811706","92.5815273254635","92.6386772282403","92.8182366577535","92.657789209637","92.4836303579717","92.5121643735675","93.1617842404899","93.2238126784854","",
"Eritrea","ERI","Survival to age 65, female (% of cohort)","SP.DYN.TO65.FE.ZS","29.890994","30.417405","30.906843","31.454547","31.872236","32.312019","29.599451","32.990416","33.307474","33.567575","33.978224","34.370037","33.235693","33.781462","31.467791","32.014905","36.922262","37.487274","38.021217","38.393241","39.145745","39.540806","39.863422","29.25785","29.934919","30.978523","31.87815","42.996961","43.924641","43.715334","45.926616","47.049194","48.705499","49.610678","50.740601","51.837304","52.850981","53.9367","52.96206","47.799573","54.834299","57.207505","58.190772","59.105078","59.99925","60.983551","62.284236","63.273119","64.160682","65.432311","66.308835","67.335828","68.172711","68.817261","69.671794","70.406542","71.052881","71.675038","72.305276","72.842808","72.442364","71.342709","73.231929","75.005263","75.444061","",
"Spain","ESP","Survival to age 65, female (% of cohort)","SP.DYN.TO65.FE.ZS","78.767076","79.035109","79.283649","79.573627","80.591788","81.414273","81.729774","81.952476","82.643018","81.96216","83.379418","82.962817","84.291152","84.357329","84.824251","85.375118","85.82289","86.485973","86.857376","87.29707","88.001976","88.233656","88.888837","88.88415","89.222887","89.517279","89.645535","89.703546","89.782466","90.057431","90.138506","90.294368","90.697931","90.847507","91.107479","91.27157","91.429493","91.81424","92.114929","92.146188","92.357434","92.507988","92.586643","92.530175","92.888945","92.998557","93.227572","93.185659","93.276057","93.450607","93.615263","93.579664","93.727618","93.776313","93.8467","93.83822","93.9706","93.902985","93.966872","94.07874","93.640405","93.827787","93.312497","94.269262","94.492873","",
"Estonia","EST","Survival to age 65, female (% of cohort)","SP.DYN.TO65.FE.ZS","80.267888","80.942158","81.115623","80.973088","81.737696","81.934112","82.069874","83.144351","82.270011","82.559264","82.739745","82.682152","82.417905","81.997954","82.557997","82.659815","82.040949","81.480271","81.976907","81.006432","81.411322","80.480026","81.619279","81.956794","80.998117","80.930436","82.637536","82.921319","82.608796","81.652367","82.097999","81.283438","81.310415","79.675947","76.737896","79.712925","81.941028","81.740214","81.443276","82.040598","82.692076","82.479882","83.832142","83.745295","85.00241","85.4105","85.08561","86.088759","86.66859","87.844912","88.72946","89.137226","89.220934","89.360759","89.797514","89.84646","89.816248","90.596099","91.181372","91.100279","90.751557","90.059071","90.651696","91.675208","91.529753","",
"Ethiopia","ETH","Survival to age 65, female (% of cohort)","SP.DYN.TO65.FE.ZS","36.742727","37.323207","37.492058","38.050404","38.361072","38.665871","35.521397","39.314039","39.527427","39.503469","39.439025","39.467438","37.702725","37.861019","34.91113","34.719605","38.50045","38.641318","38.674277","39.831897","40.500319","40.90723","41.317732","30.423289","30.513481","31.35749","31.629948","41.316715","40.497927","40.303661","39.262615","40.563459","40.777176","41.200249","41.462516","41.704974","42.221154","42.845151","43.669752","43.630116","44.659496","45.274085","46.507071","47.768363","49.521477","50.638802","52.63125","55.088082","57.426487","59.298742","61.078629","62.505238","64.053983","65.544311","67.048223","68.377246","69.527674","70.675246","71.581868","72.512254","73.216956","71.649818","74.9233","75.601029","76.065753","",
"European Union","EUU","Survival to age 65, female (% of cohort)","SP.DYN.TO65.FE.ZS","78.7720186154959","79.4626761941368","79.5214843532985","79.8407987527009","80.6066748972403","80.8214405078139","81.1919726925509","81.3837996516978","81.4591945381553","81.1688661705953","81.7981070095035","82.0870859048185","82.5456358880143","82.8226988544163","83.2380246385928","83.4158817848731","83.7254024274374","84.1514491699246","84.3578441065562","84.5989178232561","84.7677878121658","85.0340574367879","85.349398998896","85.4392005673938","85.749331682249","85.9458757709382","86.1926873505887","86.4106694325109","86.6288504082905","86.8346628176699","86.9315116635363","87.0367189409149","87.3210497375749","87.4248721173326","87.6672164083673","87.8358903720805","88.0952772252861","88.3754056057875","88.6491459229875","88.9204495844307","89.1537045360885","89.3845852286614","89.5435470432954","89.6839224850328","90.0388775715764","90.1650875376307","90.3828973173799","90.5121739865298","90.6238278345294","90.7663037499049","91.0079057839021","91.1367723552188","91.2999811011961","91.4446048134338","91.6316755378587","91.5959118663268","91.7483677879659","91.8109526765279","91.8622418706857","92.0668115875377","91.7751067774413","91.3237965479051","91.8346792562273","92.4963078973709","92.5916007276039","",
"Fragile and conflict affected situations","FCS","Survival to age 65, female (% of cohort)","SP.DYN.TO65.FE.ZS","45.605269172712","46.0604321081208","46.4848661648265","46.8500890554623","47.3478894034967","47.6968569673716","47.8051376141741","48.309315662157","48.8153378444787","49.0291108973213","49.484430870909","49.8799015087705","49.9381211686735","50.505474904152","50.644705129027","50.9351540207257","51.3515315475851","51.9824040824982","52.1480402991919","52.465346542499","52.8891861143565","53.161024488709","53.1771101089777","52.3336041049566","52.2419580642312","52.4150832794072","53.0567971384902","53.9632640089438","53.7887624159977","53.9829087498845","53.9416356316666","53.7090281453087","53.7951120006455","54.2755327351972","54.5252543612656","54.3486848279102","54.2641653272145","54.5445697338584","54.5068877219267","54.9692020969523","55.4678118567539","55.6547755954987","56.216051572115","56.5840058948514","57.025517360756","57.6009633744679","58.3122548975388","59.1294686572666","58.7458349408536","60.4223473922176","60.8514707878891","61.5378609478787","62.2600659111286","62.8900453066787","63.1933702834172","63.5567670979239","64.0100822215917","64.4058382370992","65.1980817894276","65.7122628235625","65.4983383630073","64.0541299154357","66.5352458050489","67.518484210378","67.8864548542289","",
"Finland","FIN","Survival to age 65, female (% of cohort)","SP.DYN.TO65.FE.ZS","79.70377","79.596124","79.673792","80.253882","80.667377","81.162424","81.224791","81.908892","82.041096","81.748989","82.846859","83.040705","83.915757","84.908928","84.386492","85.008741","85.461463","85.972047","86.783515","86.809746","87.46043","87.679738","88.052343","87.694739","88.467186","88.467191","88.370003","88.160164","88.146585","88.521939","88.626558","88.937109","89.0793","89.354805","89.860354","89.864622","90.455144","90.031929","90.375665","90.492248","90.242781","90.756667","90.799884","91.064974","90.762149","90.360106","91.240809","91.171471","91.297805","91.324848","91.70358","91.912008","91.905596","92.307085","92.629391","92.984818","92.922511","92.817594","92.832487","93.139773","93.323884","93.082975","92.804719","93.263875","93.410038","",
"Fiji","FJI","Survival to age 65, female (% of cohort)","SP.DYN.TO65.FE.ZS","54.426543","55.825346","57.053082","58.074363","59.125837","58.734803","61.31448","59.870069","60.63794","59.182811","60.906978","61.025138","60.828194","57.636536","59.543759","61.518695","61.383299","62.515444","63.070549","60.491558","60.987671","59.334492","59.021582","61.115395","61.880824","62.140601","62.944027","63.55133","64.686731","65.155159","64.718951","65.299633","65.791321","66.142319","66.83016","67.305848","67.717561","67.93219","68.51386","69.141473","68.092333","68.109752","66.562738","66.743297","67.022964","67.556213","67.819567","67.816821","67.937641","68.130346","68.791609","69.03991","67.064418","67.78215","68.815026","68.653059","67.805629","69.236986","68.582877","68.506193","69.209864","62.886151","69.017991","69.301673","69.60556","",
"France","FRA","Survival to age 65, female (% of cohort)","SP.DYN.TO65.FE.ZS","80.575366","81.470897","81.06862","81.009305","82.015142","82.001501","82.449192","82.607637","82.729212","82.417139","83.438384","83.560172","83.737336","84.255835","84.702756","84.886221","85.300012","85.945004","86.109726","86.382091","86.597318","86.889358","87.198295","87.277452","87.750771","87.968509","88.15605","88.625159","88.757411","88.920727","89.267233","89.350249","89.573705","89.518066","89.822864","89.943997","90.088847","90.38572","90.46984","90.5974","90.799666","90.806043","90.940465","90.98773","91.272975","91.431845","91.50321","91.681771","91.655249","91.668992","91.841463","91.977456","92.080537","92.162555","92.329497","92.30183","92.345211","92.312028","92.358185","92.477377","92.450538","92.483859","92.822394","92.901907","93.002127","",
"Faroe Islands","FRO","Survival to age 65, female (% of cohort)","SP.DYN.TO65.FE.ZS","82.804621","83.812875","84.60008","85.238336","85.736811","86.130111","86.427536","86.649351","86.894396","87.030038","87.156634","87.296267","87.414299","87.51597","87.468681","87.484559","87.461258","87.56368","87.616945","87.644281","87.855117","88.159579","88.475318","88.787587","89.081325","89.346973","89.599115","89.809736","90.013627","90.200238","90.348295","90.467077","90.544725","90.604345","90.64138","90.678319","90.726798","90.797239","90.878903","90.97606","91.059203","91.141303","91.212891","91.264656","91.295699","91.339614","91.387966","91.47051","91.571161","91.689452","91.80508","91.937542","92.057343","92.177429","92.282896","92.376082","92.48037","92.581752","92.675513","92.772787","92.871011","92.73133","92.267145","93.180982","93.176043","",
"Micronesia, Fed. Sts.","FSM","Survival to age 65, female (% of cohort)","SP.DYN.TO65.FE.ZS","54.589902","55.522047","56.554497","57.472601","58.728856","59.485843","60.305875","61.269089","62.114368","62.903372","63.666166","64.300532","65.044544","65.589386","66.214148","66.688356","67.085027","67.382555","67.599409","67.732262","67.725921","67.828509","67.825747","67.835021","67.855349","67.900755","67.966455","67.791855","68.164463","68.336272","68.343273","68.533825","68.609915","68.682524","68.840391","68.869243","68.8785","68.945823","69.075226","69.141977","68.387957","69.159614","66.982016","69.151083","69.016603","68.963385","68.849609","68.745444","68.663363","68.606155","68.535873","68.60285","68.657931","68.737521","68.845561","68.753767","69.298776","69.738893","70.308632","71.059183","71.220687","71.036226","73.340367","74.068779","74.34841","",
"Gabon","GAB","Survival to age 65, female (% of cohort)","SP.DYN.TO65.FE.ZS","44.617117","45.461249","46.302802","47.130719","48.006055","48.867039","49.642076","50.43868","51.22163","51.988759","52.74508","53.48685","54.218636","54.943408","55.662387","56.494769","57.197501","57.871293","58.541544","59.303177","59.953032","60.564477","60.673538","60.889978","61.060173","61.20804","61.226799","61.211101","61.085932","60.980991","60.888837","60.854067","60.815297","60.801961","60.693843","60.764744","60.654155","60.829456","60.965334","61.221353","61.432073","61.733689","62.166196","62.457853","62.847283","63.304227","63.679774","64.588846","65.563299","66.421806","67.32294","68.074789","68.796421","69.459648","70.056904","70.357636","70.699235","71.09423","71.502324","72.168727","72.02951","71.393763","73.027325","74.567787","74.860019","",
"United Kingdom","GBR","Survival to age 65, female (% of cohort)","SP.DYN.TO65.FE.ZS","80.915318","80.720726","80.786892","80.73239","81.517675","81.589697","81.612537","82.194327","81.849288","81.596417","81.954012","82.295965","81.991479","82.374841","82.432251","82.736599","82.726164","83.226576","83.040119","83.181062","83.691283","84.16112","84.268895","84.615604","84.849259","84.896667","85.380125","85.497981","85.747029","85.997539","86.357642","86.824093","87.225037","87.226749","87.752491","87.80516","88.084836","88.302608","88.48375","88.575828","88.874827","89.099059","89.304086","89.330134","89.780492","89.916116","90.012421","90.170912","90.215967","90.555812","90.711675","90.986844","91.146196","91.250112","91.272054","91.252834","91.096972","91.370665","91.211809","91.361522","90.745061","90.662607","90.958933","91.146682","91.602815","",
"Georgia","GEO","Survival to age 65, female (% of cohort)","SP.DYN.TO65.FE.ZS","69.448542","69.949746","70.42643","70.931796","71.415916","71.931119","72.182761","72.657018","73.148877","73.634088","74.103333","74.551723","75.012597","75.466586","75.932939","76.403862","76.889924","77.390752","77.96529","78.454068","78.873451","79.518952","80.087389","80.44169","79.495268","79.7776","79.845106","80.059178","79.348082","79.457324","79.524614","79.312404","78.908425","79.495845","80.744698","81.886197","83.095029","80.575509","80.927796","81.344684","81.291308","81.314348","81.364672","82.415843","83.931892","81.519396","84.370877","84.35291","84.907353","83.730491","84.512243","85.245175","85.618918","86.072648","86.31934","86.220917","86.207969","86.743117","87.138231","87.549722","86.589508","82.901648","87.716818","87.748007","87.952807","",
"Ghana","GHA","Survival to age 65, female (% of cohort)","SP.DYN.TO65.FE.ZS","44.195424","44.439033","44.663938","44.849609","45.256249","45.292035","45.30738","45.316376","45.302547","45.652548","45.416996","45.393604","45.841552","46.214603","46.485393","46.981828","47.448557","47.816485","48.306645","48.706073","49.056835","49.348623","49.416878","49.903663","50.558758","51.297046","51.951883","52.53338","53.213765","53.754905","54.123272","54.29269","54.527224","54.61673","54.492701","54.968123","55.387088","55.783685","56.197504","56.69627","57.097938","57.43206","57.864262","58.307447","58.768257","59.186205","59.677379","60.175662","60.720087","61.303963","62.017998","62.721015","63.396883","64.128119","64.998338","65.554071","66.162128","66.703345","67.314162","67.984748","67.961276","67.210056","69.697326","70.247296","70.601285","",
"Gibraltar","GIB","Survival to age 65, female (% of cohort)","SP.DYN.TO65.FE.ZS","79.084728","78.271347","77.856226","77.776218","78.120294","78.94227","79.914722","80.714501","81.162455","81.403883","81.456653","81.755257","82.111285","82.584252","83.031645","83.458163","83.667271","83.755281","83.833083","83.869474","83.971691","84.126277","84.422161","84.719765","85.170079","85.590753","86.046846","86.502686","86.942086","87.289154","87.626486","87.941788","88.148676","88.311339","88.484349","88.638503","88.771348","89.016082","89.30337","89.588201","89.928935","90.286055","90.530234","90.782918","91.058875","91.328021","91.598542","91.922323","92.233757","92.525268","92.784489","92.992919","93.151243","93.249943","93.312767","93.353065","93.406544","93.481873","93.584369","93.691103","93.713886","90.680645","93.920248","93.954416","93.977593","",
"Guinea","GIN","Survival to age 65, female (% of cohort)","SP.DYN.TO65.FE.ZS","30.794905","31.092267","31.346498","31.609461","31.904108","32.215774","32.554651","33.101423","33.518605","33.892275","34.271264","34.67051","35.083349","35.152557","35.567427","36.097607","36.62881","37.187448","37.817539","38.427601","39.085672","39.680441","40.291094","40.631608","41.412538","41.905717","42.25088","42.514373","42.761312","43.062117","43.398291","44.151785","44.632665","45.328006","45.627978","46.362759","47.192486","47.733382","48.155789","48.527827","48.830915","49.092796","49.582553","50.109983","50.708607","51.48243","52.317206","52.922534","53.788085","54.455514","55.130656","55.752587","56.389869","56.955552","57.073163","57.39609","58.258845","58.688248","59.134773","59.603533","59.440615","58.680159","61.249598","61.687309","61.977944","",
"Gambia, The","GMB","Survival to age 65, female (% of cohort)","SP.DYN.TO65.FE.ZS","26.370314","26.930799","27.585525","28.134048","28.698355","29.259099","29.812406","30.436418","30.938711","31.504335","32.223003","32.868738","33.456937","34.210688","34.826421","35.599307","36.56233","37.204938","37.276933","38.807443","39.103658","39.631536","40.739184","41.747573","42.594834","43.436127","44.405569","45.261919","46.524262","47.291993","48.183958","49.068053","50.232239","51.466979","52.422719","53.405187","54.293073","54.856995","56.25545","56.825348","57.241851","57.5337","57.91249","58.411892","59.034377","59.378006","60.067668","60.207494","60.71016","61.019502","61.562245","62.090209","62.562455","63.059103","63.564045","64.243896","65.089516","65.670214","66.278644","66.958847","67.035374","65.192875","67.478301","69.625232","69.979531","",
"Guinea-Bissau","GNB","Survival to age 65, female (% of cohort)","SP.DYN.TO65.FE.ZS","32.817284","33.103875","33.406778","33.035098","33.332572","33.624705","33.93643","34.285659","34.661914","35.03122","35.40753","35.792988","36.179955","36.590135","37.866002","38.288463","38.705932","39.134527","39.568928","40.002602","40.432561","41.029942","41.60749","41.902416","42.438474","42.862212","43.147969","43.51448","43.963031","44.447954","44.463317","44.76958","45.087985","45.409891","45.015282","46.068862","46.175163","44.503346","46.66689","46.206553","47.913992","48.405033","48.961137","49.598949","50.311345","50.1912","51.95054","52.898667","53.358543","54.849394","55.889097","56.874575","57.816852","58.794334","59.810037","60.808641","61.74472","62.682834","63.556391","64.465971","62.621186","62.371078","67.107817","67.981316","68.26618","",
"Equatorial Guinea","GNQ","Survival to age 65, female (% of cohort)","SP.DYN.TO65.FE.ZS","41.89136","42.215868","42.541329","42.867466","43.192957","43.52002","43.853666","44.177491","44.49958","21.377901","21.418604","31.122251","43.277453","43.523355","37.932277","30.809694","19.973508","38.364274","38.758711","42.975639","49.904225","49.600859","51.016166","50.957346","50.62722","50.773508","50.685921","50.412146","50.315081","50.062574","49.86858","49.709876","49.484263","49.413791","49.315448","49.297719","49.338812","49.58176","49.83432","50.202173","50.73101","51.184236","51.778703","52.420093","53.187885","53.721168","54.534632","55.244845","56.106467","56.866029","57.59688","58.314685","59.126064","59.931874","60.73466","61.361306","62.131272","62.92783","63.657984","64.310342","64.07088","63.816213","66.153036","66.790298","67.141624","",
"Greece","GRC","Survival to age 65, female (% of cohort)","SP.DYN.TO65.FE.ZS","80.032079","79.282573","79.184942","79.736211","79.647827","81.207613","82.03449","81.122122","81.370508","82.337285","83.493545","83.734095","83.578512","84.011332","84.607186","84.854824","85.449499","85.513118","86.43486","86.743141","86.736864","87.218598","87.592107","87.964373","88.322953","88.601761","89.122662","88.692146","89.77794","90.000329","90.214307","90.350116","90.392051","90.754788","90.984578","91.076658","91.33757","91.581959","91.516802","91.644661","91.782324","92.151697","92.246176","92.249744","92.501174","92.7986","92.805019","92.714769","92.996297","93.252599","93.24329","93.368434","93.180093","93.584239","93.584979","93.3215","93.551877","93.344051","93.708296","93.564455","92.879464","91.921392","91.807771","93.954522","94.005399","",
"Grenada","GRD","Survival to age 65, female (% of cohort)","SP.DYN.TO65.FE.ZS","67.393598","68.137694","68.411808","68.225628","68.728983","69.354747","70.327672","71.054135","71.103502","70.547681","69.882742","69.791494","70.51965","71.671259","72.749257","73.415423","73.604685","73.495329","73.299794","73.138617","73.064505","73.094349","73.22748","72.27641","73.773186","74.162413","74.614452","75.117704","75.662152","76.23545","76.828341","77.434183","78.048679","78.66397","79.260578","79.817853","80.317011","80.741196","81.076625","81.329447","81.514566","81.648384","81.74774","81.826271","79.632649","81.933228","81.968322","82.006901","82.067982","82.160294","82.268155","82.374062","82.4658","82.535493","82.57845","82.598316","82.602201","82.601556","82.614006","82.659541","82.737293","81.88435","82.913672","82.974558","83.153498","",
"Greenland","GRL","Survival to age 65, female (% of cohort)","SP.DYN.TO65.FE.ZS","60.561875","63.095195","65.307835","66.693014","67.680293","67.977388","67.542288","67.290095","67.293124","67.172495","66.493054","65.738112","64.563887","63.374577","62.571183","62.589367","63.358835","64.235758","65.136408","65.821043","66.120764","66.14334","66.166087","66.223635","66.376991","66.576623","66.80204","67.047134","67.234269","67.279576","67.281619","67.300476","67.235395","67.039004","67.028083","67.104591","67.305419","67.785194","67.864777","69.078469","69.999862","71.000634","72.014526","73.160476","73.326373","73.517536","74.094833","74.131455","74.195396","74.47143","74.822783","75.299466","75.840592","76.337758","76.722245","77.056203","77.396097","77.490301","77.525459","77.497339","77.335734","77.015735","77.093844","77.171603","77.439461","",
"Guatemala","GTM","Survival to age 65, female (% of cohort)","SP.DYN.TO65.FE.ZS","35.807302","36.239699","37.146667","37.59608","38.626853","38.896561","39.943157","40.452468","40.773561","40.332694","42.345279","45.960561","49.150052","50.906265","51.446275","50.802772","40.417046","55.316837","58.470834","59.351224","58.517038","58.563529","51.688693","60.44294","61.802766","62.990474","63.965554","64.640023","65.067067","65.277636","65.151939","65.145835","64.651425","65.109482","66.439415","67.785334","69.333641","70.65212","71.759738","72.650459","73.235842","73.710934","74.519915","75.095112","75.327208","75.031452","76.228913","77.065141","77.355504","77.618262","77.597789","78.129799","78.553767","78.593434","78.506818","78.212254","78.685688","79.284411","78.648225","78.985461","77.04727","72.488351","78.105203","80.316149","80.545902","",
"Guam","GUM","Survival to age 65, female (% of cohort)","SP.DYN.TO65.FE.ZS","60.507561","61.176556","61.38147","62.417447","63.168128","64.042293","65.199822","66.548791","68.04168","69.407752","70.478081","71.100574","72.068218","72.980395","74.1067","74.753306","74.863888","76.069456","76.727445","77.374281","78.01436","78.67743","79.325736","79.960697","80.419012","81.317403","81.648325","81.898853","81.489212","81.660242","81.489339","81.517686","81.451126","81.981329","82.433024","82.32434","82.112735","81.955179","82.413846","83.043913","83.714574","84.423791","85.049377","85.677486","86.105738","86.674809","87.032595","87.012532","86.63709","86.054613","85.554265","85.116019","84.761621","84.488897","84.221351","83.847951","83.554683","83.494753","83.692866","83.845836","83.374226","82.353033","84.564546","84.685727","84.669418","",
"Guyana","GUY","Survival to age 65, female (% of cohort)","SP.DYN.TO65.FE.ZS","53.503889","54.173859","54.73837","55.279271","55.750305","55.847949","56.205897","56.490073","56.788239","57.067227","57.335856","57.590906","57.798774","58.023464","58.222891","58.421102","58.624214","58.990591","59.236141","59.480092","59.621127","59.910253","60.174716","60.534877","60.802065","61.068383","61.23636","61.59923","61.872945","62.178593","62.516485","62.884336","64.023052","64.187227","64.174588","63.526726","63.850917","64.479066","65.577602","66.041693","66.531397","67.0916","66.327525","66.142588","66.538199","66.46703","66.960591","68.168853","68.677401","69.288696","69.813697","70.404467","70.386099","71.137823","72.347495","72.971442","73.616101","74.428407","74.874888","75.298858","73.588172","65.078908","76.721148","77.170975","77.134887","",
"High income","HIC","Survival to age 65, female (% of cohort)","SP.DYN.TO65.FE.ZS","77.3090964034001","77.9242119349157","77.9858966426661","78.3256334532252","78.9847377191373","79.2038423235944","79.5152527676002","80.0607334326441","80.0671756799914","80.0624683772388","80.4497215163938","80.8999915570613","81.2163352378789","81.5108917847783","81.9081716610902","82.1869849255989","82.4802157969281","82.8199104361613","83.0391204220654","83.3818750261151","83.4030103865022","83.8514785630649","84.2063104824419","84.2758812698615","84.4998751734504","84.7564744110445","85.2756586771625","85.4822161158371","85.6560902106972","85.8670824196172","86.0152638629564","86.1270663630309","86.1987056324363","85.8038869321222","85.7749195929135","85.9792719601266","86.4812269288413","86.8815873400962","87.1725123995488","87.1297660722815","87.2520098348051","87.368331490539","87.3960686211925","87.4632972652083","87.8180477439008","87.9261872891744","88.3378248485956","88.6327374574979","88.8015307489318","89.0389835139459","89.1540659907506","89.4068532289855","89.6433295078501","89.8090122193636","89.9011453573062","89.9592898228091","90.0459320590945","90.2506677490095","90.3395801638354","90.459187458742","89.5565299628606","88.7063298144857","89.8406200359505","90.8691503493569","91.1092715950234","",
"Hong Kong SAR, China","HKG","Survival to age 65, female (% of cohort)","SP.DYN.TO65.FE.ZS","74.153981","74.982201","75.383781","76.477857","77.230615","78.130071","78.545071","79.361583","79.901218","80.539685","80.930711","81.167647","81.47764","82.253727","82.735263","83.111367","83.358457","83.812904","84.220875","84.700693","85.158114","85.715483","86.291318","86.856265","87.38587","87.835903","88.244573","88.622438","88.94129","89.216393","89.537786","89.803754","90.143417","90.467864","90.906133","91.306509","91.675196","91.884219","92.193589","92.461394","92.70819","92.917981","93.055126","92.965843","93.315121","93.434751","93.52708","93.629882","93.744329","93.844698","93.932358","93.984501","94.061716","94.10882","94.16854","94.196587","94.268081","94.360148","94.46427","94.539866","94.52865","94.421356","93.99224","94.623261","94.806393","",
"Honduras","HND","Survival to age 65, female (% of cohort)","SP.DYN.TO65.FE.ZS","42.575711","43.238461","44.543828","45.60554","46.808871","47.869757","48.960835","50.006063","51.024671","51.931015","52.910706","53.866309","54.932099","52.279527","47.510401","57.619869","58.735374","59.375851","60.183139","61.053601","61.977662","63.334143","64.90271","66.708517","67.146165","67.260888","67.79016","68.366497","68.769174","69.260062","69.886698","70.451206","71.023598","71.526192","72.194774","72.780249","73.304009","73.698909","62.379037","74.408393","74.867541","75.130686","75.412284","75.654382","75.886982","76.063938","76.370795","76.576225","76.716292","76.904861","76.754148","77.458208","78.095702","78.688151","79.187858","79.706308","80.242625","80.610165","80.935006","81.099921","79.455259","76.030826","82.010129","82.222568","82.471739","",
"Heavily indebted poor countries (HIPC)","HPC","Survival to age 65, female (% of cohort)","SP.DYN.TO65.FE.ZS","35.2859902391966","35.6709292023329","36.1629664918831","36.4758246036603","36.9999642330981","37.4761362350142","37.5451198269649","38.5151125584785","38.9703489494156","39.3601949125666","39.810125285846","40.0036149155568","39.6591796291515","40.4323739199428","40.538039318546","41.0166674219705","41.9969352277925","42.502089363549","42.8541360946936","43.3867590228406","44.0522920649608","44.4611169109866","44.7761084037639","43.2916901465732","43.3298099431251","43.6721390531157","44.6471389870719","46.1782185474839","46.2349219250013","46.3888956931658","46.3396333064794","45.9376330783287","46.0133505842219","46.6411284978331","46.4248545236693","47.2123882220129","47.2731729689739","47.6366917432545","47.6716655763685","48.3124782793762","49.019374332905","49.716878157844","50.4634500739116","51.2428331265938","52.0786865690091","53.0298086510937","54.2550165143627","55.3791763588704","56.4454261276546","57.2432867644505","57.8297989146477","58.9289877664712","60.3365078673219","61.3687563687082","62.2327319585005","63.178554115148","64.0471100712466","64.8345640285867","65.7663991347031","66.420965242951","66.4327985893172","64.7217331516049","67.7333729131846","69.2596663453932","69.6069288226607","",
"Croatia","HRV","Survival to age 65, female (% of cohort)","SP.DYN.TO65.FE.ZS","74.201116","75.26833","76.29069","76.952632","77.331584","77.853777","78.427228","78.761319","78.633607","78.899553","79.361795","79.839546","80.263523","80.719069","81.556049","82.157573","82.781567","82.834094","82.732067","82.359548","82.207178","82.050891","81.741473","81.859174","82.307992","83.150544","83.394369","83.564561","83.756463","84.333199","84.471172","83.679749","84.634166","84.995014","85.233716","84.90992","85.092442","85.122966","85.44072","86.089885","86.561797","87.303941","87.584883","87.555027","88.24338","88.758719","89.139788","89.206248","89.3781","89.525163","89.807381","90.018197","90.305041","90.47485","90.415725","90.632195","90.694797","90.735961","91.020467","91.108317","90.836464","89.532981","91.201191","91.617982","91.691282","",
"Haiti","HTI","Survival to age 65, female (% of cohort)","SP.DYN.TO65.FE.ZS","40.957493","41.365299","41.75328","38.398237","42.449888","42.89108","42.9241","43.643958","44.021755","44.383729","44.703826","44.974581","45.145295","45.322536","45.421043","45.524481","45.56962","45.61895","45.668573","45.722193","45.701678","45.924595","46.127541","46.421321","46.749776","47.142039","47.489081","47.917314","48.280885","48.699683","49.127589","49.648081","50.310387","50.99648","51.270476","52.84795","53.796999","54.797312","55.639981","56.694807","57.534925","58.327586","59.184331","60.032238","58.62462","61.927941","62.893393","63.621278","64.004267","64.744655","33.810805","64.600471","65.935437","66.682934","67.373371","67.898623","68.088815","69.179366","69.675096","70.181115","69.344311","66.220328","69.511575","71.881031","72.101404","",
"Hungary","HUN","Survival to age 65, female (% of cohort)","SP.DYN.TO65.FE.ZS","76.793488","78.106296","77.014068","78.165033","79.296247","78.984654","79.702664","79.696279","79.596193","79.38399","79.511122","79.044437","79.644366","79.647293","79.026185","79.530628","79.141886","79.902727","79.47134","79.273695","78.591513","78.703088","79.127486","78.539437","78.565556","78.593017","78.846333","79.42797","79.741159","79.056019","79.21827","79.290782","79.039364","78.718926","79.573129","79.846047","81.122032","81.305632","81.409736","81.612235","82.312039","82.933544","83.259156","83.166515","83.49632","83.81902","84.094331","83.859318","84.396709","84.561413","85.105201","85.283141","85.701347","86.115211","86.309156","85.900902","86.771154","86.605457","86.976075","87.281903","86.706774","84.033986","87.002624","87.999601","87.928247","",
"IBRD only","IBD","Survival to age 65, female (% of cohort)","SP.DYN.TO65.FE.ZS","42.9775481338795","46.2878794107201","51.6350537792166","52.3832239623732","53.1403780559368","52.9908275331759","53.8213325641243","54.6430693585884","55.5792302165853","56.2325634885437","56.8693955283066","57.7177623699894","58.4129369906798","59.4124191460296","60.2556486735686","61.1531800188529","61.5307473286279","62.8159530226335","63.5879061830918","64.3902319067434","65.1292522824945","65.9014663853186","66.6671336814518","67.4354100881707","68.1067916253587","68.7896743290271","69.5871913104121","70.2097636216559","70.703523858807","71.259356068377","71.5418398273528","72.1314911503814","72.5386839882865","72.920759381136","73.2581949287555","73.8179455025745","74.3888498901923","74.924216306646","75.4140328763524","75.741880110844","76.2501108604618","76.6859047810191","77.1864941533124","77.5953410695335","77.8971672211062","78.6420255538679","79.1367076608437","79.6539822819113","79.9475806097416","80.4780856624645","80.8297447120012","81.2843654605533","81.6659710013344","81.9776775434557","82.2852021890291","82.5478754193549","82.7719889947218","83.0646795779049","83.2830791974213","83.5057818658785","82.5451443493791","79.599539236702","83.8494560698838","84.2564553248884","84.4886755226011","",
"IDA & IBRD total","IBT","Survival to age 65, female (% of cohort)","SP.DYN.TO65.FE.ZS","41.8692088016422","44.7138068024789","49.2623475487234","49.9507606997874","50.7296246565534","50.6539679629802","51.4847330025883","52.305942716273","53.2175206735091","53.8592622907096","54.2347145582616","54.6790366494756","55.9261346038978","56.8780731286615","57.6271952478991","58.4133926404052","58.8570511849294","60.0365898595407","60.7847002602255","61.6315731048563","62.3700719900963","63.106006919225","63.8124408507764","64.3886816451028","64.9734507958729","65.5703762980037","66.3227288844343","66.9410313463016","67.3531898609344","67.8257929437914","68.0268722448945","68.3408989999767","68.7531567408834","69.0914445070994","69.3531985664558","69.8389007102117","70.3082072334335","70.7937660303527","71.2011377522865","71.5865097556899","72.1180790054418","72.5673846964886","73.090442173526","73.5367482317768","73.8628223645365","74.5857450490739","75.1858582875867","75.7361189055919","75.9818361055369","76.6064177712142","76.9702485532424","77.4397408387896","77.8563714277062","78.2023140430328","78.5094247743404","78.772032200359","79.0439628990553","79.3459053101279","79.6331769252887","79.8850603137732","78.9939650644449","76.3919019525417","80.2674712627088","80.7421907315864","80.9459078973583","",
"IDA total","IDA","Survival to age 65, female (% of cohort)","SP.DYN.TO65.FE.ZS","36.3149474288977","36.9193984834954","37.6020963786158","38.0588017133661","38.9953893192449","39.3064720005748","40.1493091385207","40.9665529480052","41.7607626464368","42.3530185651268","41.4479274555527","39.9193313423343","43.8465455841575","44.583422618568","44.9329936700109","45.255968272812","46.0916739779145","46.8118587341337","47.4472587924421","48.5220641952916","49.2891479015356","49.8727884478239","50.3311096297782","50.0337328795954","50.2321805542703","50.4638432620624","51.0601517593387","51.733210701661","51.8530011557028","52.0464947706863","52.0033232505026","51.2140457014225","51.8222444535565","52.1599330147758","52.2840180065472","52.6319562499954","52.8312536182267","53.2595610596985","53.4835990974215","54.2758545955705","55.066377621136","55.730415968831","56.5018831364651","57.2575472785821","57.8366661225904","58.6305687772696","59.8220777880401","60.7070327892307","60.9731546256301","62.1482556626927","62.7563896967344","63.4774051371494","64.2044138171538","64.8312718817716","65.3101670479093","65.7641459502772","66.4068783287302","66.9564299365448","67.6917903077735","68.2605678868744","67.814307323373","66.4912891888873","69.4330645672242","70.3246033922225","70.6330940632793","",
"IDA blend","IDB","Survival to age 65, female (% of cohort)","SP.DYN.TO65.FE.ZS","35.3245087301801","36.0089361946742","36.8074062277966","37.6822796896455","38.7360458857236","39.4817980476625","40.608070838634","41.2527878433095","42.6533846494413","43.4644773385373","44.3668880726696","43.7558731380718","46.182884576723","46.9426522760718","47.693267990099","48.5799715349918","49.3267122781118","50.2516027265297","51.200948956346","52.1214188474682","53.0713776377589","53.9718934779745","54.6426916313902","55.0130397378518","55.2322946924633","55.2389652835748","55.057706338017","55.0618155145523","55.0351034131945","54.951136671346","54.4103669100173","53.9992504748828","53.5750136142736","53.2819986135561","52.7954150874613","52.5120520689168","52.1855860231255","52.0727407059095","52.0433492075088","52.4011852037685","52.8722449867949","53.1189641118718","53.6734953632208","54.1806447046796","54.8895871761735","54.964224020678","56.4226557020063","57.2603844051003","58.0017370582135","58.6797778629973","59.2412327356466","59.7889495565765","60.2125245964853","60.6337653176528","61.0557121167785","61.3179834925303","61.7455293574752","62.1274358931486","62.5196011350059","62.8720531884746","61.9849441547966","61.3250710390127","64.0411252931321","64.5859079381999","64.8086942593759","",
"Indonesia","IDN","Survival to age 65, female (% of cohort)","SP.DYN.TO65.FE.ZS","43.096704","43.787862","44.70852","45.596746","46.767771","39.652041","45.256417","50.162631","51.141686","52.144636","53.307517","54.247011","55.082564","55.835992","56.650645","57.498944","58.170183","59.059625","59.684643","60.418711","61.053024","61.470565","62.499677","63.625777","64.434585","65.145204","65.636385","66.133222","66.307186","67.186941","67.426388","67.936961","68.667029","69.976866","69.812341","69.79584","70.006437","70.421389","70.654842","70.486289","70.892402","71.28765","71.957392","72.061815","68.478691","72.584676","72.713955","73.122668","73.342616","73.511711","73.591436","74.101167","74.498191","74.884932","75.302167","75.643985","76.006117","76.405721","76.65682","77.107534","74.566083","71.148763","78.013812","78.472893","78.739079","",
"IDA only","IDX","Survival to age 65, female (% of cohort)","SP.DYN.TO65.FE.ZS","36.7618381319295","37.3302247212128","37.9604661725262","38.2284565101195","39.1121302276585","39.2276099621872","39.943014971217","40.8378566905099","41.3593131049427","41.8525248133162","40.1300464072723","38.1823629573047","42.7854994976237","43.508296511636","43.6705294061219","43.7277123583538","44.595099311499","45.2091096011645","45.6869889335767","46.8223824474738","47.4754665677476","47.8735394746555","48.2097415236318","47.5769208454032","47.761511184944","48.09685339779","49.0710192044579","50.0706628342113","50.2570149299166","50.5835506291683","50.7841981132806","49.7960032372889","50.9291587549808","51.5885903444587","52.0236085066271","52.6930720301969","53.1614253265736","53.8687417352344","54.2253741710265","55.2438333736173","56.2029937761339","57.0887226646498","57.9758957167976","58.8634131114611","59.3790418556366","60.5541932602842","61.6087567382148","62.5240480149141","62.5455771160113","63.989280073088","64.6259418151336","65.4395900031116","66.3249961250484","67.0587391487514","67.5630557310838","68.1111231301144","68.8559835496594","69.4842986285388","70.392355371995","71.0659767328684","70.84324861046","69.1744522258458","72.2326512048829","73.3010452048483","73.6523511013986","",
"Isle of Man","IMN","Survival to age 65, female (% of cohort)","SP.DYN.TO65.FE.ZS","74.361209","74.343118","74.435371","74.626996","74.984795","75.400646","75.801206","76.1462","76.357147","76.495798","76.653476","76.830836","77.01545","77.321159","77.623902","77.962441","78.301389","78.69283","79.101127","79.570119","80.053073","80.518443","80.933527","81.3285","81.674952","81.956167","82.298677","82.703897","83.148564","83.523688","83.927558","84.200627","84.378265","84.437036","84.541361","84.548673","84.614004","84.701399","84.83068","84.951706","85.237496","85.59097","86.026111","86.484439","87.041953","87.532925","87.97136","88.386674","88.869115","89.239653","89.559145","89.781559","89.952499","90.056592","90.149813","90.272777","90.495898","90.713467","90.920531","91.14035","91.196799","91.024258","91.43045","91.471471","91.5242","",
"India","IND","Survival to age 65, female (% of cohort)","SP.DYN.TO65.FE.ZS","37.624476","37.912009","38.349579","38.817931","39.214179","37.711724","38.137043","38.502528","40.738713","41.145987","41.553512","41.945448","42.397394","43.006515","43.898453","44.674377","45.547958","46.417966","47.483392","48.550014","49.623712","50.711186","51.781013","52.824528","53.831765","54.78916","55.695739","56.534391","57.308859","58.044224","58.715349","59.345825","59.947073","60.464474","61.061754","61.626478","62.225093","62.883293","63.582574","64.346146","65.225404","66.01081","66.983219","67.877281","68.690518","69.61321","70.442493","71.204756","71.899672","72.51284","73.061406","73.548677","73.98395","74.355415","74.733864","75.070213","75.413346","75.757583","76.138822","76.558342","75.792373","69.548678","78.057246","78.593384","79.134621","",
"Not classified","INX","Survival to age 65, female (% of cohort)","SP.DYN.TO65.FE.ZS","","","","","","","","","","","","","","","","","","","","","","","","","","","","","","","","","","","","","","","","","","","","","","","","","","","","","","","","","","","","","","","","","","",
"Ireland","IRL","Survival to age 65, female (% of cohort)","SP.DYN.TO65.FE.ZS","77.244559","77.354371","77.722947","78.09398","78.060999","79.237806","78.274909","79.5278","79.241743","78.766633","78.911611","80.423503","79.866685","80.244062","80.256817","81.440276","81.619079","81.670903","81.612329","82.502145","82.353143","83.373504","83.484687","83.886938","84.094611","84.647262","84.460478","85.643689","85.373125","85.773982","86.175753","86.726986","87.014509","87.307866","87.746632","87.502011","88.256848","87.774768","88.36427","88.400809","88.536017","89.201863","89.941429","89.618989","90.036687","90.246194","90.461905","91.033142","90.870848","91.069496","91.715264","91.514601","91.667182","92.028527","92.338215","92.330427","92.666572","92.892109","92.844614","93.042661","92.956639","92.668084","92.998222","93.211835","93.411027","",
"Iran, Islamic Rep.","IRN","Survival to age 65, female (% of cohort)","SP.DYN.TO65.FE.ZS","34.618888","35.438889","34.962825","37.120478","38.035137","38.981459","40.053394","41.174742","41.205272","43.639014","44.970871","46.410779","47.310194","49.392406","50.940808","52.528154","54.142344","55.641922","54.381036","58.960703","60.36589","60.935922","62.813785","64.242612","65.985639","67.216004","68.345579","69.371732","70.405019","71.643622","68.91253","73.408107","74.203075","74.93148","75.739168","76.491516","77.256431","77.780917","78.811866","79.615465","80.408064","81.132561","81.861027","80.188996","83.158279","83.661893","84.236335","84.717424","85.156563","85.571131","85.960449","86.335692","86.681806","87.069412","87.441577","87.810256","88.174076","88.494312","88.856824","89.158387","86.266238","83.544947","88.979086","90.246226","90.214939","",
"Iraq","IRQ","Survival to age 65, female (% of cohort)","SP.DYN.TO65.FE.ZS","53.256616","54.83014","56.506089","57.973264","59.006839","60.859999","62.186706","63.357558","64.009609","64.962311","65.741082","66.637891","67.227644","68.083279","67.942767","68.538049","69.913045","70.447706","70.914776","71.338688","70.691327","70.287637","70.615411","70.920528","71.153948","71.365693","71.540809","71.682999","66.865775","63.537014","63.666799","68.542836","72.984179","72.623365","71.713185","70.683644","69.779057","68.58615","68.314136","68.463936","69.128101","70.049444","70.861196","71.220936","71.724712","72.235616","72.386503","72.830022","73.664945","74.254363","74.606837","75.155056","75.865429","76.472795","77.469477","77.973668","78.02529","78.673471","79.397608","79.685645","78.505532","78.313998","81.023534","81.455385","81.655056","",
"Iceland","ISL","Survival to age 65, female (% of cohort)","SP.DYN.TO65.FE.ZS","83.292728","83.389174","85.26616","85.482963","84.50955","84.912701","84.564295","84.39174","83.306224","84.061648","86.673657","82.734552","83.408426","84.805349","84.707734","86.200416","88.696961","88.002144","85.784942","85.093232","87.863199","88.935026","86.251229","89.28218","89.241806","89.797603","89.46281","86.794584","87.190705","87.827963","87.278365","89.115492","89.640557","89.778431","88.620158","87.964107","90.522122","89.337625","90.20467","90.413835","89.212144","91.05822","90.517658","91.764193","91.540232","92.223351","91.507911","91.803556","92.454987","93.378501","93.174991","92.60018","92.658558","92.463063","92.462536","92.398173","92.916715","93.685994","93.350032","93.100226","92.769329","93.233912","92.295747","93.154002","93.900372","",
"Israel","ISR","Survival to age 65, female (% of cohort)","SP.DYN.TO65.FE.ZS","76.505571","77.566656","75.300232","75.78449","75.616111","77.768451","78.89848","78.568711","79.10377","79.059474","79.411993","80.352872","80.165094","79.656468","79.76159","80.244244","81.680497","81.566644","82.038601","83.021422","83.867556","83.957562","85.688232","85.653234","85.924203","86.678276","86.749773","87.062753","87.784946","88.185511","88.386745","88.05206","87.959964","88.756073","88.847394","89.275829","89.447975","89.677003","89.95165","90.143324","90.479954","90.674194","90.643761","91.075415","91.695249","91.514334","92.064786","92.085446","92.296582","92.397403","92.692243","92.586037","92.981753","92.898053","93.10337","93.314607","93.253917","93.399752","93.635861","93.639073","93.725131","93.682824","93.913789","93.594853","93.612253","",
"Italy","ITA","Survival to age 65, female (% of cohort)","SP.DYN.TO65.FE.ZS","79.125694","79.983087","79.447381","79.663672","80.942859","80.986472","81.858384","81.92286","81.980923","81.723376","82.740809","83.198267","83.458325","83.747435","84.619602","84.786678","85.156458","85.842257","86.184774","86.574876","86.616277","86.956597","87.362021","87.426986","88.037697","88.287703","88.546518","88.800178","89.021253","89.443107","89.628997","89.617503","89.990034","90.126543","90.350093","90.55346","90.633377","91.021828","91.088295","91.584119","91.699469","91.881223","92.029183","92.211486","92.633854","92.768206","92.957594","93.014323","93.100863","93.089713","93.404834","93.360938","93.434717","93.624522","93.781949","93.587107","93.855143","93.707918","93.915228","94.055219","93.698479","93.700335","93.195625","94.397867","94.49189","",
"Jamaica","JAM","Survival to age 65, female (% of cohort)","SP.DYN.TO65.FE.ZS","67.350241","67.978459","68.415993","68.990511","69.523503","70.082113","70.561516","70.802374","71.231344","71.590191","71.921798","72.353742","72.812843","73.223925","73.629099","73.953958","74.25604","74.36331","74.472589","74.419574","74.572189","74.570751","74.503658","74.991236","75.238428","75.628879","76.028516","76.625533","77.030373","77.641552","78.016062","78.235449","78.355615","78.3637","78.225194","78.112247","77.846229","77.775234","77.809994","77.956079","78.211898","78.421807","78.859604","79.369584","79.522263","79.768852","79.752808","80.009362","80.182761","80.489425","80.721543","80.961766","81.002708","80.872658","80.695169","80.504976","80.323748","80.127191","79.965551","79.896803","79.916115","75.038288","79.884599","79.909217","80.155073","",
"Jordan","JOR","Survival to age 65, female (% of cohort)","SP.DYN.TO65.FE.ZS","47.860313","49.394832","50.893367","52.304709","53.815391","55.226353","56.153401","58.012464","59.399761","60.711668","60.62721","63.181114","64.20154","65.198359","66.148737","67.015538","67.793346","68.473672","69.230783","69.842213","70.453088","71.055587","71.795584","72.568644","73.36196","74.12737","74.958375","75.726744","76.440763","77.049251","77.56986","78.016072","78.430573","78.814629","79.256578","79.662389","80.078263","80.541454","80.892979","81.29485","81.71548","82.049599","82.392882","82.774843","83.081611","83.424508","83.816362","84.096808","84.305362","84.55068","84.666685","84.894294","85.147089","85.453408","85.890353","86.483021","87.168607","87.872278","88.429168","88.895973","87.798694","85.464946","89.132172","89.951776","90.099018","",
"Japan","JPN","Survival to age 65, female (% of cohort)","SP.DYN.TO65.FE.ZS","75.206378","76.422627","77.073963","78.684227","79.521777","79.854157","80.883012","81.452001","81.930052","82.417459","82.677781","83.791077","84.3756","84.829735","85.459418","86.096302","86.77282","87.378726","87.866562","88.340362","88.532996","88.9331","89.330439","89.523527","89.913686","90.119737","90.527912","90.807994","90.90519","91.149073","91.326069","91.432094","91.446664","91.567443","91.864578","91.628768","92.055757","92.17549","92.217915","92.279638","92.580952","92.783888","92.921306","93.016144","93.038423","93.066322","93.265699","93.352465","93.424379","93.629151","93.602938","93.068156","93.843806","93.93298","94.002517","94.234027","94.289665","94.484074","94.461402","94.508641","94.569141","94.567238","94.356001","94.718932","94.866748","",
"Kazakhstan","KAZ","Survival to age 65, female (% of cohort)","SP.DYN.TO65.FE.ZS","64.510603","64.89281","65.273959","65.652427","66.02664","66.395159","66.756777","67.098612","67.437297","67.770144","68.097597","68.412036","68.714649","69.008643","69.299298","69.588058","69.885539","70.219124","70.582853","70.99359","71.463593","72.004052","72.614315","73.251449","73.861722","74.399765","74.819844","75.07184","75.139597","75.03939","74.785152","74.395238","73.895403","73.323108","72.744627","72.179775","71.808408","71.577103","71.565041","71.756247","72.097723","72.543315","73.046005","73.565374","74.085154","74.674694","75.314032","76.039393","76.86855","77.798844","78.778869","79.795084","80.779065","81.705662","82.548923","83.305109","83.972929","84.555802","85.058904","85.488133","82.171904","81.146237","84.872952","86.713235","86.324734","",
"Kenya","KEN","Survival to age 65, female (% of cohort)","SP.DYN.TO65.FE.ZS","44.375069","45.528236","46.608615","47.496869","48.300974","49.072485","49.662128","50.062276","51.056474","51.65641","52.263345","53.070903","53.960026","54.839566","55.761333","56.659109","57.533961","58.417029","59.24141","59.804814","60.428064","60.906994","61.32793","61.8326","62.272787","62.564342","62.51939","62.440109","61.733757","61.015227","56.183944","55.095319","53.572014","52.231368","50.23001","48.937976","47.303986","46.837926","46.870574","47.100738","46.747212","47.490586","47.736765","48.476705","49.459086","50.445734","51.609106","52.476701","53.576858","54.574043","55.502287","56.348554","56.782335","57.239108","57.994842","58.765176","59.40726","59.917303","59.952879","60.064735","58.766956","57.939014","61.55462","61.577045","61.924557","",
"Kyrgyz Republic","KGZ","Survival to age 65, female (% of cohort)","SP.DYN.TO65.FE.ZS","57.74689","58.223471","58.699009","59.124536","59.535457","60.009257","60.525904","61.112846","61.575305","62.110975","62.503931","63.022117","63.62971","64.324393","65.018379","65.384409","65.616934","65.920207","66.427613","67.220102","67.915035","68.433995","68.82268","68.623721","69.156562","70.257764","71.957703","72.845419","72.904071","72.814246","72.363309","72.449522","71.780378","70.814019","68.847565","68.723808","69.512539","71.023667","71.910919","72.663616","73.345866","73.592965","73.208829","73.010292","73.087719","73.310685","73.669454","74.385781","75.659221","76.631906","77.202233","77.652393","78.194097","78.964803","79.685048","80.691725","81.755077","82.794942","82.508842","82.858831","79.533485","80.020462","83.671414","83.939127","83.742468","",
"Cambodia","KHM","Survival to age 65, female (% of cohort)","SP.DYN.TO65.FE.ZS","33.185183","33.953823","34.806946","35.608663","36.39886","37.169121","37.931101","38.863701","39.445583","40.154673","38.562189","38.92892","39.352535","39.410549","39.711842","0.857593","0.399984","0.330496","0.418348","42.433746","45.369739","46.221601","47.496235","48.298872","49.364718","50.412023","51.488406","52.931043","53.749727","54.503583","55.236879","55.385794","55.680571","55.978106","56.271404","56.945356","57.368703","57.981234","58.816498","60.023323","61.401334","62.869689","64.464625","65.910735","67.006979","68.120151","69.269021","70.197607","71.122899","72.156054","73.078533","74.071505","75.003319","75.753412","76.36082","76.845519","77.25644","77.597351","77.890043","78.154101","78.328804","76.407518","78.957722","79.13398","79.395714","",
"Kiribati","KIR","Survival to age 65, female (% of cohort)","SP.DYN.TO65.FE.ZS","42.378172","43.13891","43.982418","44.884452","45.821403","46.770859","47.820887","48.872161","49.870911","50.836159","51.82494","52.693734","53.244761","54.047802","54.550582","54.987723","55.339813","54.407857","55.914435","56.19735","56.502696","56.842545","57.225518","57.653562","58.127615","58.735529","59.418898","60.146275","60.905432","61.67543","62.450319","63.268229","64.023223","64.704722","65.314608","65.862572","66.387866","66.956606","67.484999","67.97368","68.414728","68.79885","69.121286","69.381117","69.584133","69.744165","69.875598","69.991191","70.097249","70.193948","70.272477","70.324002","70.342233","70.328818","70.290785","70.244428","70.212327","70.213842","70.260848","70.365331","69.349113","65.770396","71.03015","71.48917","71.738681","",
"St. Kitts and Nevis","KNA","Survival to age 65, female (% of cohort)","SP.DYN.TO65.FE.ZS","58.288051","59.301251","60.029106","60.836871","61.61498","62.238324","62.745703","62.998657","63.147387","63.398781","63.785148","64.57209","65.44021","66.294567","66.969021","67.431241","67.864995","68.168897","68.119659","68.20701","68.338404","68.414995","68.664164","68.971618","69.459373","69.551872","69.192859","68.46363","67.692013","67.427592","68.006879","69.103249","70.449107","71.619197","72.110745","72.351947","72.625274","73.1799","73.39205","75.470515","76.923474","78.311732","79.260611","80.1521","80.626769","80.857005","81.154192","81.289104","81.216981","81.193661","81.19437","81.199083","81.321266","81.511555","81.711969","81.958552","82.091679","82.214355","82.289336","82.500456","82.330898","78.535111","80.272183","83.253015","83.440773","",
"Korea, Rep.","KOR","Survival to age 65, female (% of cohort)","SP.DYN.TO65.FE.ZS","53.105941","53.927702","54.397682","53.995922","54.656488","55.639588","54.489102","66.131656","65.939187","66.568994","67.445124","68.283374","69.310891","70.220886","71.096144","71.920609","72.647116","72.38515","73.427502","75.539248","72.809097","77.20912","76.792524","76.045303","78.138818","78.862788","79.889319","80.212139","81.623701","82.290285","82.639925","83.298923","84.331828","85.202269","85.52497","86.140723","86.977673","87.684509","88.325938","88.912238","89.588879","90.319316","90.542427","90.711743","91.207719","91.612222","92.144783","92.434212","92.964395","93.35112","93.521708","93.851102","94.001245","94.44446","94.995647","95.19248","95.497911","95.761762","95.900151","96.123595","95.036582","95.300613","94.590854","96.428133","96.246607","",
"Kuwait","KWT","Survival to age 65, female (% of cohort)","SP.DYN.TO65.FE.ZS","63.883943","65.433544","67.01349","68.606673","70.19771","71.773623","73.321138","74.801768","76.173265","77.401906","78.461212","79.330122","80.01989","80.570575","81.019331","81.395437","81.74541","82.08385","82.438409","82.829457","83.275054","83.790322","84.382407","85.023676","85.67528","86.303516","86.880372","87.383289","87.800245","88.127234","86.962518","87.985796","88.516156","88.43576","88.288686","88.119145","87.97248","87.898568","87.950117","88.097565","88.310047","88.551618","88.788366","88.990021","89.154351","89.302127","89.453705","89.628401","89.844221","90.112413","90.433263","90.806152","91.229919","91.701546","92.210197","92.699935","93.196022","93.611586","93.948654","94.200936","92.336004","89.346851","93.041209","94.598272","94.186198","",
"Latin America & Caribbean (excluding high income)","LAC","Survival to age 65, female (% of cohort)","SP.DYN.TO65.FE.ZS","54.9341981726828","55.5625186607998","56.1590403284255","56.693058608367","57.4581543403323","58.2605381251471","58.9538423614808","59.7234369651216","60.0823814324597","60.4370866857232","60.1048934962614","61.4833176034823","62.0727774407872","62.8475864612728","63.4206542788035","64.3394976407379","64.7774692114652","65.8367524371062","66.5042778175732","67.1259544640381","67.7317553168961","68.3033898902078","68.7721102034286","69.5001307358111","70.1371778632813","70.3139746220859","71.394178149616","72.0062244783429","72.6188452307574","73.3298261351476","73.9035574504296","74.4696003476023","75.0109478030668","75.5514133977713","76.0603196967836","76.6300293475136","77.163459720124","77.7037818112971","77.9932656055037","78.6880464149473","79.1782601236668","79.6903351137696","80.1837345007394","80.6453439780871","81.0187014616994","81.5070362506599","81.8632563692738","82.1696065436349","82.4395557098504","82.6007570268649","82.4069527087913","83.2901414121957","83.5885037049522","83.8148484678245","84.0471590610016","84.2353877514587","84.2188432712304","84.4718600749996","84.6668439995111","84.8685474007287","82.0337174435002","78.8484659576008","84.05370682244","85.2446484240752","85.4912040308283","",
"Lao PDR","LAO","Survival to age 65, female (% of cohort)","SP.DYN.TO65.FE.ZS","33.780525","34.029574","34.647613","34.777235","35.093718","35.806778","35.930918","36.48999","36.929359","37.23057","37.608803","38.113746","38.438719","38.754004","39.125172","39.385093","39.272758","39.8017","40.331081","41.268124","42.504215","43.512653","44.526467","45.269483","46.109265","46.975039","47.811206","48.590495","49.45871","50.482199","51.192878","52.207158","52.769293","53.557179","53.854032","54.728351","55.389472","56.143508","56.512607","56.844656","57.708576","58.850535","59.698267","60.643207","61.761758","62.920949","63.707015","64.793935","65.562598","66.885172","68.011078","69.465153","70.457011","71.433631","72.393107","72.944025","73.553067","74.041745","74.479318","75.04371","76.285458","74.274301","76.463452","76.887871","77.314628","",
"Lebanon","LBN","Survival to age 65, female (% of cohort)","SP.DYN.TO65.FE.ZS","68.427278","68.895408","69.432959","69.845831","70.108207","70.407192","70.668236","70.905482","71.08499","71.243617","71.377113","71.499532","71.616519","71.746985","71.901439","69.244334","33.917503","65.004443","64.635021","64.13725","64.593031","65.062513","48.673139","69.622064","70.159642","70.656958","71.176391","68.131875","68.671079","75.699469","76.240481","78.190583","78.804775","79.726246","80.648612","81.310674","81.805042","82.373553","82.819342","83.379056","84.045761","84.868714","85.633457","86.263452","86.839606","87.370428","87.65135","88.202949","88.469219","88.800533","89.071624","89.315489","89.489909","89.58326","89.697665","89.831818","89.930042","89.873387","89.842542","89.796082","87.723492","85.523455","89.587873","89.416767","89.551791","",
"Liberia","LBR","Survival to age 65, female (% of cohort)","SP.DYN.TO65.FE.ZS","29.844662","29.911683","30.007264","30.248218","30.411057","30.725641","31.042759","31.46324","31.80976","32.337582","32.786874","33.153318","33.752887","34.139825","34.668018","35.161176","35.535895","36.000356","36.275646","36.717159","36.906271","37.150642","37.15413","37.36046","37.731835","37.328487","38.11456","38.273334","38.496246","38.869366","37.70303","39.635443","40.772764","39.951811","39.874581","42.396475","43.032825","47.324366","48.718729","50.274778","51.54337","52.987481","53.916584","52.889481","55.901656","56.878563","57.730294","58.516489","59.009497","59.375652","59.244584","58.938063","58.935161","59.044309","57.478661","57.349174","59.378568","59.794362","60.097179","60.469373","60.391071","59.261254","61.502448","61.913313","62.221011","",
"Libya","LBY","Survival to age 65, female (% of cohort)","SP.DYN.TO65.FE.ZS","37.188322","38.745154","40.433395","41.721555","44.149834","46.069708","48.150184","50.127812","52.043363","54.141613","56.190228","58.46343","60.538452","62.441434","64.361705","66.084441","67.664329","68.965808","70.219576","71.265438","72.091302","72.938155","73.672233","74.370602","75.035449","75.675251","76.293741","76.949281","77.435148","77.990147","78.467725","78.894971","79.258831","79.497082","79.680414","79.675945","79.486584","79.197498","78.84815","78.615591","78.444201","78.630796","78.899972","79.19796","79.495378","79.776785","79.9181","80.082634","80.298653","80.448701","80.643314","79.046798","81.082949","81.224065","81.027116","81.398916","81.755995","82.412689","82.874857","82.893314","82.093291","80.545127","84.365093","73.0595","77.567664","",
"St. Lucia","LCA","Survival to age 65, female (% of cohort)","SP.DYN.TO65.FE.ZS","59.852437","62.477682","63.689992","64.623702","65.692","66.272928","66.941747","67.663874","68.179882","68.411964","68.613763","68.666469","68.723402","67.454403","69.296912","70.753348","71.646992","73.538382","73.18992","72.39536","72.319357","74.351382","74.329914","76.470825","78.547585","78.54911","78.260177","76.333565","75.888556","76.611762","76.08199","76.863188","78.81934","79.169163","78.916589","79.081077","77.501887","75.7041","75.331728","76.329728","77.597794","79.870242","81.388862","82.508075","83.064439","83.284344","83.798462","83.730616","83.78612","84.210801","83.274557","83.10516","82.712051","83.07344","83.539116","83.982337","83.593248","84.188676","84.414965","84.016039","84.2494","78.900394","84.417774","84.410728","84.611533","",
"Latin America & Caribbean","LCN","Survival to age 65, female (% of cohort)","SP.DYN.TO65.FE.ZS","55.844417981175","56.4506537697483","57.0813504532822","57.646224533191","58.3972746589093","59.2204047385499","59.9792348170996","60.7574891557042","61.1196499394945","61.4477186494183","61.2896780218277","62.6066125567905","63.2277798180883","64.0095866344461","64.6149114614776","65.5443745567028","66.0309959794635","67.0745837249936","67.7456715491378","68.3551657013037","68.9541619633247","69.5234140846955","69.9980837242022","70.7229953689839","71.3264798062156","71.4987052597675","72.5307920531646","73.0889169171963","73.6431242286241","74.2668560726466","74.8180448276496","75.3744164344854","75.8788016722447","76.3938061458881","76.8421410524185","77.3839726994198","77.8774964557508","78.4153676145403","78.7194475828103","79.3157359626422","79.8198349869625","80.2352547142472","80.7967863906068","81.1597222109087","81.5501313539873","82.00053548553","82.3363115016512","82.6618654357501","82.8588562498148","83.0097293945253","82.8599320322295","83.6768755175973","83.9413691679819","84.1467031971555","84.3490609684706","84.5408992787856","84.4748976820854","84.6538015916693","84.8782857939878","85.062299455313","82.4731278854578","79.4641935576053","84.2852949735294","85.4290683897816","85.6698611316753","",
"Least developed countries: UN classification","LDC","Survival to age 65, female (% of cohort)","SP.DYN.TO65.FE.ZS","34.7670841038593","35.2906926269849","35.9184677959063","36.1132199400626","36.9891933353484","37.0079934808604","37.7065927335232","38.600933855233","39.1075537393986","39.5793875021829","37.6149895483317","35.3791729024491","40.5126430297227","41.1559224146584","41.2786857254512","41.1092887554788","41.9565600187642","42.5208614541268","42.9701057469448","44.1349617474035","44.7574695516698","45.1761918999541","45.5741423371376","44.6554231409714","44.8270591483905","45.1550785081673","46.139685030767","47.1379150921435","47.2643497156521","47.6493181316893","47.7511142975114","46.6743611697375","47.8637929418666","48.6128034353881","49.1355182981961","49.8794910964284","50.3879711505194","51.1236791068848","51.5978808706624","52.5982278052422","53.5809770744713","54.5350094503711","55.4494068424906","56.4526264333845","57.3323335066267","58.2828736881244","59.4145259464729","60.3931768139984","60.4028007518221","62.1272497231","62.7212483971894","63.6634919666175","64.8065285199475","65.6853922715899","66.2438493461735","66.8869230937683","67.6522896164531","68.3286878452704","69.2951327946016","69.9492345460483","69.8049110089149","68.0584088347939","71.1497914851338","72.3341708262359","72.7037270913546","",
"Low income","LIC","Survival to age 65, female (% of cohort)","SP.DYN.TO65.FE.ZS","36.2609817680908","36.6854390098566","37.1732499778584","37.5847754266094","38.2256309652903","38.632509449308","39.1659165799447","39.6882303580823","40.1910786126617","40.6805013796936","41.2629293218523","41.6341214770683","41.6339718045548","42.5838327780281","43.373679904925","43.8605609136382","44.4186430538634","45.0302821339242","45.4849410633775","45.9459534178289","46.6004943986535","46.9077517834533","47.0486213136849","47.0496901612681","47.0277555347932","47.4632562969612","48.910360317215","49.0997644325299","49.4137677244443","50.1301527562636","50.4635069397819","49.8715509476999","50.0089056238125","50.8991165397594","51.2184209562404","50.269162031297","50.3407200308283","50.8107878809606","50.742716858814","51.8732553386391","52.550582308801","53.2454752712405","53.8477116863098","55.7620982587228","56.3413700124843","57.0834193929275","58.1149803134834","58.9436407792885","59.6895057515021","60.139430356059","61.0895190549158","61.1644040033348","62.1030904039271","62.8481619597951","62.9458444276292","63.3877291172348","64.1241394221756","64.6797938498621","65.9400133667959","66.6856103621818","66.5537636680714","65.0357909188214","67.4849811119723","69.2557590579223","69.5759713253317","",
"Liechtenstein","LIE","Survival to age 65, female (% of cohort)","SP.DYN.TO65.FE.ZS","82.18503","82.074491","81.718995","81.750053","82.019376","82.549663","83.626873","84.720229","85.591432","86.055649","86.478586","86.649922","86.885488","86.925605","87.038199","87.083176","86.935365","86.852956","86.581551","86.612841","86.727964","87.348673","87.821026","88.889073","89.616607","90.382717","90.833427","91.27552","91.419344","91.580435","91.633998","91.617237","91.554774","91.385538","91.231153","91.123814","91.099634","91.127319","91.300406","91.432619","91.600872","91.92065","92.225232","92.518958","92.961316","93.255528","93.407991","93.569934","93.737394","93.731152","93.759194","93.787113","93.774719","93.737394","93.799483","93.95211","94.062704","94.246514","94.392982","94.480749","94.439218","94.447431","94.524466","94.553673","94.601012","",
"Sri Lanka","LKA","Survival to age 65, female (% of cohort)","SP.DYN.TO65.FE.ZS","62.205151","63.074407","63.88784","64.694867","65.395195","66.273632","67.004999","67.822307","68.367272","68.821696","69.181934","69.382154","69.74534","70.112","70.53353","71.302819","72.165442","73.210981","73.968225","75.254367","76.150471","76.953879","77.644862","78.104291","78.696919","79.243355","79.699301","80.108982","80.532545","79.110672","81.35281","81.615558","82.017714","82.400031","82.732655","82.839291","82.889026","83.236717","83.602595","84.020134","84.749058","85.074224","85.454525","85.343675","75.205044","85.962054","86.068395","86.298808","86.637068","82.906732","87.481604","87.663192","88.037815","88.431238","88.762226","89.036095","89.185338","89.282711","89.602294","89.716672","89.961824","89.052764","90.438482","90.621742","90.569919","",
"Lower middle income","LMC","Survival to age 65, female (% of cohort)","SP.DYN.TO65.FE.ZS","39.4716259250171","39.990421374501","40.5798138839003","41.0049673334872","41.6751300450442","41.0527843397524","41.7901152591604","42.2763772583528","43.6532206819891","44.2708685688627","44.0300612046939","43.5529059672042","45.6417061496247","46.4376412635296","47.0822747429804","48.0177517425191","48.7857357745552","49.7201839777422","50.6505806265059","51.757658077675","52.6778536713069","53.5646426796762","54.3762263746851","55.1732834251135","55.8752878059589","56.4997724723721","57.1401639352929","57.7033228838203","58.2482777716396","58.7349554889783","59.1415448315496","59.2304231474275","59.8990768337743","60.2769868321662","60.6554084373656","61.0953699937755","61.5597280169444","62.0914633285573","62.6196093206689","63.347891008942","64.1174597071815","64.7681397445571","65.5771653952369","66.3196145270648","66.9153822750252","67.6875228127444","68.4696134369574","69.1770939574144","69.5163126248569","70.3390736423021","70.78460396323","71.3956583365674","71.8578320623163","72.2503593739693","72.6740288707933","73.0225934498259","73.4354064817541","73.8585678362946","74.1857038933388","74.5634835493805","73.8537555962637","69.9476216423691","75.6741024395125","76.1643062068381","76.5454379345279","",
"Low & middle income","LMY","Survival to age 65, female (% of cohort)","SP.DYN.TO65.FE.ZS","38.0289193655572","41.1853539126991","46.2890885263032","47.0029152427664","47.8087648860531","47.7342211324175","48.7059202042119","49.6236377368146","50.665995241394","51.4612847370393","51.8842888254015","52.3759805302902","53.8030181000373","54.8743525767218","55.7588233939653","56.6860865725325","57.1711861817674","58.5066635942549","59.3676761437066","60.3389740540115","61.1749477385344","61.9801562362855","62.7360712075076","63.5098176790225","64.2008183951232","64.8281390723789","65.5638091274458","66.1573428375702","66.6332358524013","67.1702592051802","67.4374028042308","67.7991520048832","68.3201949537293","68.8324314042744","69.1912716602142","69.5833563904282","70.0164911551362","70.4831904280812","70.8826838038844","71.3505312185484","71.9263163002419","72.4254576769901","72.9908610159574","73.5421323518503","73.8442608106925","74.5999869257005","75.1568558373601","75.6708389653874","75.9002794312894","76.5170978731702","76.9079776192102","77.3345390770334","77.7500736803698","78.0872280632257","78.39918848797","78.6557732586537","78.9268018941387","79.2126073538506","79.5061678491231","79.7645455205939","78.8982580851575","76.2679831802213","80.159306016608","80.59635761566","80.7969118665191","",
"Lesotho","LSO","Survival to age 65, female (% of cohort)","SP.DYN.TO65.FE.ZS","49.787234","49.957984","50.032857","49.875843","50.191152","50.313619","50.883189","51.242286","51.903503","52.477328","53.163997","53.823093","54.373639","55.033277","55.125634","55.981852","56.953628","57.978049","59.058463","60.159529","61.221422","62.213982","63.043081","63.872538","64.456349","64.771579","64.945639","64.753903","64.334742","63.54371","62.753098","61.741314","60.558059","58.986285","57.018807","54.357796","50.986237","47.280668","43.004653","38.504963","34.420447","30.825801","27.947231","25.680173","24.174847","23.186571","21.108475","23.060255","23.749006","24.945166","26.548028","28.638991","31.053305","33.51525","36.171963","38.453958","40.46575","42.515511","44.231497","45.575624","45.744324","42.5749","49.357239","50.599131","51.331999","",
"Late-demographic dividend","LTE","Survival to age 65, female (% of cohort)","SP.DYN.TO65.FE.ZS","41.3173898751714","46.6479029362998","55.5234973146343","56.3778664126724","57.2910515913534","58.0766719563703","58.7162998588617","59.4393335410889","60.06451126004","60.8834934291359","61.7688482327916","62.7497520768701","63.5709233095374","64.8675299057603","65.8135206767625","66.907812370646","67.1368365122266","68.7358368547963","69.5016836289419","70.2040857177911","70.8907844358149","71.6606549263521","72.3625446326346","73.0382597393227","73.6029880183182","74.204670443734","75.0586021677815","75.6617320708298","76.1368491966425","76.652013352124","76.9418212239668","77.5378360351464","77.9650156851209","78.2782448128583","78.6029276944817","79.1648928444006","79.8858481222055","80.4861723848068","81.0109664299639","81.2967935026106","81.7120912128362","82.1566848711981","82.5593083133475","83.1490478251603","83.4893665725504","84.0848156073894","84.6312951241332","85.1017957737718","85.2437847267958","85.8307437341088","86.148086668248","86.6214793663016","87.0010015833672","87.332885473711","87.6437739710932","87.9017838712946","88.1200524161938","88.39606039975","88.6440635192796","88.7892994629228","88.5162716734903","87.5653182349199","88.7998427983537","89.1311874938735","89.2019095625332","",
"Lithuania","LTU","Survival to age 65, female (% of cohort)","SP.DYN.TO65.FE.ZS","78.357097","80.185006","79.007542","80.285558","81.47354","81.572655","82.301897","82.888168","82.023671","81.742604","82.318665","83.556487","83.027108","82.646372","82.440142","82.302986","83.076277","82.051677","81.927748","82.327444","82.01975","81.87768","81.872229","82.222105","81.864146","82.115768","83.772391","83.637058","83.337002","83.118928","82.903355","82.036242","82.283976","80.575124","79.73004","79.836768","81.469658","83.298205","83.018431","83.723149","84.286146","84.112234","84.201135","84.018176","83.935584","83.392916","82.466012","82.099314","82.585952","84.744621","85.228981","85.495288","86.240419","86.089095","87.001212","86.850191","87.34833","88.195336","88.244198","88.670056","87.482324","86.147987","86.946075","88.405292","88.449115","",
"Luxembourg","LUX","Survival to age 65, female (% of cohort)","SP.DYN.TO65.FE.ZS","79.207851","77.821616","79.07019","77.749039","78.934051","79.876436","77.990546","79.25325","80.788308","79.934508","78.6969","79.461243","79.865379","81.070778","79.779062","81.548117","81.78701","82.611476","82.33143","83.297213","81.884164","82.721382","82.951257","84.472567","83.443545","84.216088","86.806452","85.27937","85.414576","85.785937","85.132473","85.760189","85.438369","87.096859","87.307195","86.751357","87.528698","86.546666","88.116284","88.100974","87.794713","88.173551","88.553255","88.776805","89.34885","89.154556","88.767049","89.831375","90.265275","88.931859","90.041399","89.981321","90.431603","90.30715","91.507204","91.452717","91.784525","91.143515","91.718531","91.139356","92.227162","91.897935","92.554041","91.809518","92.582306","",
"Latvia","LVA","Survival to age 65, female (% of cohort)","SP.DYN.TO65.FE.ZS","79.948439","80.90618","80.429273","80.61701","82.15783","82.263006","82.055964","81.635736","82.276058","82.117644","81.09977","81.89622","81.685632","81.227231","81.936888","81.044528","81.159719","80.961041","80.633436","79.879392","80.439523","80.267771","80.852056","80.630743","80.451633","80.347297","82.148198","82.238366","82.502442","81.430244","81.271919","81.019097","79.768105","77.456526","74.62177","75.743699","79.653476","80.477986","79.947638","80.531471","81.7217","81.463867","81.857375","81.545291","81.84182","82.256037","80.977988","82.115781","83.58868","83.892627","84.341517","85.207362","85.902796","85.709666","86.33193","86.536192","86.684114","86.972257","86.799659","87.167636","87.363545","84.585687","86.664956","87.90615","88.126154","",
"Macao SAR, China","MAC","Survival to age 65, female (% of cohort)","SP.DYN.TO65.FE.ZS","65.554189","66.63975","68.00353","68.782455","69.340007","70.350211","71.11843","72.074346","73.067501","73.888953","74.419467","75.552884","76.5764","77.458187","78.094819","78.92667","79.84082","80.455483","81.110091","81.918943","82.651178","83.460166","84.029255","84.609995","85.239653","85.955151","86.431897","87.055293","87.560457","88.180607","88.594598","89.068074","89.553788","90.02985","90.518576","90.986095","91.117326","91.982862","92.317492","92.689866","93.025781","93.344683","93.596868","93.709603","93.951973","93.958885","94.173342","94.411869","94.568163","94.848427","95.002495","95.073341","95.22856","95.372702","95.485098","95.660075","95.778449","95.60797","95.865722","95.786132","95.794194","95.262365","95.396243","94.404327","95.473586","",
"St. Martin (French part)","MAF","Survival to age 65, female (% of cohort)","SP.DYN.TO65.FE.ZS","76.796535","77.346222","77.918139","78.55522","79.216866","79.974614","80.831439","81.659565","82.413136","83.120576","83.782374","84.294961","84.723216","85.067211","85.325213","85.524704","85.686441","85.817349","85.962891","86.125164","86.306712","86.495773","86.694164","86.869175","87.046207","87.217939","87.404926","87.612653","87.843563","88.068833","88.301955","88.537241","88.7394","88.943959","89.162203","89.389951","89.621256","89.880254","90.142122","90.385756","90.604675","90.802352","90.98506","91.158039","91.327388","91.494052","91.654101","91.826975","91.991834","92.139511","92.318028","92.523207","92.696148","92.874635","93.076397","93.208087","93.302499","90.970492","93.424778","93.419785","93.426369","93.425709","93.421182","93.416876","93.517134","",
"Morocco","MAR","Survival to age 65, female (% of cohort)","SP.DYN.TO65.FE.ZS","32.451096","35.813327","36.445346","37.220771","38.054023","38.901621","39.730238","40.616986","41.441687","42.224507","42.968069","43.676308","44.387963","45.104828","45.868335","46.697152","47.694925","48.814521","49.986257","51.283034","52.676324","54.02043","55.389199","56.71299","57.941379","59.244297","60.483196","61.600422","62.640383","63.644731","64.560908","65.416177","66.183501","67.045204","67.855322","68.502161","69.302792","69.954052","70.645075","71.407906","72.111658","72.767093","73.380381","73.979803","74.452505","75.388735","76.209508","76.978875","77.683814","78.339065","78.934594","79.836118","80.676076","81.418798","82.067029","82.662042","83.208011","83.952492","84.610357","85.188442","84.155031","83.710012","86.611351","86.759027","86.979858","",
"Monaco","MCO","Survival to age 65, female (% of cohort)","SP.DYN.TO65.FE.ZS","82.814861","83.38467","83.757829","83.600931","83.89552","84.194928","84.697272","84.948","85.235513","85.263471","85.303819","85.254721","85.25573","85.229325","85.412376","85.829744","86.402174","86.8332","87.145863","87.253182","87.380628","87.51171","87.991282","88.629227","89.397723","90.278139","91.17612","91.99827","92.445791","92.771974","93.00759","93.337409","93.644319","93.905313","94.118513","94.282546","94.419043","94.538678","94.637131","94.713655","94.892754","95.205554","95.661788","96.000258","96.186779","96.136195","95.987069","95.798077","95.681519","95.635341","95.707691","95.829903","96.01996","96.193055","96.292119","96.346725","96.394599","96.4301","96.435983","96.412392","96.45942","96.165245","96.358221","96.505842","96.556375","",
"Moldova","MDA","Survival to age 65, female (% of cohort)","SP.DYN.TO65.FE.ZS","62.377878","62.943921","63.490145","63.952155","64.374556","64.744088","65.071878","65.33888","65.571432","65.885436","66.256966","66.686931","67.107444","67.492597","67.901622","68.307388","68.740421","69.170327","69.617675","69.923327","70.102487","69.992144","69.889307","69.943771","70.356004","71.196802","72.294716","73.463731","74.132576","74.38053","74.23736","73.938386","73.221739","72.752755","72.232278","72.154265","72.278136","72.775667","73.402286","73.999865","74.345813","74.529059","74.581072","74.632279","74.865502","75.258928","75.844177","76.442267","77.204264","78.059059","78.984537","79.568788","79.950263","80.003951","80.050936","80.03808","80.259021","80.630877","80.232113","80.172405","79.423762","78.640581","83.539976","81.427904","81.795595","",
"Madagascar","MDG","Survival to age 65, female (% of cohort)","SP.DYN.TO65.FE.ZS","35.406764","36.05924","36.591818","37.310344","37.885806","38.475402","39.502415","40.136403","41.030957","41.476198","42.392776","42.764694","42.898715","43.628046","44.401157","44.912199","45.337747","45.722457","45.957405","46.26925","46.195273","46.190595","46.763847","46.834376","46.998388","47.389847","47.880678","48.824569","49.452701","49.804591","50.011606","50.414406","50.793224","51.950226","52.611868","53.487309","54.316452","55.066853","55.919253","56.696837","57.204272","58.22446","58.927214","59.810229","60.578469","61.391095","62.179828","62.81203","63.716807","64.210414","64.742549","65.222733","65.49487","65.75284","65.942192","66.061117","66.165284","66.17187","66.268695","66.34214","65.055969","64.079585","65.418877","66.751041","67.09719","",
"Maldives","MDV","Survival to age 65, female (% of cohort)","SP.DYN.TO65.FE.ZS","32.3956","32.667863","32.981317","33.339276","33.773746","34.23615","34.772026","35.387124","36.133232","36.998129","37.988423","39.095631","40.350839","41.732888","43.230779","44.776215","46.351278","47.89478","45.21788","50.741304","52.061875","53.374057","54.699744","56.07491","57.473763","58.8597","60.191635","61.510225","62.835106","64.14257","65.455001","66.829543","68.241997","69.6532","70.972763","72.230555","73.479433","74.736986","75.955485","77.148548","77.922752","79.395736","80.764706","82.965024","81.987609","85.683701","86.562995","87.38907","87.734017","88.066497","88.61918","89.335225","89.924377","90.523765","90.707801","91.219856","91.493088","92.157011","92.606301","92.900518","91.431333","91.50352","94.051506","94.339318","94.028108","",
"Middle East, North Africa, Afghanistan & Pakistan","MEA","Survival to age 65, female (% of cohort)","SP.DYN.TO65.FE.ZS","38.1661630754329","39.2390537887798","39.8555665318304","41.1500725015268","42.338248542266","43.2823830123276","44.5523095141474","45.6686369851161","46.5428686492511","47.6895920003176","48.6544203095582","48.4298526310726","50.4465681926431","51.3900092224075","52.2808953714466","53.3184356734632","54.001733507719","55.489938708205","56.2456379575501","57.8997268234994","59.2062720470139","60.4034876853232","61.2401911532385","62.6279626411153","63.2263288735787","63.8996838210865","64.731085596413","65.3527552088498","65.9423019751683","66.5458236057285","66.609646672787","67.8295866310455","68.4191133368922","68.7728793788518","69.0940517758232","69.4634476181806","69.9710276902344","70.423772126365","71.0676361953821","71.8099969992034","72.4972017025895","73.1574447241795","73.7666956905705","73.9670312162212","74.8884641251499","74.8888006628737","76.00105794372","76.5339195424721","77.008765303805","77.3862228706177","77.7420106483833","78.0723036491945","78.2856570586225","78.6662426611875","79.1035320158763","79.4376210752369","79.8969838729195","80.3173082105024","80.6491210479104","81.0329165190888","79.3197736236888","78.166744761894","81.5348278313737","81.9875617728841","82.2216780098876","",
"Mexico","MEX","Survival to age 65, female (% of cohort)","SP.DYN.TO65.FE.ZS","50.819263","51.394117","52.244118","52.783524","53.928169","55.805233","57.051665","58.719222","58.603764","58.756481","59.083191","60.103898","61.117307","62.228626","63.584009","65.182851","66.31007","67.375631","68.307272","69.132614","69.85951","70.426933","71.093593","71.703999","72.250067","72.979038","73.81478","74.621466","75.192567","75.681476","76.280964","76.79976","77.124093","77.482636","77.889882","78.503167","78.987865","79.558231","79.969809","80.512632","80.90811","81.29887","81.483705","81.705039","81.841888","82.135958","82.379318","82.548772","82.441684","82.437021","82.689144","83.096276","83.396211","83.497645","83.592568","83.578413","83.514705","83.370242","83.453943","83.960793","77.421446","75.964264","82.972171","84.366997","84.730729","",
"Marshall Islands","MHL","Survival to age 65, female (% of cohort)","SP.DYN.TO65.FE.ZS","55.294522","56.04255","56.768119","57.529057","58.326647","59.040967","59.840367","60.604479","61.425845","62.097652","62.703645","63.251275","63.62425","64.073804","64.354746","64.474021","64.626664","64.849737","65.028285","65.254462","65.50822","65.773405","66.021053","66.240359","66.346237","66.309095","66.115876","65.74784","65.22972","64.656416","64.099604","63.632952","63.313173","63.252112","63.317855","63.543295","64.019815","64.617946","65.234866","65.836916","65.746919","66.497071","66.572203","66.554422","66.479535","66.372388","66.283196","66.172888","66.21806","66.338146","66.517444","66.808177","67.065598","67.342626","67.588691","67.965774","68.306618","68.660091","69.021802","69.388959","68.270458","67.305501","70.486513","70.844598","71.081271","",
"Middle income","MIC","Survival to age 65, female (% of cohort)","SP.DYN.TO65.FE.ZS","38.1336468432182","41.4543551178102","46.8370472165598","47.5708938550053","48.3883104221466","48.2849902449344","49.2819092431022","50.2211785223224","51.2937564691597","52.1055264302161","52.5167960985545","53.0134983618315","54.5226034652397","55.5996527719729","56.4907261700058","57.445976904801","57.9287409321931","59.3076089785364","60.1926840194177","61.1950667261829","62.0385441676509","62.8640964505594","63.6507752838967","64.4694501684123","65.2015913956425","65.8396605087695","66.5330085418543","67.1497264970916","67.6345791155172","68.1617674564923","68.4253794763764","68.8429689471222","69.3921371972946","69.8915065362718","70.2609947071918","70.740807719818","71.2005752834929","71.6702784484173","72.1047190636628","72.5414292420866","73.1180389022631","73.6124851762366","74.1864646991138","74.6638987590276","74.9590239286052","75.7270597941814","76.2677950005379","76.7775517029884","76.9878644172125","77.6314273755844","78.0002131905508","78.4677210917476","78.8614324865526","79.1817256516228","79.5216513663494","79.780374568683","80.0366368981488","80.324651757298","80.5677537221416","80.8125195635184","79.9104524007161","77.2092033778441","81.2449752882241","81.5903478835914","81.8015619531463","",
"North Macedonia","MKD","Survival to age 65, female (% of cohort)","SP.DYN.TO65.FE.ZS","62.885794","66.336306","63.311953","66.234676","67.657008","68.908933","69.927133","71.438948","71.141004","70.907837","72.299392","72.299068","72.701258","76.535787","75.611469","75.835608","76.930901","77.158782","78.079777","78.700022","77.750838","79.058221","79.092751","79.062045","80.478957","80.608777","80.135157","80.588647","80.74335","81.199285","81.407853","81.798605","81.478526","81.32273","80.902103","81.306901","82.602245","82.233228","82.236259","83.296344","83.626052","84.857577","84.732615","84.736266","84.787152","85.823934","85.305929","85.378636","86.192776","86.624984","87.027454","87.593539","87.065534","87.850291","87.927484","87.552843","87.719355","88.172682","88.800906","88.820051","85.679637","82.721363","89.610557","89.462221","89.754714","",
"Mali","MLI","Survival to age 65, female (% of cohort)","SP.DYN.TO65.FE.ZS","23.710621","23.897349","24.211439","24.341468","24.523687","24.892972","25.129149","25.54748","26.038472","26.293364","26.914765","27.306734","28.241014","28.943493","29.702082","30.303362","30.85745","31.63055","32.41209","33.275418","34.328383","35.340369","36.536161","38.194838","39.084409","39.74246","40.450924","41.184577","41.492754","41.725721","41.682246","41.893715","42.349842","42.686428","43.491872","44.077574","44.307142","45.300729","46.154862","46.817407","46.929047","48.180215","49.431477","50.54971","51.681389","52.524802","53.285009","53.947608","54.624676","55.127769","55.722375","56.291694","56.864466","57.490993","58.027058","58.590446","59.157583","59.693027","60.280698","60.81096","60.029568","59.660855","62.463528","63.03246","63.519187","",
"Malta","MLT","Survival to age 65, female (% of cohort)","SP.DYN.TO65.FE.ZS","75.237803","75.656049","76.783466","76.932695","77.758762","78.269544","78.563035","79.027258","79.371931","79.64122","80.01886","80.186497","80.677116","81.176559","81.835515","82.689961","82.863649","83.397978","83.500059","83.590175","83.417843","83.790321","83.872523","84.84404","85.454255","86.367971","86.978891","87.632409","87.901194","88.134989","88.141785","88.573705","88.995643","89.54502","89.691391","90.383124","89.914113","90.497944","90.609244","89.967391","90.115701","91.71296","91.033725","90.748104","91.729997","90.854953","91.546068","91.173763","91.71443","91.767535","92.414961","92.033403","91.620811","93.18898","92.787464","92.995614","92.51161","92.445013","92.318045","92.636471","92.807496","92.698","92.404497","92.992438","93.25856","",
"Myanmar","MMR","Survival to age 65, female (% of cohort)","SP.DYN.TO65.FE.ZS","38.32317","38.891337","39.886984","40.690435","41.749311","42.650985","43.812334","44.86822","45.65537","46.559499","47.344145","48.103438","48.646329","49.144458","49.675683","50.358175","50.954767","51.510925","52.014433","52.700313","53.224878","53.723007","54.357626","54.829856","55.257543","55.683053","56.12018","56.568965","56.94753","57.402658","57.878323","58.318196","58.970619","59.497695","60.127134","60.855175","61.966435","62.761627","63.404841","63.686892","64.148123","64.587496","65.029379","65.34125","65.605458","65.934573","66.37783","66.798361","53.460378","67.890988","68.524857","69.250232","69.840878","70.400618","71.169189","71.719173","72.261529","72.657809","73.175398","73.603067","73.788592","71.746903","74.30879","74.682552","75.079751","",
"Middle East, North Africa, Afghanistan & Pakistan (excluding high income)","MNA","Survival to age 65, female (% of cohort)","SP.DYN.TO65.FE.ZS","37.3171138188671","38.3828236903966","39.0175652403639","40.3232647502637","41.524549197701","42.433295465314","43.7049600443679","44.8298552308272","45.6990811724623","46.8601213558174","47.8204427861704","47.5231942402155","49.5945595055087","50.5410545647547","51.4273385890939","52.4638554344934","53.1117848908942","54.6352409325217","55.3765192792236","57.0546979890002","58.3728516926035","59.5908775421295","60.4006909398339","61.820955025504","62.4093357986989","63.0693927987567","63.9097415417372","64.5264952196331","65.1052265051376","65.705270714994","65.77955858947","67.0480913957247","67.6263230894943","67.9621220233077","68.2799056015929","68.6422849195448","69.1516159475017","69.5957087259964","70.2389871169458","70.985354682646","71.6721664523382","72.3337670640749","72.9508484485209","73.1307561959652","74.0800627764023","74.0622502470483","75.2138200710038","75.7467458251542","76.2084260090501","76.5731252618952","76.9303873272513","77.2476204357309","77.4278420454115","77.7876506308327","78.2144493288437","78.5208776953527","78.9751870853144","79.4055567526995","79.7594923450455","80.1751075417286","78.3480587858063","77.1758029092429","80.7211931859031","81.1230099299","81.3700460578894","",
"Montenegro","MNE","Survival to age 65, female (% of cohort)","SP.DYN.TO65.FE.ZS","73.316226","73.423712","74.041153","74.410023","75.376592","76.410386","77.39391","78.205266","79.055537","79.719383","80.164336","80.972168","81.649055","82.480098","82.130054","82.64604","82.799308","82.646591","82.457563","81.662214","83.125816","83.117715","83.352986","83.698573","83.91904","84.016004","84.59594","85.039231","85.429801","86.074922","86.453688","86.283936","85.993591","85.892581","85.368185","84.960997","84.73452","84.464612","84.238836","83.833475","84.024916","83.940337","84.265139","84.550035","84.926239","85.095101","85.711328","85.887512","86.177","86.736156","86.905808","87.207788","87.738114","87.698948","87.789607","87.257321","88.348005","88.188147","88.318929","88.705654","86.904349","85.696789","87.480954","89.262527","89.224239","",
"Mongolia","MNG","Survival to age 65, female (% of cohort)","SP.DYN.TO65.FE.ZS","39.190744","40.09623","40.987037","41.959663","42.90816","43.854317","44.767141","45.864047","46.857197","47.813154","48.807073","49.80112","50.762594","51.617784","52.385381","53.012416","53.509773","53.894901","54.198705","54.478441","54.772015","55.1031","55.465214","55.844781","56.24186","56.647513","57.090581","57.587669","58.157858","59.1185","59.988014","61.32127","62.139801","62.609688","62.487987","61.854824","61.372699","61.119686","61.997275","63.429412","65.479973","66.797951","67.750151","68.241901","69.226591","70.571759","72.345429","73.801221","74.453641","74.468094","74.569524","75.123584","76.07477","77.021742","77.733442","78.789103","79.864669","80.875052","81.63143","81.845723","81.373446","77.768333","83.016925","83.325549","83.48194","",
"Northern Mariana Islands","MNP","Survival to age 65, female (% of cohort)","SP.DYN.TO65.FE.ZS","62.303662","62.686081","63.168353","63.796209","64.306509","65.038214","65.758303","66.515022","67.283163","68.022704","68.749592","69.492301","70.329768","71.157834","72.1035","73.026844","73.796543","74.488266","74.687347","74.725515","74.532296","74.257033","73.923361","73.412976","73.086028","72.728235","72.395735","72.279965","72.390441","72.923184","73.956745","75.327037","76.947999","78.649784","80.275552","81.771873","83.149719","83.895055","84.35265","84.456597","84.258564","83.85804","84.220493","85.019819","85.566655","86.806094","87.739651","88.252147","88.553806","88.653875","88.60892","88.551605","88.464546","88.383758","88.33839","88.32298","88.364275","88.458869","88.33511","88.804921","88.983767","88.988328","89.500962","89.776408","89.9171","",
"Mozambique","MOZ","Survival to age 65, female (% of cohort)","SP.DYN.TO65.FE.ZS","35.977774","36.330399","36.699919","36.985565","36.740535","36.975079","37.124379","37.29435","37.456007","37.735135","37.895103","37.962925","38.114129","38.373134","38.625227","39.178381","39.324255","39.403613","39.470813","39.371757","39.482764","36.360629","36.533198","36.270701","35.459808","35.384192","38.080256","37.992711","38.625916","38.754386","39.16006","39.644295","39.979851","40.574389","40.733986","40.860964","41.378571","42.340304","42.032461","42.348141","42.820479","43.826673","44.542735","44.693057","44.826759","44.976982","45.032749","45.627025","46.373927","47.370034","48.532062","49.955263","51.526895","53.212335","55.023383","56.846977","58.67007","60.385988","62.105057","63.510173","64.175446","61.318166","68.419986","69.982754","70.301708","",
"Mauritania","MRT","Survival to age 65, female (% of cohort)","SP.DYN.TO65.FE.ZS","37.404012","38.442554","39.481407","40.698957","41.938965","43.150164","44.358007","45.589261","46.884185","47.864972","48.51332","48.775279","49.206201","49.42871","49.951772","50.419798","50.7122","50.956402","51.246391","51.768703","52.188136","52.748592","53.444993","53.843399","54.598342","55.359617","55.957914","56.911509","57.566091","57.758907","58.152134","58.339312","58.835553","59.009268","59.038787","59.123634","59.176924","60.264751","61.512613","62.424328","63.469605","64.630403","65.671859","66.670471","67.422429","68.50727","69.439031","70.067413","70.628911","71.022848","71.121638","71.20087","71.016186","71.045711","71.416489","71.77199","72.098637","72.355689","72.871815","73.289239","71.92177","71.044057","74.497308","74.848496","75.230746","",
"Mauritius","MUS","Survival to age 65, female (% of cohort)","SP.DYN.TO65.FE.ZS","58.284907","60.43715","61.223929","62.254222","63.347622","65.189983","65.771158","65.098951","65.382999","66.233678","68.037791","68.262569","68.647312","69.209176","70.70482","70.92543","71.155354","72.157553","73.252382","74.324477","74.474544","75.359628","75.911199","76.985112","76.768913","77.088739","76.822783","77.514231","78.062745","78.826631","79.292148","79.58025","79.233644","79.172508","78.876491","79.62013","79.784222","80.274105","80.398699","80.568467","80.574163","80.441624","80.406325","80.928752","81.354361","81.768967","82.02058","82.316841","82.699393","82.977498","83.408967","83.789602","84.247145","84.259047","84.400834","84.20899","84.463311","84.832544","84.294421","83.894411","85.121873","82.574545","83.647379","84.679928","84.908551","",
"Malawi","MWI","Survival to age 65, female (% of cohort)","SP.DYN.TO65.FE.ZS","30.584581","30.877656","31.226222","31.426639","31.386498","31.323523","31.258785","31.317826","31.190108","31.262202","31.582355","31.741882","32.390468","33.509918","34.657559","36.06885","37.570108","39.091738","40.9828","41.614384","42.628077","42.975838","42.605856","42.775735","42.397839","41.741939","40.922034","39.62296","38.211604","37.492777","36.877947","35.970653","35.074505","34.160446","33.614214","32.708717","32.617436","32.500001","32.072466","32.972073","34.389604","35.231836","36.460285","38.615012","40.817369","43.274364","45.083571","46.394386","48.106901","50.24586","52.725245","55.123553","57.33084","59.579879","61.299935","62.579318","64.546677","66.393587","68.233832","69.241253","69.982028","67.94348","70.76417","73.487726","73.837196","",
"Malaysia","MYS","Survival to age 65, female (% of cohort)","SP.DYN.TO65.FE.ZS","52.916687","54.341049","55.762635","57.221251","58.765588","60.070205","61.011473","61.607962","62.36695","63.213821","64.009838","64.878994","65.733552","66.646915","67.538906","68.439994","69.698811","70.942067","72.097835","72.825594","73.510411","74.144158","74.769497","75.38457","76.066699","76.813671","77.456066","77.941485","78.258885","78.594751","78.96889","79.396481","79.914147","80.418673","80.976183","81.353767","81.695275","82.045723","82.225564","82.299166","82.676195","83.122865","83.607507","83.968486","84.296086","84.666382","84.923734","85.109117","85.224444","85.299931","85.378786","85.466237","85.510679","85.440159","85.354187","85.296609","85.36389","85.491246","85.660071","85.829278","86.017692","82.9861","85.117692","86.555141","87.108288","",
"North America","NAC","Survival to age 65, female (% of cohort)","SP.DYN.TO65.FE.ZS","78.4231317812923","79.047336972605","78.8223505870995","78.6381915931031","78.939938074188","79.16569484068","79.3470007233342","79.695357375743","79.3440662160939","79.768236051748","79.9225847114374","80.387679846086","80.6267404233717","80.851737002713","81.5001450114826","82.1377220329109","82.5026410675184","82.8745669643791","83.1284024289561","83.6730037722129","83.6507187628619","83.9383500982773","84.3148211195945","84.426292891026","84.5652341932767","84.6238081471292","84.7743466489374","84.8907343531465","84.8913236862801","85.1902654035004","85.4846377009569","85.6056025606554","85.8706986812413","85.7305560273671","85.8765187712136","85.9441122353003","86.2003559480569","86.4601700790638","86.7214462712146","86.7566158478122","86.8655995848836","86.9220483900413","87.0086036887533","87.0614484818696","87.4048312183157","87.4498378148888","87.6356824232094","87.8874812242642","87.9851880042571","88.0919855635446","88.4090272922442","88.3865246586076","88.4307376803846","88.4152316450068","88.2699301570239","88.1557676749323","87.9656455300222","87.9812547277411","88.1549734557353","88.2561424471483","86.6473283489673","85.3333004339496","86.9351262361094","88.527669827766","88.8861781663837","",
"Namibia","NAM","Survival to age 65, female (% of cohort)","SP.DYN.TO65.FE.ZS","45.564197","46.60232","47.554071","48.363313","49.285054","50.121025","50.881834","51.677667","52.601461","53.356554","54.137833","55.123015","55.975118","56.945467","57.890048","59.202291","60.069138","61.213481","62.324462","63.142177","63.085104","63.715012","64.362051","64.403684","64.644455","64.758569","64.787177","65.006232","64.155599","64.252215","63.15416","61.359097","59.208459","56.813189","53.900891","51.220437","48.65719","46.302288","43.646427","42.093355","39.242018","37.300063","37.11696","36.589078","37.236023","37.698619","39.395488","41.382699","43.108786","43.964631","45.458941","47.117584","49.742952","51.324456","52.999675","54.752342","56.912115","59.135624","61.540134","64.030135","65.669756","57.780429","65.976025","72.787011","73.014525","",
"New Caledonia","NCL","Survival to age 65, female (% of cohort)","SP.DYN.TO65.FE.ZS","51.181941","52.312498","53.454198","54.615864","55.804691","57.026179","58.280987","59.545311","60.78815","61.984147","63.113188","64.160049","65.007826","66.046449","66.933904","67.813825","68.705729","69.621423","70.557632","71.509142","72.471455","73.288327","74.410031","75.351429","76.231663","77.022385","77.699047","78.240373","78.661057","79.01001","79.3366","79.690232","80.119244","80.64535","81.233673","81.843551","82.438603","82.987438","83.467204","83.882023","84.244808","84.568178","84.864862","85.089274","85.428099","85.715946","86.019441","86.345857","86.701515","87.081528","87.460461","87.812999","88.116513","88.35029","88.500904","88.588784","88.644174","88.69666","88.775588","88.908362","88.489216","86.265772","88.078037","89.599967","90.020387","",
"Niger","NER","Survival to age 65, female (% of cohort)","SP.DYN.TO65.FE.ZS","27.426916","27.667656","27.732412","27.959949","28.061148","28.051933","28.011203","27.964024","27.873192","27.799153","27.854354","27.008114","28.102009","28.594853","29.282284","30.041214","30.881411","31.758005","32.649965","33.580753","34.21037","34.42301","34.730592","34.937461","35.038396","35.387521","35.710094","36.205206","36.851492","37.569952","38.401203","39.30117","40.358705","41.33791","42.292972","43.279376","44.147632","44.996676","45.706332","46.325736","46.993003","47.703966","48.536958","49.679307","50.739999","52.010851","53.296339","54.558679","55.785487","56.69139","57.628447","58.546129","59.202258","59.91549","60.596953","61.07888","61.734889","62.26161","62.685572","63.172691","62.94059","61.454938","63.357675","65.118976","65.518157","",
"Nigeria","NGA","Survival to age 65, female (% of cohort)","SP.DYN.TO65.FE.ZS","30.997605","31.304642","31.409932","31.658345","31.89438","32.222709","32.29514","31.575822","33.034336","33.287561","33.872704","34.706109","35.743821","36.568878","37.533901","38.464792","39.064215","39.938076","40.669914","41.215828","41.561583","42.115469","42.318307","42.15086","41.905833","41.57545","40.88593","40.682936","40.590745","40.550343","40.262388","39.915145","40.054451","40.620995","40.454991","40.396309","39.982638","39.734626","39.388423","39.806427","40.449652","40.510732","40.783243","41.466849","42.04245","42.832136","43.212506","43.926058","44.233619","44.763397","44.991047","45.035238","45.217694","45.418185","45.575087","45.356881","45.598159","45.879899","46.26225","46.718417","46.560875","46.78891","48.329747","48.847989","49.134882","",
"Nicaragua","NIC","Survival to age 65, female (% of cohort)","SP.DYN.TO65.FE.ZS","40.592525","41.817594","42.885254","44.133867","45.586638","48.308648","50.763738","52.908169","53.63457","54.363032","55.086877","55.703423","42.824375","57.076572","57.773842","58.549054","59.334891","60.174453","58.889429","58.99746","63.347353","64.117289","64.651916","64.575859","64.570629","64.823305","65.345352","65.506278","66.379783","67.436714","67.99655","68.644948","68.91704","69.392846","69.954946","70.284893","70.681752","71.085355","67.733812","71.462175","72.11199","73.131164","74.623174","75.86517","77.049638","78.446967","79.268172","79.525608","79.648979","79.885105","80.203478","80.838815","81.398642","81.385111","81.479265","81.464417","82.003413","82.373887","82.952681","82.797628","79.490452","77.216356","83.875856","84.267358","84.451569","",
"Netherlands","NLD","Survival to age 65, female (% of cohort)","SP.DYN.TO65.FE.ZS","84.30374","84.795153","84.802756","85.076069","85.13933","85.220012","85.113388","85.292747","85.410248","84.931624","85.228921","85.793598","85.802034","85.957489","86.643617","86.68035","86.973398","87.068153","87.245154","87.379312","87.870211","88.031816","88.144562","88.071641","88.338678","88.336118","88.15422","88.496691","88.929278","88.403613","88.753596","88.72661","88.756037","88.696479","88.841905","89.008105","89.097326","89.115859","89.345151","89.082128","89.246138","89.389026","89.29426","89.563318","89.969893","90.103348","90.4417","90.753233","90.624501","90.930406","91.098786","91.089587","91.140655","91.382528","91.615813","91.63865","91.553532","91.936998","91.981118","92.255696","92.238207","91.829492","92.390504","92.563432","92.416398","",
"Norway","NOR","Survival to age 65, female (% of cohort)","SP.DYN.TO65.FE.ZS","85.211926","85.125942","85.199665","85.124796","85.706756","85.77391","86.075088","86.277096","86.333978","85.712502","86.971062","87.030331","87.076981","87.333104","87.43739","87.399317","87.359278","87.938572","87.944116","88.217644","88.539444","88.540064","88.566055","88.728175","88.56936","88.426029","88.478493","88.422124","88.409482","88.639518","88.871502","89.180437","89.214152","89.426475","89.440846","89.922973","89.824674","89.846247","90.16389","90.042705","90.139982","90.275325","90.348515","90.752263","91.038586","90.992574","91.277331","91.447317","91.738457","91.808711","91.821108","91.994249","92.504908","92.395444","92.897988","93.056957","93.044835","93.448647","93.469665","93.718957","93.846527","93.937117","93.719472","94.458635","93.939769","",
"Nepal","NPL","Survival to age 65, female (% of cohort)","SP.DYN.TO65.FE.ZS","30.594424","30.805339","31.046646","31.297807","31.936032","32.309551","32.80765","33.325678","33.94261","34.695982","35.124482","35.628941","36.243116","36.688177","37.101707","38.10842","38.635736","39.696886","40.507762","41.179053","41.840072","42.042046","42.509766","42.991271","43.623861","44.723443","45.83127","47.174027","48.335182","49.853178","51.137463","52.961318","55.09967","57.019239","58.606222","59.817482","61.248199","62.455908","63.484031","63.964219","65.128444","66.486054","67.588332","68.589284","69.607615","70.356607","71.333699","71.620659","71.842187","71.797123","71.618887","71.908188","72.224975","72.483137","72.744748","71.668326","73.747551","74.305568","74.875483","75.363307","75.300244","73.200227","76.872815","77.355958","77.839703","",
"Nauru","NRU","Survival to age 65, female (% of cohort)","SP.DYN.TO65.FE.ZS","56.485279","56.999714","56.91948","56.985172","57.109959","57.381737","57.890325","59.427831","59.451967","59.659693","59.832336","60.068846","60.322013","60.471574","60.551331","60.650701","60.910504","61.049204","61.230452","61.291167","61.320473","61.318406","61.077039","60.670803","60.197158","59.87411","59.634343","59.558232","59.630973","59.936395","60.295599","60.601609","61.047943","61.302885","61.398502","61.30925","61.036227","60.654822","60.223381","59.775302","59.370244","59.028225","58.736343","58.477386","58.273071","58.184298","58.257589","58.422201","58.731056","59.060503","59.487506","59.878258","60.233212","60.392906","60.421191","60.369242","60.253876","60.071043","59.893035","59.700332","59.544801","56.103126","59.308043","59.209055","59.542784","",
"New Zealand","NZL","Survival to age 65, female (% of cohort)","SP.DYN.TO65.FE.ZS","80.133096","80.006764","80.825242","80.746301","81.016928","80.380196","80.635676","80.331642","80.552058","80.934911","80.743163","81.193258","81.236247","81.662408","81.038819","81.799876","81.940649","81.607243","82.630077","83.112773","82.407769","83.83386","83.358504","83.970768","84.734785","83.891397","84.456503","84.119898","85.298206","85.216769","85.179245","86.102307","87.09965","86.65249","87.194957","87.00142","87.022427","87.856279","88.302318","88.347488","88.939091","89.061494","89.408889","89.625169","89.642614","90.296818","90.511505","90.577684","90.62003","90.857029","91.262708","91.123031","91.59625","91.539939","91.530256","91.767362","91.895708","91.751605","91.778651","91.86562","92.227998","92.000597","91.384398","92.132181","92.243145","",
"OECD members","OED","Survival to age 65, female (% of cohort)","SP.DYN.TO65.FE.ZS","75.7422139407569","76.3546411077013","76.4218757525361","76.7123334739282","77.3145579331185","77.612012435575","77.9650856824562","78.6606680228466","78.6163440594161","78.6898297744729","79.0588989899501","79.5435259912211","79.9428650510497","80.2984509283116","80.792444481011","81.2512514816533","81.6419726781119","82.1267686180463","82.4340495996411","82.8895061327398","82.9680206283555","83.4141759610989","83.7235695111052","83.8633612643161","84.2268857281785","84.3003399232722","84.7361550314729","84.987239019875","85.2071352340794","85.4743722556525","85.7060220944943","85.8972321107365","86.1764093500791","86.2795147678829","86.5384391601081","86.6963368535393","87.0372458226662","87.3379914138428","87.5835922559452","87.6732134581343","87.9958843298728","88.2164240848032","88.3632115581803","88.4959329882911","88.7918705296321","88.9206419675955","89.1239251912062","89.2825001949736","89.3871896329271","89.5229312668262","89.7376252115101","89.7628282400514","89.9887354972076","90.08532536638","90.1715016708236","90.1545154977169","90.1573455363207","90.2227357150947","90.3062397644053","90.4780591044178","89.1367183583881","88.2497825040903","89.7680832598004","90.5898971492193","90.8903925962506","",
"Oman","OMN","Survival to age 65, female (% of cohort)","SP.DYN.TO65.FE.ZS","31.124526","32.12926","33.239092","34.447632","35.746135","37.114493","38.539564","40.011576","41.525537","43.078411","44.422005","46.01471","47.795381","49.494426","51.242166","53.043693","55.071277","56.506653","58.932986","60.888594","62.825481","64.611368","66.542433","68.279531","69.914266","71.435815","72.837266","74.115663","75.281938","76.358104","77.364845","78.320766","79.242222","80.138863","81.009339","81.850371","82.65902","83.432718","84.167131","84.845607","85.450548","85.967224","86.360776","86.592192","86.897903","87.058354","87.209161","87.154752","87.63827","87.971207","88.368628","88.806861","89.26406","89.720892","90.161547","90.57801","90.965502","91.320614","91.640998","91.925534","89.755865","87.338891","90.604863","92.798211","91.693833","",
"Other small states","OSS","Survival to age 65, female (% of cohort)","SP.DYN.TO65.FE.ZS","61.6981137024744","62.3487464494769","62.8726598453442","62.7417235065912","63.4080533697362","64.4682568696899","64.861693928415","65.3475778659698","65.3705960550607","65.8014451845804","66.3962207570569","66.5310640077166","66.8429329484587","67.1787122601056","66.9015815489026","66.8921483188629","67.1849864430341","67.122621011324","67.0603477010617","67.1936133220723","68.4497440557052","68.7247160494001","69.4570702890776","69.9526798971588","70.4133570486011","70.7499914711648","71.3675622208824","71.8923834293061","72.0404208598435","72.2513960911546","72.3601370192851","72.133222285306","72.0930177778521","71.7193856848155","70.9807323289155","71.3785528737989","71.7499065693435","71.5685300233064","71.1810189064987","71.2596029952539","72.4792475350785","72.6258548894906","72.8810077299542","73.0607989934037","73.3337900125562","73.7978793421188","74.3053095169913","74.7972471173146","75.2584350975272","75.8458206595106","76.5523187993628","76.9715224256034","77.6350385523192","78.1507793806947","78.6428886701412","79.0870133471915","79.6444237874423","80.2687379411818","80.667648050189","81.0356957186853","80.8108425687671","79.4239581122185","81.559452603931","82.7862486556225","82.884901730621","",
"Pakistan","PAK","Survival to age 65, female (% of cohort)","SP.DYN.TO65.FE.ZS","31.925554","33.01079","34.329327","35.959921","38.122666","39.25998","41.758823","43.765675","45.458106","46.860551","48.126644","44.818499","50.008653","50.685312","51.227104","52.293055","53.212242","54.382355","55.855234","57.386172","58.886558","60.254751","61.343513","61.944851","62.16354","62.067107","61.967467","61.927687","62.115335","62.298453","62.500719","62.398978","62.097659","61.800099","61.781847","61.750897","62.022123","62.355013","63.145718","63.890761","64.58298","65.219374","65.848963","66.479309","67.179471","66.118642","68.862808","69.578804","70.189131","70.618218","71.01146","71.438858","71.802817","72.170343","72.585115","72.987034","73.460173","73.878321","74.268941","74.655715","72.953864","72.150468","75.735977","76.084198","76.30956","",
"Panama","PAN","Survival to age 65, female (% of cohort)","SP.DYN.TO65.FE.ZS","60.976561","62.30075","63.262559","63.92693","64.438151","64.826735","65.245232","65.557211","66.046834","66.723181","67.596072","68.880232","69.850175","71.184524","72.539949","73.990118","75.123512","75.925101","76.595501","77.25826","77.773334","78.467789","78.570858","79.0114","79.438856","79.597828","79.935398","80.109347","80.371787","80.115051","81.061471","81.188123","81.576762","82.044921","82.283498","82.363316","82.801962","83.130416","83.416373","83.735911","84.115707","84.598678","85.028186","85.215968","85.520214","85.853429","86.07042","86.331515","86.523464","86.7908","87.032396","87.149401","87.271383","87.516209","87.277676","87.906847","88.089413","88.062535","88.461014","88.141757","86.024575","86.536244","88.722152","88.907485","89.900716","",
"Peru","PER","Survival to age 65, female (% of cohort)","SP.DYN.TO65.FE.ZS","50.988544","51.659496","51.950201","53.812446","54.978375","55.82537","56.511475","57.204377","57.992943","58.585105","41.998667","59.1971","59.738488","59.93309","60.408367","60.852016","61.252198","61.730723","62.465341","63.33066","64.059627","64.679541","65.099131","65.664795","66.450827","67.065417","67.643537","68.177548","68.80098","69.494061","70.131628","70.25297","71.373296","72.112249","72.92504","73.659155","74.373862","74.995891","75.602398","76.530371","77.127619","77.61763","78.137117","78.72322","78.826498","79.391409","79.707874","80.040793","79.949861","79.598785","79.64658","80.026167","80.752784","81.57524","82.184555","82.776109","83.12093","83.383574","83.741756","84.252999","82.306521","77.711633","85.832278","85.354044","85.972968","",
"Philippines","PHL","Survival to age 65, female (% of cohort)","SP.DYN.TO65.FE.ZS","60.525291","61.116428","61.758313","61.975751","62.275885","62.892913","63.37603","63.865451","64.140195","64.370214","64.070771","64.586033","64.418928","64.223676","64.410033","64.658328","64.535972","65.826892","66.320829","66.888695","67.380071","67.61116","68.176815","68.445876","68.443207","68.847126","69.102168","69.636769","70.188114","70.767788","71.101614","71.511494","72.401625","72.95213","73.300314","73.75952","74.421053","74.795699","75.040195","75.579982","76.324428","76.131652","76.452979","76.582342","77.353533","77.769501","76.132235","76.906181","76.96025","76.927466","77.221307","77.41024","77.660252","77.502797","77.588603","77.898022","78.467732","79.955411","78.545542","78.264542","78.304129","72.870727","77.96849","78.623639","78.81243","",
"Palau","PLW","Survival to age 65, female (% of cohort)","SP.DYN.TO65.FE.ZS","57.302942","57.699569","58.284153","58.510322","58.844893","59.290909","59.788297","60.352756","61.061442","61.747541","62.498655","63.317139","64.171482","65.055345","65.934687","66.812359","67.654933","68.452328","69.235996","69.853187","70.516962","71.006395","71.493782","71.976812","72.339794","72.637934","72.830692","72.907607","72.791784","72.575376","72.268091","71.832015","71.320644","70.806183","70.345094","69.995488","69.826434","69.896316","70.06987","70.477862","70.893754","71.286971","71.60804","71.972245","72.303168","72.707124","73.236817","73.858925","74.561615","75.313238","75.922555","76.445019","76.846948","77.012545","77.185787","77.148011","76.996858","76.780945","76.449025","76.135868","75.87924","74.03134","74.769904","75.478638","75.717389","",
"Papua New Guinea","PNG","Survival to age 65, female (% of cohort)","SP.DYN.TO65.FE.ZS","40.882198","41.635373","41.89282","43.329797","44.205852","45.125179","46.064703","47.146048","48.097921","49.031263","49.943761","50.735278","51.673958","52.532185","53.397135","54.258388","55.100004","56.003818","56.803087","57.531412","58.223684","58.848268","59.393567","59.732709","60.207028","60.555694","60.853754","61.208188","61.345275","61.6626","61.87819","61.893091","62.380618","62.596718","62.929974","63.194129","63.333178","63.477026","61.430999","63.549364","63.565561","63.583473","63.423688","63.461487","63.45556","63.430191","63.655997","63.896717","64.584503","65.220618","65.956087","66.860642","67.622397","68.412602","69.103642","69.803486","70.223358","70.60792","70.822445","71.215918","70.774909","68.387071","70.2733","72.008259","72.222282","",
"Poland","POL","Survival to age 65, female (% of cohort)","SP.DYN.TO65.FE.ZS","76.104788","77.164255","77.565726","78.061997","78.857739","79.521859","80.014035","80.435372","80.526898","80.642082","80.535526","81.000799","81.433036","82.009485","82.056969","82.111465","81.998808","82.022285","82.08228","81.98175","82.070842","82.07041","82.27237","82.196745","82.075991","82.036101","82.07464","82.30653","82.407752","82.538675","82.482235","82.632352","83.028442","83.55326","84.035846","84.371091","84.740624","85.091713","85.350367","85.678595","86.061814","86.561337","86.93124","87.174421","87.269382","87.318215","87.328229","87.383419","87.505511","87.852976","88.198972","88.499747","88.63359","88.86353","89.105295","89.381745","89.526007","89.676948","89.537207","89.784958","88.997062","87.852044","89.859454","90.409889","90.621751","",
"Pre-demographic dividend","PRE","Survival to age 65, female (% of cohort)","SP.DYN.TO65.FE.ZS","33.9776425506481","34.3796619319445","34.8835046439437","35.4022340114203","35.8144998561046","36.2697598110499","36.7161787624017","36.9712886867434","37.7539680045688","38.1609216220781","38.7632317460851","39.2931654663394","39.6390198878117","40.509526680578","41.232027681267","41.7589415483437","42.3398630351513","43.0130503808186","43.5088188664737","43.9703021844119","44.4972180315961","44.9017698966447","45.1994933542187","44.9749818534293","44.9072883418582","45.0571377897122","45.7133844300866","45.6344491769711","45.4868279565618","45.6250551719999","45.4020593666675","45.0459842117823","45.0895611719607","45.7205563885977","46.1400197229881","45.9311111623911","45.6898373724903","45.7891706049446","45.5521911851355","46.3378519654191","46.9708851346554","47.5556996518352","48.1024764719724","48.8781792701005","49.5868918667567","50.4700035602016","51.394361217336","52.2701165707999","53.0842109410041","53.7523442799192","54.657342639913","55.0606604694113","56.1788876638669","56.9909276009103","57.4369087201959","58.0124436260999","58.6773271479241","59.3353516394444","60.4001162658294","61.0551809025463","60.9926075469236","59.8725105719653","62.393475928668","63.7181217229407","64.0471082192069","",
"Puerto Rico (US)","PRI","Survival to age 65, female (% of cohort)","SP.DYN.TO65.FE.ZS","76.04425","75.389758","76.59167","77.112094","76.459575","78.227548","78.953552","79.988878","80.112157","79.082789","79.252562","81.036314","80.498391","80.912337","81.475252","82.541762","82.851956","83.035198","83.735934","83.69642","84.082361","84.31068","83.806807","84.609092","84.423269","83.578603","84.929221","85.072836","84.69871","82.698228","83.638965","86.036653","85.707903","85.847885","86.028475","86.135507","86.276272","86.790267","87.042787","87.139976","87.322379","87.960364","88.618801","88.572639","88.555564","88.331969","89.154015","89.40222","89.511567","89.963988","90.099599","90.26161","90.491099","91.301064","91.388265","91.811871","91.637333","89.273038","92.330125","92.720812","90.508085","90.261003","90.240145","92.934791","92.78738","",
"Korea, Dem. People's Rep.","PRK","Survival to age 65, female (% of cohort)","SP.DYN.TO65.FE.ZS","55.001689","55.949572","56.88136","57.793635","58.697262","59.626899","60.58179","61.583047","62.602614","63.608793","64.634717","65.637765","66.63111","67.572844","68.501518","69.388408","70.324395","71.195304","72.106671","72.954793","73.858902","74.736145","75.605268","76.459385","77.278895","78.089805","78.873504","79.576025","80.365227","81.083885","81.805116","82.557998","83.707755","83.430636","82.878781","66.956519","67.009579","67.017004","66.986519","66.962667","66.88219","66.775528","66.663455","80.134269","79.919518","79.669744","79.431576","79.108372","79.216962","79.414013","79.919564","80.417545","80.96802","81.566535","82.216794","82.667927","82.955732","83.233499","83.466985","83.873888","83.641205","83.010006","83.594759","83.70991","83.85797","",
"Portugal","PRT","Survival to age 65, female (% of cohort)","SP.DYN.TO65.FE.ZS","73.415214","71.562936","73.592221","74.562777","74.620837","76.330467","75.422157","76.55274","77.158427","76.872328","77.843415","77.477792","80.19137","79.451041","80.386501","80.369942","80.58405","81.983056","82.808372","83.732293","83.865155","84.016395","84.862131","84.832421","85.215116","85.495286","85.76451","86.241349","86.634303","87.249801","87.077916","86.876145","87.65297","87.45984","88.386578","88.463099","88.553221","88.627576","89.027976","89.27486","89.696315","89.875595","90.016076","90.293583","90.993106","91.06417","91.639524","91.782719","91.911262","91.829487","92.266628","92.405126","92.576369","92.822778","93.127729","93.195771","93.065436","93.063485","93.146487","93.160381","93.113768","92.918429","92.678246","93.456301","93.766368","",
"Paraguay","PRY","Survival to age 65, female (% of cohort)","SP.DYN.TO65.FE.ZS","62.49102","62.986591","63.430349","63.836138","64.193559","64.469564","64.7092","64.898372","65.079824","65.258029","65.421626","65.59253","65.735543","65.900357","66.088297","66.349208","66.635445","66.921193","67.227581","67.553215","67.920949","68.283315","68.66317","68.983733","69.45696","69.887239","70.313651","70.752594","71.19687","71.994137","72.887866","73.711564","74.144541","74.570508","74.996229","75.443242","75.895412","76.222058","76.546114","76.900883","77.286731","77.669769","78.076753","78.467216","78.84925","79.22331","79.588899","79.964026","80.330414","80.721677","81.112835","81.438326","82.036066","82.499466","82.88976","83.069551","83.282151","83.470871","83.570346","83.694026","82.250945","73.567538","81.281432","83.844377","83.992412","",
"West Bank and Gaza","PSE","Survival to age 65, female (% of cohort)","SP.DYN.TO65.FE.ZS","45.905137","46.576827","47.335575","48.170048","49.020481","49.879933","50.791969","51.14997","52.753972","53.670061","54.560589","55.465527","56.339249","57.276852","58.084711","59.187707","60.335576","61.458511","62.586966","63.72635","64.76214","65.68208","66.653701","67.657511","68.591228","69.457746","70.267346","71.232022","72.061371","72.812945","73.546852","74.154652","74.707289","75.401273","76.08822","76.64039","77.163455","77.669502","78.094807","78.496188","78.693468","78.988469","79.58356","80.205956","80.64027","81.247612","81.564887","81.967261","81.779759","81.995043","83.263735","83.801054","84.261839","84.85793","83.877317","85.662429","86.118505","86.523356","86.848548","87.483836","87.039629","85.037598","88.745319","74.794446","82.777179","",
"Pacific island small states","PSS","Survival to age 65, female (% of cohort)","SP.DYN.TO65.FE.ZS","51.158441058952","52.1961398160083","53.2676685424291","54.2253528192966","54.4191315016441","55.550240219819","57.2316942235009","57.1296920986991","58.0646132102489","57.9114071250856","59.245719339502","59.8312664316543","60.2042448808565","59.2247048333757","60.6112936754418","61.4304889307275","62.3958760831299","63.2006130300653","64.0515410008251","63.2936329561147","63.8837579830458","63.3909649449747","63.514928998795","64.8279276218984","65.4454970804702","65.8136442590678","66.187180676011","66.8496137307335","67.7559144250754","68.1834429357977","68.1747804096577","68.6549318386297","69.1000487288727","69.4575405652599","69.9818044214299","70.3386046374856","70.6501447190257","70.8573475448195","71.2250760590519","71.5067776643539","71.1915264086897","71.3477933246028","70.6458214087224","70.9323241066365","71.1021215350669","71.4210125577394","71.6321716089224","71.6192602685758","71.8921073358472","71.6819211744884","72.4314142462642","72.6149362545847","71.8211934597912","72.1395897903741","72.5454109977355","72.5606192643937","72.3296591842123","72.984764215332","72.8763886999002","72.9125827834542","73.0153505742704","69.5470854630234","73.817740578018","74.1632285607739","74.4892700891014","",
"Post-demographic dividend","PST","Survival to age 65, female (% of cohort)","SP.DYN.TO65.FE.ZS","77.8078348856983","78.467881861592","78.5399781167633","78.808351675901","79.4289837936272","79.6559746041343","79.9763824096813","80.6097922466048","80.5807588541324","80.6421360208501","81.0490414605398","81.4686070022585","81.8186472561359","82.1154726683856","82.5634510348506","82.9476406365959","83.2960702411566","83.7174122992147","83.9518760321986","84.3781587282918","84.4014972224482","84.8556155749466","85.1362514900187","85.2454021370217","85.5794957396189","85.7716303047029","86.0779381650763","86.3156238460821","86.4948110782745","86.7368828626297","86.9068298892161","87.0135206658109","87.1407580111973","87.1565555434952","87.4043819254937","87.4557760284331","87.7505175968117","88.0454353165152","88.2984568902883","88.4438223649239","88.62106901199","88.796519439551","88.9036739081369","88.9816458680235","89.2624414488579","89.3581447015966","89.5559322019868","89.7245478401756","89.8702126942305","90.0674233212416","90.3286990895118","90.3546729602111","90.561642515917","90.6650695881491","90.7515745980677","90.7688517975394","90.7980915272465","90.8968791072735","90.9740956233618","91.1197398060792","90.3744302250467","89.6843062950727","90.4279360632656","91.4189059034049","91.6130092251046","",
"French Polynesia","PYF","Survival to age 65, female (% of cohort)","SP.DYN.TO65.FE.ZS","59.699199","60.351005","60.924157","61.442839","61.925737","62.395382","62.891082","63.361589","63.808675","64.236199","64.652937","65.073803","65.517582","66.002708","66.615971","67.370498","68.208449","69.121044","70.090613","71.336128","72.648622","73.895362","75.25622","76.554422","78.089283","79.260567","80.675529","81.454447","82.592569","83.304006","84.137755","84.845932","85.4952","86.126394","86.78187","87.773865","88.687439","89.482191","89.896412","90.898841","91.371929","91.70108","91.926855","92.086834","92.215332","92.358759","92.536104","92.740994","92.968519","93.207907","93.418258","93.668745","93.86872","94.042617","94.191278","94.318869","94.462939","94.600525","94.732252","94.861896","94.49843","89.825944","95.239656","95.356798","95.425152","",
"Qatar","QAT","Survival to age 65, female (% of cohort)","SP.DYN.TO65.FE.ZS","59.492299","60.514973","61.547318","62.585468","63.624241","64.657649","65.678776","66.683576","67.668282","68.63057","69.568432","70.487926","71.386518","72.261596","73.105936","73.92227","74.699857","75.43901","76.127717","76.76468","77.345252","77.906944","78.372121","78.784071","79.150179","79.477405","79.772839","80.042106","80.291686","80.528964","80.760158","80.990799","81.226277","81.471583","81.731305","82.010288","82.313548","82.646149","83.012379","83.42059","83.875528","84.381871","84.942767","85.55846","86.217414","86.899808","87.587808","88.266397","88.923781","89.552076","90.148943","90.713584","91.245659","91.746273","92.215564","92.653883","93.06111","93.436942","93.781154","94.094408","94.148754","93.658331","93.498919","94.031654","93.410515","",
"Romania","ROU","Survival to age 65, female (% of cohort)","SP.DYN.TO65.FE.ZS","72.684255","73.888832","75.165732","76.238442","77.132963","76.873078","77.09348","76.902253","77.37628","76.470077","77.277603","77.885713","78.668125","78.394319","79.406529","79.446461","79.722879","78.87365","79.415325","79.089694","79.181665","79.593762","80.006054","79.776254","79.827206","79.590671","80.057271","78.934833","79.487133","79.873527","80.289915","80.654994","80.313489","80.12139","79.87306","79.829943","79.167908","79.540978","80.340987","81.506951","82.045752","81.920321","81.816654","82.485312","83.232513","83.72783","84.398286","84.967205","85.109678","85.206426","85.439725","86.244459","86.278578","86.782542","86.601672","86.684672","86.810066","86.883837","86.999299","87.235363","85.819807","83.6916","87.077434","87.871752","88.313064","",
"Russian Federation","RUS","Survival to age 65, female (% of cohort)","SP.DYN.TO65.FE.ZS","77.90735","78.326852","78.276052","78.916069","79.648025","79.622534","79.818987","79.723241","79.834313","79.426505","79.617217","79.961787","79.869188","79.956269","79.866584","79.324912","79.1175","79.101305","78.994003","78.734338","78.599221","78.935354","79.586207","79.317966","78.710137","79.499777","81.447418","81.681673","81.708732","81.623062","81.31011","80.959018","79.602879","75.907057","74.016089","74.896295","76.831036","78.123152","78.70935","77.20807","76.530697","76.042708","75.218098","74.89476","75.454639","75.505619","77.330032","78.524464","78.948551","79.813129","79.087465","80.929084","81.464562","82.036273","82.176957","82.493352","83.000021","84.070183","84.148115","84.132901","81.599003","78.993781","83.916381","85.342617","85.949008","",
"Rwanda","RWA","Survival to age 65, female (% of cohort)","SP.DYN.TO65.FE.ZS","41.520449","42.078744","42.516395","36.648022","42.917243","42.963296","42.791708","42.626981","42.324015","41.930265","41.452766","40.901305","40.332133","39.766845","39.341737","39.199803","39.480969","40.160844","41.254331","42.766933","44.252923","45.738336","46.952277","47.786514","48.176386","48.137688","47.653246","46.760714","45.280438","43.452838","41.077501","38.815548","35.665532","32.842277","0.004444","31.379513","32.456242","32.854792","34.294564","37.151714","40.106847","42.815284","45.052646","48.191122","51.57344","53.988336","56.328051","58.265958","60.432454","62.315832","63.404351","64.692413","65.814043","66.770731","67.673861","68.236836","68.900911","69.796951","70.071719","70.802439","71.244026","70.401984","72.206031","72.654275","73.052824","",
"South Asia","SAS","Survival to age 65, female (% of cohort)","SP.DYN.TO65.FE.ZS","37.7684296306995","38.1492027841255","38.6838570804451","39.0722358979197","39.6168027402308","38.1914788554871","38.8772155218821","39.2872796040408","41.2870906832393","41.7131328998907","40.9430010108591","40.0545472196847","43.0293460310589","43.6220606988592","44.3858385352442","45.2329313413971","46.0595215799622","46.8887108060276","47.8722291388754","48.868503781874","49.8545286141391","50.8457469476311","51.8295389621775","52.7972348090587","53.7337441247527","54.57729808655","55.4892482521496","56.2664339280768","56.9665639902794","57.6098211334555","58.2529969328109","58.3428111327096","59.4532699944657","60.0077523348304","60.6511670299934","61.2742247841366","61.955368585263","62.7022598259982","63.4910647215241","64.3372371792284","65.2994543851629","66.1738335524767","67.1936662102334","68.1218770128744","68.7897214082572","69.9039252214524","70.7436987090122","71.4848147520743","72.2042326541177","72.752669352593","73.3749697105424","73.8769967539523","74.3340575749309","74.7260535567223","75.1310842334705","75.4722079747015","75.8763356521376","76.2506160162826","76.6594354710988","77.0943652578341","76.2923448059431","70.6916905365992","78.623677552398","79.1363011702825","79.6804664388189","",
"Saudi Arabia","SAU","Survival to age 65, female (% of cohort)","SP.DYN.TO65.FE.ZS","44.363068","45.056603","45.778682","46.535928","47.323881","48.171226","49.059612","50.007242","51.023475","52.122107","53.302563","54.587437","55.940409","57.346455","58.781278","60.201701","61.659417","63.075112","64.456711","65.773732","67.061979","68.262766","69.384462","70.432621","71.419174","72.346133","73.245667","74.104451","74.927741","75.710175","76.445554","77.113126","77.754593","78.325197","78.854733","79.359466","79.855024","80.35519","80.871104","81.391914","81.86612","82.367995","82.804575","83.174555","83.488316","83.781521","84.094507","84.421462","84.797659","85.206941","85.716718","86.245961","86.800736","87.377432","87.962195","88.506477","88.957586","89.269845","89.399451","89.306848","89.104878","89.046611","89.393819","90.325214","90.314249","",
"Sudan","SDN","Survival to age 65, female (% of cohort)","SP.DYN.TO65.FE.ZS","44.98732","45.550854","46.104849","47.224773","47.344932","47.704985","48.187277","48.620975","49.105481","49.577748","50.009883","50.41452","50.921188","51.262158","51.510637","51.680129","51.721527","51.900315","51.597957","51.993081","53.908754","54.749984","54.282502","48.108566","48.626213","49.076408","55.965902","56.313337","56.973278","56.725729","57.729973","56.926918","57.112051","57.352784","59.044645","60.070696","60.425991","60.924508","61.248366","61.033574","61.35354","62.061903","62.584872","61.604608","60.022562","60.436908","64.254999","65.527147","65.500537","67.359464","67.787941","68.164912","68.646308","69.152068","69.794729","70.399428","70.93396","71.478444","72.041614","72.444439","71.385386","69.408518","71.884724","73.893648","74.285262","",
"Senegal","SEN","Survival to age 65, female (% of cohort)","SP.DYN.TO65.FE.ZS","32.895942","32.955691","32.995896","33.021868","33.052163","33.064125","33.218155","33.41897","33.62105","33.924679","34.477526","35.114761","35.874309","36.882119","37.621476","38.806742","40.047369","41.317304","42.541644","43.947832","45.174552","46.408699","47.575928","49.155548","50.705825","52.174696","54.148067","55.704745","57.070704","58.38867","59.01486","59.591586","60.007419","60.145888","60.300016","59.864922","59.190355","59.11017","58.848434","58.901579","59.610018","60.467453","61.781803","62.54058","63.652328","64.442689","65.760671","67.103378","68.011114","69.298366","69.949298","70.980214","71.633384","72.25519","72.69668","73.245298","73.502175","74.063548","74.623178","75.161052","75.105947","73.351236","75.295318","77.096339","77.495589","",
"Singapore","SGP","Survival to age 65, female (% of cohort)","SP.DYN.TO65.FE.ZS","70.18284","70.960705","71.592101","72.341992","73.275042","74.381038","75.501551","75.825296","76.154153","76.527896","76.620212","76.768762","76.972258","77.74854","78.667755","79.576267","79.8662","80.000552","80.027405","80.398569","80.429737","80.845184","81.433206","82.208863","82.440541","82.974257","83.14775","83.617724","83.910188","84.484598","85.010449","85.478759","85.923388","86.166066","86.449147","86.917283","87.393596","87.79087","88.172977","88.609672","89.1492","89.68114","90.229979","90.6276","90.921986","91.242797","91.529861","91.92881","92.351399","92.707568","92.828657","92.931692","93.025704","93.183343","93.384934","93.568958","93.65737","93.755796","93.975321","94.189504","94.291039","93.735614","92.930961","93.776458","94.574804","",
"Solomon Islands","SLB","Survival to age 65, female (% of cohort)","SP.DYN.TO65.FE.ZS","41.710125","42.288848","43.297995","44.332941","45.369106","46.521014","47.740075","48.811066","50.403365","51.762078","53.09938","54.58819","56.017612","57.465994","58.865505","56.062131","61.617864","62.239414","64.270924","65.542192","66.639707","67.387095","68.168746","68.813079","69.354674","69.922622","68.54664","70.678138","71.003298","71.327027","71.519929","71.804978","72.041508","72.208432","72.47223","72.642633","72.777129","72.926422","73.053879","73.173565","73.282324","73.394935","73.507739","73.643111","73.777713","73.973239","74.177985","73.842462","74.622279","74.671874","74.951449","75.07785","75.120222","74.999897","74.923358","75.179512","75.365083","75.512888","75.704485","75.936738","75.085939","72.979918","76.765995","77.064588","77.394107","",
"Sierra Leone","SLE","Survival to age 65, female (% of cohort)","SP.DYN.TO65.FE.ZS","27.405294","28.031657","28.606435","29.139183","29.817809","30.547144","31.28101","32.045303","32.618689","33.113604","33.665461","34.401045","35.042703","35.769018","36.609923","37.455706","38.050332","38.551362","39.046568","39.450979","39.793146","40.005837","40.173955","40.216025","40.148701","39.869728","39.515168","39.681555","39.477271","39.192415","38.923896","38.282504","38.350488","38.122359","37.140477","36.840982","37.523807","37.548825","36.904236","37.676995","38.487705","39.247157","39.897986","40.619245","41.499148","42.621701","44.770008","45.360488","46.154947","46.90825","47.571313","48.319238","49.053914","50.352679","50.506035","52.570946","55.199017","56.972352","59.620562","60.618043","60.770008","61.320798","64.37699","65.134033","65.42733","",
"El Salvador","SLV","Survival to age 65, female (% of cohort)","SP.DYN.TO65.FE.ZS","44.981151","45.529741","46.116154","46.705873","47.264112","47.783137","48.058551","47.775903","47.477646","48.100532","48.431874","49.418072","50.86148","52.453135","53.283452","53.918563","56.61299","57.423652","58.202436","57.412282","57.093503","57.823299","58.516501","59.599462","62.935354","64.120857","65.436639","65.971871","66.581377","69.722888","69.680669","70.52663","71.174849","72.738371","73.518026","74.260143","74.965159","75.768313","75.898826","76.910812","77.448403","77.530456","78.464197","78.703944","79.406025","79.582418","79.975559","80.073678","80.313157","80.172425","80.737381","80.952712","81.278929","81.306185","81.404533","81.173638","81.243428","81.258426","81.420206","81.675395","79.577193","78.598416","81.834864","81.944796","82.324493","",
"San Marino","SMR","Survival to age 65, female (% of cohort)","SP.DYN.TO65.FE.ZS","85.511552","85.869031","86.125739","86.248802","86.405371","86.473293","86.593626","86.701478","86.889433","87.12131","87.365372","87.618818","87.936422","88.231392","88.503734","88.648622","88.742406","88.944259","89.203821","89.472494","89.750733","89.991119","90.255975","90.456743","90.582044","90.673752","90.767042","90.853646","90.923755","91.050117","91.175807","91.308492","91.490147","91.685048","91.907533","92.126762","92.311829","92.512109","92.626304","92.657933","92.715715","92.75668","92.803994","92.84892","92.984705","93.266855","93.555515","93.856173","94.098304","94.340033","94.502231","94.659957","94.767461","94.846361","94.919777","94.961744","94.997792","95.000745","95.019382","95.050776","93.362266","93.816063","95.109779","95.045332","95.121405","",
"Somalia, Fed. Rep.","SOM","Survival to age 65, female (% of cohort)","SP.DYN.TO65.FE.ZS","37.869434","38.073499","38.494597","38.805125","39.083934","39.417397","39.716612","40.009856","40.296788","40.577825","40.847345","41.120682","41.39928","41.664203","38.949638","39.261867","39.580525","42.727853","42.953199","43.274841","43.556153","43.835618","44.119118","44.404695","44.68918","44.32563","44.533874","45.492816","42.352254","45.69603","46.109713","16.307736","15.225676","47.667248","47.219923","47.895599","47.675023","47.298145","47.886091","47.670858","47.817361","47.966458","47.946891","47.902159","47.883198","48.176632","48.351685","48.351471","49.245904","50.039578","45.895304","23.56382","46.244982","53.224469","54.083465","54.939909","55.517587","50.887407","54.68832","58.182362","57.296869","53.361104","53.74913","61.283566","61.53086","",
"Serbia","SRB","Survival to age 65, female (% of cohort)","SP.DYN.TO65.FE.ZS","72.23557","72.97869","74.18963","74.583142","75.46625","76.349994","77.5075","78.422295","78.852391","79.218137","79.214972","79.207628","79.294456","79.841201","80.560106","81.231975","81.873007","81.942216","81.520548","81.15852","81.05573","81.480752","81.49696","81.742366","81.727759","82.005485","82.242351","82.61562","82.94118","83.172171","83.186743","82.949488","82.594859","82.618982","82.887684","83.250448","83.184626","83.285283","82.539568","78.848615","82.88322","82.761626","83.079308","83.396154","83.648837","84.109791","84.487959","84.817535","85.118635","85.411656","85.872836","86.2161","86.578042","86.751553","86.801925","86.933595","86.947436","86.881541","87.336714","87.597978","85.858216","83.837327","87.675889","88.115751","88.536836","",
"Sub-Saharan Africa (excluding high income)","SSA","Survival to age 65, female (% of cohort)","SP.DYN.TO65.FE.ZS","35.993951834546","36.4147280850564","36.9041863492433","37.3237601882751","37.8180212576264","38.2214405203199","38.6411650055553","38.8747948073701","39.6123204584617","39.9975141214715","40.5518534629948","41.0396464447816","41.3746833916417","42.1799609818598","42.9021207659181","43.4481422397318","44.0018527046431","44.6879629402165","45.2541887551596","45.7903268889516","46.3821820826589","46.8268599155619","47.2571707447868","47.1273102930189","47.3424354967082","47.5674627227385","48.012419706341","47.936916083166","47.8840051788347","48.0568260977877","47.7370996172098","47.1033117860344","46.7366104938371","46.9114269653167","46.6683481711412","46.6801462417234","46.2192455618344","46.0916738205465","45.6925195811316","46.1007200199012","46.4299985365477","46.5551847550488","46.7965068821793","47.1986499572981","47.7516098571897","48.5121827943979","49.4534622752652","50.4439899415863","51.410584989104","52.298015466669","53.4533517818626","54.1590751664372","55.4277078070207","56.3537332460016","56.9417222349472","57.6051179633981","58.3654353576719","59.0381586231096","60.1004794748232","60.8070472040058","60.7343434505785","59.1905413508075","62.1094389260997","63.4661415808906","63.6765436563218","",
"South Sudan","SSD","Survival to age 65, female (% of cohort)","SP.DYN.TO65.FE.ZS","18.681959","18.859303","18.94947","20.888545","25.359253","21.270648","17.674368","17.823594","17.980115","17.095704","17.253959","23.061902","23.280714","28.192864","28.358106","28.524525","28.616919","29.08056","28.988564","29.006056","29.017455","29.246495","29.702711","24.047497","20.045095","21.003716","21.781463","6.776025","2.996605","15.597702","16.196991","16.991517","7.88866","8.231257","40.45488","19.526329","20.07628","21.029222","6.059444","37.304645","41.767027","43.062579","44.00582","48.195482","49.05252","50.456128","51.699172","52.931772","54.425309","55.369113","56.480629","57.136605","57.914815","58.224873","42.166492","34.062129","30.201739","28.584432","50.846089","59.430631","59.061977","57.206725","58.393446","59.70147","59.880629","",
"Sub-Saharan Africa","SSF","Survival to age 65, female (% of cohort)","SP.DYN.TO65.FE.ZS","36.071721285348","36.5082100995369","36.9667593399074","37.4001516816273","37.8766167715201","38.270331524969","38.341251558158","38.9226972388585","39.6090321962815","39.9544921419306","40.4489608858584","40.8927328619765","41.0263404469778","41.7707615933011","42.1430194716531","42.6218717889819","43.4850730834312","44.124915563716","44.6489834383941","45.2515715858899","45.8633425069457","46.3075289993175","46.7319593732357","45.6405756724748","45.8425346787787","46.1197694581026","46.5459296360365","47.3448479632952","47.2178769598574","47.3526515947287","46.9630568795743","46.4989292826184","46.1801419873135","46.3766771480768","46.1810384946001","46.2154117991129","45.8471942071724","45.7910028411615","45.5077438659227","45.8744918525389","46.2694964744704","46.4404020079241","46.7742726057689","47.2566503858048","47.9223394089047","48.7170210879175","49.7587039407282","50.8905904497823","51.9914867704867","52.9777011486038","54.1988834301137","54.9814451782882","56.2849018021478","57.2741183128533","57.96151495159","58.700201766976","59.5084909738957","60.2375198737387","61.2891377006413","62.0232541059291","62.0360087588394","60.4932180701484","63.4522839591507","64.7401024520099","64.978038843419","",
"Small states","SST","Survival to age 65, female (% of cohort)","SP.DYN.TO65.FE.ZS","60.4368701572363","61.135766501988","61.9119739685752","62.0360945948625","62.6403694000726","63.5371809230828","64.0419997958139","64.4207179411828","64.5848347399303","64.8976515334406","65.4244637744688","65.6165440956092","65.9478564980827","66.1356576566537","66.2126731316031","66.3935260998835","66.8136542711317","66.9943021024306","67.1291318794636","67.2253129636602","68.1442062975254","68.3517460366703","68.8332496701237","69.348140822994","69.8035370327545","70.0997571913572","70.5410363255249","71.0114473752649","71.2727821021904","71.5019753719821","71.6384181898972","71.6223909166823","71.6974668942243","71.5450292189665","71.1610641199075","71.4250071997428","71.7256175659492","71.6818106444472","71.6208427898851","71.8104009354359","72.6619215851461","72.9310443757797","73.1320095477305","73.4320507689633","73.8078301343883","74.243090722301","74.7286083542955","75.2200561992739","75.6604934073103","76.1078148505324","76.7339660462694","77.1123788758078","77.4762016277776","77.8987057575073","78.3440579379602","78.6469342457749","79.0191715454521","79.5147983715748","79.7774511235256","79.906560393576","79.7455332315513","77.3862514386474","80.6324609267603","81.5828781906626","81.7300710045798","",
"Sao Tome and Principe","STP","Survival to age 65, female (% of cohort)","SP.DYN.TO65.FE.ZS","38.344475","40.626059","42.837755","44.722714","46.456736","48.305781","50.15651","52.015187","54.023574","55.863776","57.649392","59.07913","59.806642","60.410825","60.80925","61.010014","61.06328","61.250613","61.513005","61.84632","62.275898","62.695589","63.1213","63.532322","63.879275","64.1242","59.172057","64.624285","64.69425","62.5409","64.305787","64.411218","64.218703","64.005811","63.80818","63.644119","63.496999","63.366566","63.263607","63.209348","63.216408","63.335874","63.562623","63.828441","64.316814","63.912989","64.872018","65.345349","65.435946","65.770503","65.968565","66.410581","67.176905","68.09966","69.231297","70.412075","71.60861","72.750051","74.002919","74.942447","75.110323","74.653178","77.424801","78.182211","78.479124","",
"Suriname","SUR","Survival to age 65, female (% of cohort)","SP.DYN.TO65.FE.ZS","50.673735","52.240318","53.942485","55.280605","56.546524","57.245282","57.683745","57.709974","57.900272","57.954886","58.009007","58.049887","58.09539","58.15819","58.359173","58.563217","58.767484","58.976275","59.18957","59.400837","59.61348","59.833068","60.052955","60.257754","60.468565","60.683603","60.827818","61.065358","61.320122","61.676795","62.041522","62.256598","62.477453","62.760405","63.089419","63.325645","63.76451","64.33564","64.976238","65.653139","66.52709","67.536824","68.603502","69.786772","71.094814","72.395758","73.662924","74.923747","75.97595","76.833816","77.42416","77.774333","77.920698","78.014109","78.142503","78.221042","78.579467","78.521023","78.71935","78.889188","79.09171","72.815748","81.195594","81.622616","82.133604","",
"Slovak Republic","SVK","Survival to age 65, female (% of cohort)","SP.DYN.TO65.FE.ZS","80.112995","81.004172","80.724887","81.214178","81.263643","81.008563","81.254292","81.926639","81.292442","80.65683","80.555056","80.791359","81.686747","81.104269","81.330389","81.708557","82.056456","81.964039","81.369679","82.419732","81.838411","82.377802","82.531522","82.006418","82.479135","82.30022","82.646848","82.515233","82.991026","83.094016","82.943396","82.741007","83.813952","84.225467","84.707066","84.592955","85.318566","85.029867","85.291409","85.687771","86.339571","86.464983","86.636734","86.866098","87.064099","87.116332","87.43772","87.267721","87.884161","87.719824","88.359964","88.779571","88.785512","88.977176","89.257092","88.911114","89.509792","89.407085","89.411317","89.688048","89.43502","86.768808","89.215842","90.373027","90.694162","",
"Slovenia","SVN","Survival to age 65, female (% of cohort)","SP.DYN.TO65.FE.ZS","79.110948","79.835283","79.999112","79.905933","79.596292","79.777657","79.603981","79.465898","78.949262","78.995097","79.712256","80.641175","81.486617","82.202663","82.527094","82.577867","82.492765","82.682814","82.798565","83.046827","83.063548","83.163934","82.839758","82.901339","83.302747","84.067942","84.429297","84.69966","84.934595","85.78381","86.043595","86.168043","85.813493","85.968382","86.330673","86.854531","87.380624","87.711516","87.932083","88.082629","88.370501","88.84145","89.174874","88.964478","89.488031","89.948665","90.445384","90.880272","91.144934","91.491152","91.634249","91.697435","91.743285","92.045228","92.28717","92.557462","92.471107","92.311248","92.678592","93.04073","93.23258","93.002931","92.734509","93.563022","93.50668","",
"Sweden","SWE","Survival to age 65, female (% of cohort)","SP.DYN.TO65.FE.ZS","83.601843","84.385306","84.647611","84.657161","84.632989","85.108982","85.70248","85.898525","85.642721","85.487608","86.039309","86.212511","86.527158","86.904341","86.943321","86.911327","86.93314","87.366097","87.892605","87.581127","87.65613","88.231565","88.323393","88.714888","88.808393","88.790961","89.074235","88.987984","88.929997","89.540775","89.373172","89.312489","89.653094","89.939392","90.023922","90.312343","90.454291","90.856681","90.803988","90.946593","90.790338","91.161606","91.321246","91.425321","91.526916","91.55977","91.762842","92.112621","92.109423","92.213096","92.543806","92.736432","92.781008","92.817231","92.969477","93.130117","93.171519","93.311372","93.446706","93.636601","93.802506","93.868147","93.96868","94.073573","94.17365","",
"Eswatini","SWZ","Survival to age 65, female (% of cohort)","SP.DYN.TO65.FE.ZS","40.333509","40.825842","41.419054","41.690254","42.32483","43.184558","44.12987","44.959988","45.880657","46.755802","47.644775","48.481187","49.137247","49.892258","50.751599","51.792666","52.872766","54.23445","55.586565","56.760424","57.884805","58.7183","59.796244","57.914483","60.881598","61.976855","62.658391","63.292228","63.198904","62.345272","60.871646","58.693405","55.834954","52.745667","49.240704","45.57806","41.686693","38.360221","34.994628","32.668421","30.324552","28.032874","26.629324","24.712796","22.575946","22.531746","24.137616","24.898013","25.086582","26.515438","29.445066","30.407443","34.209485","37.1596","40.237833","43.536208","46.764156","50.050285","52.678378","55.220664","55.496631","51.88999","62.647197","65.133766","65.385262","",
"Sint Maarten (Dutch part)","SXM","Survival to age 65, female (% of cohort)","SP.DYN.TO65.FE.ZS","70.302423","70.827271","71.414911","72.199685","72.89951","73.629459","74.67181","75.862366","76.865719","77.866542","78.722233","79.315989","79.907287","80.379278","80.663673","80.820606","80.851807","80.72876","80.654514","80.700541","80.845683","81.135933","81.510982","81.79013","81.977526","82.09443","82.147349","82.137609","82.180347","82.220473","82.291812","82.36435","82.491211","82.658636","82.892633","83.263164","83.758579","84.291383","84.798539","85.263018","85.524332","85.720312","85.897024","86.020378","86.199052","86.494466","86.809448","87.013702","87.178275","87.190857","87.260624","87.337062","87.687013","88.062616","88.477237","88.622847","88.637482","87.598697","88.120038","88.098701","88.122334","86.472155","88.93492","89.217237","89.359884","",
"Seychelles","SYC","Survival to age 65, female (% of cohort)","SP.DYN.TO65.FE.ZS","65.592918","65.771799","65.960907","66.867458","67.700823","68.209156","67.982169","68.063714","68.770832","69.415807","70.047822","70.873103","72.255397","73.711519","74.816398","75.570182","76.101794","76.57226","76.970628","77.265294","77.443338","77.627993","77.905062","78.138275","78.318018","78.505951","78.829431","79.256768","79.729927","80.285152","80.950908","81.576263","82.000675","82.199315","82.229601","82.186221","82.066774","81.63069","81.782591","81.716681","81.692017","81.79063","81.951978","82.24922","82.258389","82.686069","82.898758","83.067294","83.335508","83.455851","83.502742","83.503029","83.446573","83.355601","83.265579","83.203736","83.141225","83.025733","82.92035","82.840919","86.375353","81.161846","81.198026","84.462825","84.117943","",
"Syrian Arab Republic","SYR","Survival to age 65, female (% of cohort)","SP.DYN.TO65.FE.ZS","49.90488","51.044856","52.125202","53.122143","54.109662","55.073736","56.042457","57.040422","58.292249","59.418522","60.745506","62.132083","63.402651","64.627387","67.039551","69.148873","70.916289","72.268321","73.419323","73.916903","74.204583","71.715919","67.576674","74.213909","74.495907","74.765413","75.323114","76.099179","76.948479","77.759867","78.635898","79.251127","79.602196","79.636104","79.384317","78.930142","78.520844","78.220822","78.130679","78.458823","79.001524","79.791811","80.667327","81.574092","82.232839","82.752787","83.17212","83.592756","83.769709","83.975231","83.998994","82.736025","77.061976","75.94726","76.489939","75.408756","77.574439","77.556717","78.212162","81.724759","82.625803","82.244178","83.325705","81.904932","82.66098","",
"Turks and Caicos Islands","TCA","Survival to age 65, female (% of cohort)","SP.DYN.TO65.FE.ZS","57.979999","59.090048","59.593932","60.207684","60.857261","61.554208","62.148416","62.753876","63.293028","63.905381","64.584185","65.151569","65.684446","66.1995","66.764507","67.215722","67.75351","68.349289","68.8929","69.394271","69.978801","70.532945","71.029749","71.486928","72.042756","72.591819","73.186548","73.859861","74.617884","75.276233","75.923787","76.48931","77.037893","77.342377","77.789585","78.248432","78.744182","79.307074","79.984317","80.76496","81.698026","82.657067","83.618654","84.501366","85.222818","85.78613","86.153045","86.42859","85.50925","86.627832","86.715316","86.84876","86.978949","87.179948","87.387208","87.577438","87.792154","87.876664","88.000323","88.09795","88.152263","87.604869","88.37745","88.468486","88.6486","",
"Chad","TCD","Survival to age 65, female (% of cohort)","SP.DYN.TO65.FE.ZS","33.131816","33.438339","33.699876","34.117538","34.445204","34.585167","35.310198","35.668315","36.150441","36.517273","37.08205","36.061585","37.699505","37.824196","38.112528","38.477657","38.845264","39.159456","39.505709","39.852425","40.261185","40.403536","41.184182","42.207652","42.6984","42.909022","43.855601","43.07836","43.677774","43.98009","43.54889","43.223056","43.199062","42.953584","42.722728","43.035809","42.991619","43.319181","42.938103","42.951211","42.784037","42.965287","42.898165","43.072984","43.126175","43.096474","43.040897","43.615024","43.738326","44.034599","44.349414","44.766087","45.160489","45.536395","45.777861","46.027333","46.34759","46.965728","47.965143","49.03951","48.976176","48.495569","51.967047","52.797806","53.05712","",
"East Asia & Pacific (IDA & IBRD countries)","TEA","Survival to age 65, female (% of cohort)","SP.DYN.TO65.FE.ZS","29.5040126701332","36.1701155719903","47.650071978462","48.6026041801336","49.6351534385791","49.7841538955879","51.1853590160449","52.6620601485714","53.5461321783821","54.7910016366428","55.9636258127966","57.2116209211429","58.2809213363151","59.9100346728117","61.1146153805243","62.3509397892427","62.7192126611338","64.7490527338292","65.7612676932265","66.8967535642286","67.7736195537531","68.6286508034393","69.470970541788","70.3282474207024","71.0911714379936","71.8273658632826","72.4946223536429","73.1971362555571","73.7715814926826","74.329600565065","74.6201832684195","75.3223486490605","75.9851209045553","76.7968804105985","77.2815307709393","78.013677907034","78.6243495496661","79.1752043662318","79.650678885213","80.0179124163379","80.5032125676643","80.9922475056491","81.5129401074707","81.9475068581947","81.9030617739284","82.8642252934888","83.1798457948158","83.6065433313809","83.3338334619453","84.2478420353284","84.5462893266661","84.9157199976575","85.2664964627549","85.5386664050845","85.8582813837379","86.0973324329711","86.3286261677265","86.5816754904288","86.733980809121","86.8774048092375","86.7538009915977","85.6843127821147","87.0955074900077","87.1773067797772","87.2213140168018","",
"Europe & Central Asia (IDA & IBRD countries)","TEC","Survival to age 65, female (% of cohort)","SP.DYN.TO65.FE.ZS","73.7376954439621","74.4261409811339","74.7276020231078","75.3380481912073","76.0197971657013","76.2248144056274","76.4969571585223","76.6037880785948","76.8007028761213","76.6543330165999","76.8941391490005","77.17928716342","77.367374103717","77.5658191197603","77.6896717119663","77.5462196725568","77.5534707696585","77.6072407024664","77.6875881090203","77.626923378714","77.6939541523029","77.9703663417108","78.3786013897819","78.3925433594881","78.2630513985108","78.7451585032312","79.7161685366421","79.9440632384407","79.852466335751","80.1752758045909","80.0549805548545","79.8674032219072","79.016046868553","77.6669156091556","77.0791078137672","77.4240287215512","78.2640862252818","78.9559909275585","79.4278883304154","78.8463579275508","79.1229732960361","79.1153690686627","79.0345365670909","79.1178339139049","79.5147184916858","79.6713973316142","80.5664752916442","81.2588358697873","81.7246808843809","82.3663743416529","82.4377261815901","83.3160022134772","83.7948411846718","84.3334521085887","84.5787755262072","84.9313952615157","85.2786453861902","85.8690835439954","86.0696756606431","86.2609934801234","84.5657359323807","82.7985065629656","86.0936111894575","86.5087219713851","87.1056493371413","",
"Togo","TGO","Survival to age 65, female (% of cohort)","SP.DYN.TO65.FE.ZS","39.742696","39.976189","40.298437","40.653419","41.131354","41.505301","41.916984","42.518712","43.153742","43.584546","44.236387","44.850117","45.555073","46.193375","46.98002","47.634329","48.256887","49.003228","49.889253","50.692092","51.449658","52.496133","53.266854","54.171484","54.761401","55.213101","55.672515","55.901053","55.927303","55.143406","54.514979","53.576401","52.65815","51.855945","51.141472","50.872249","50.851966","50.661426","50.672743","51.230647","51.46571","51.485961","51.755714","52.027281","52.436078","52.909707","52.918436","53.124139","53.367586","53.72235","54.125615","54.652341","55.201229","55.8165","56.463937","57.217646","57.88116","58.712216","59.349438","60.055375","60.156839","59.864227","62.209579","62.976619","63.354201","",
"Thailand","THA","Survival to age 65, female (% of cohort)","SP.DYN.TO65.FE.ZS","44.600229","45.320523","45.820349","46.544869","47.560579","48.667198","49.787103","50.608001","51.599622","52.754134","54.106737","55.138783","56.21984","57.216094","58.61258","60.00213","61.476496","62.664699","63.479361","64.380815","65.300921","66.352595","67.436695","68.87595","70.760053","72.582583","73.959968","74.861954","75.556838","76.23433","76.959363","77.451275","77.911135","78.268288","78.716938","79.188782","79.750991","80.185953","80.375902","80.350206","80.270435","80.428989","80.677073","81.217664","81.146331","82.570569","83.360448","83.928643","84.59435","84.966248","85.428615","85.760285","86.108286","86.657541","86.925718","87.158241","87.057768","87.218416","87.371464","87.259511","87.415166","87.878265","84.821609","86.314667","86.818918","",
"Tajikistan","TJK","Survival to age 65, female (% of cohort)","SP.DYN.TO65.FE.ZS","53.379093","54.064626","54.886477","55.606684","56.327873","57.07199","57.842439","58.532031","59.130727","59.653567","60.040435","60.359618","60.616291","60.864698","61.050585","61.253948","61.423558","61.552587","61.716369","61.846724","61.982017","62.117744","64.947479","65.613271","65.548753","65.373702","66.816597","65.226414","67.553493","66.511827","66.398446","66.098054","64.653106","64.963124","65.708185","66.198867","65.455659","66.74455","67.233178","68.585173","68.493705","68.050411","70.295086","71.28598","74.088721","72.635222","73.543549","74.211848","75.396185","76.341505","76.117409","76.54043","77.440147","77.824604","78.135506","78.122547","78.426407","79.018895","79.582475","80.126784","76.210536","77.360872","81.096016","81.42723","81.297637","",
"Turkmenistan","TKM","Survival to age 65, female (% of cohort)","SP.DYN.TO65.FE.ZS","55.031532","55.611953","56.18757","56.764517","57.317938","57.892498","58.482735","59.075254","59.632306","60.109442","60.494149","60.773395","60.968386","61.105907","61.221247","61.360331","61.546457","61.829808","62.683249","63.949257","65.581112","66.810261","67.675897","68.182389","68.576005","69.107807","69.578437","70.002892","70.192067","70.386946","70.485339","70.438674","70.103732","69.755165","69.614297","69.782979","70.095816","70.686212","71.589456","72.682331","73.449734","73.943099","74.267739","74.722263","75.035428","75.306567","75.57524","76.166082","76.981652","77.909275","78.478434","78.753057","78.754021","78.845217","78.907529","78.988818","79.02517","79.064205","79.160104","79.291777","78.518716","78.721187","79.990905","80.277997","80.299695","",
"Latin America & the Caribbean (IDA & IBRD countries)","TLA","Survival to age 65, female (% of cohort)","SP.DYN.TO65.FE.ZS","55.121478119883","55.736073145813","56.3510337151329","56.9597108645073","57.7054399303225","58.5471707797693","59.3303083655602","60.1214359058568","60.4877887440811","60.8277758071448","60.6456624629846","61.9862334458966","62.6254134396694","63.4192652206855","64.0291471460447","64.9732873847471","65.4635835810332","66.5246690369226","67.1988626542066","67.8215443293179","68.4376364236573","69.018987229224","69.4987287616696","70.2528487952137","70.8947984936295","71.0930311077462","72.1508860550977","72.7242226018846","73.3056566076935","73.9762133303405","74.538491974817","75.0957019635186","75.618954516978","76.1482095319063","76.6086923668161","77.1643836748688","77.6675898233093","78.2093861996384","78.5124012021494","79.1216304195525","79.6394593793904","80.0543230356478","80.6237070019586","80.99062539979","81.3946685269579","81.8560122548199","82.1945642296106","82.5305884517618","82.7341787698671","82.8874303564894","82.7250562645257","83.5625337768699","83.8315749179321","84.0392242391598","84.2487376479738","84.443128041875","84.3761690198037","84.5743625710272","84.7946657568824","84.9875743302486","82.3381489933348","79.3542063262664","84.2026496132316","85.354457890081","85.5910666000503","",
"Timor-Leste","TLS","Survival to age 65, female (% of cohort)","SP.DYN.TO65.FE.ZS","21.901804","22.374477","22.875443","23.41297","24.010738","24.637169","25.287167","25.954204","26.644907","27.382576","28.116926","28.842263","29.554698","30.239271","27.083333","17.982301","20.069995","18.488337","15.7146","17.267348","25.97579","27.501809","29.174805","29.944817","32.904519","32.65676","33.318663","35.335697","35.39203","38.383619","38.801933","38.792205","40.351193","41.52108","42.694696","42.406621","43.54629","44.761956","44.309589","41.534704","57.685418","58.801515","59.952071","61.006915","61.995798","62.88268","63.890974","64.713754","65.454499","66.112785","66.808435","67.460256","68.051134","68.595026","69.097226","69.588713","70.053382","70.550513","71.128731","71.681509","72.600527","70.410043","73.109947","73.633303","73.991701","",
"Middle East, North Africa, Afghanistan & Pakistan (IDA & IBRD)","TMN","Survival to age 65, female (% of cohort)","SP.DYN.TO65.FE.ZS","37.3171138188671","38.3828236903966","39.0175652403639","40.3232647502637","41.524549197701","42.433295465314","43.7049600443679","44.8298552308272","45.6990811724623","46.8601213558174","47.8204427861704","47.5231942402155","49.5945595055087","50.5410545647547","51.4273385890939","52.4638554344934","53.1117848908942","54.6352409325217","55.3765192792236","57.0546979890002","58.3728516926035","59.5908775421295","60.4006909398339","61.820955025504","62.4093357986989","63.0693927987567","63.9097415417372","64.5264952196331","65.1052265051376","65.705270714994","65.739592200687","67.0110119080758","67.5888278339859","67.9220828143993","68.2371798155627","68.5978401186508","69.1063925952346","69.5494074337587","70.1940754722834","70.9425073758077","71.6321489121679","72.2958160071961","72.9128852230243","73.0900407364709","74.0420915071092","74.0203761022379","75.1765205202685","75.7098842604912","76.175004193448","76.5402134049774","76.8915209252727","77.2069638474273","77.3849438398494","77.7427092506505","78.1780062095546","78.4743809067642","78.9281908885161","79.3584979682666","79.7122804654344","80.1261020123184","78.2893258532543","77.1222399231581","80.6661047496978","81.1667532740514","81.3602392985131","",
"Tonga","TON","Survival to age 65, female (% of cohort)","SP.DYN.TO65.FE.ZS","57.968192","58.521025","59.321701","60.001795","60.709499","61.340715","62.149543","62.880874","63.659906","64.53286","65.435427","66.335772","67.26667","67.899965","68.721531","69.383127","69.89099","70.290395","70.756632","71.151945","71.520779","71.926571","71.839759","72.590467","72.895741","73.15354","73.475772","73.76145","74.07699","74.329859","74.584167","74.975135","75.335823","75.839325","76.260479","76.699332","77.097306","77.475731","77.830723","78.166572","78.502568","78.708163","79.116665","79.429949","79.722405","79.83842","80.075658","80.332871","80.55731","80.289022","80.961745","81.124134","81.274602","81.415197","81.487023","81.693176","81.816159","81.943446","82.076099","82.21076","82.369117","81.367755","82.468237","82.824568","83.025563","",
"South Asia (IDA & IBRD)","TSA","Survival to age 65, female (% of cohort)","SP.DYN.TO65.FE.ZS","37.7684296306995","38.1492027841255","38.6838570804451","39.0722358979197","39.6168027402308","38.1914788554871","38.8772155218821","39.2872796040408","41.2870906832393","41.7131328998907","40.9430010108591","40.0545472196847","43.0293460310589","43.6220606988592","44.3858385352442","45.2329313413971","46.0595215799622","46.8887108060276","47.8722291388754","48.868503781874","49.8545286141391","50.8457469476311","51.8295389621775","52.7972348090587","53.7337441247527","54.57729808655","55.4892482521496","56.2664339280768","56.9665639902794","57.6098211334555","58.2529969328109","58.3428111327096","59.4532699944657","60.0077523348304","60.6511670299934","61.2742247841366","61.955368585263","62.7022598259982","63.4910647215241","64.3372371792284","65.2994543851629","66.1738335524767","67.1936662102334","68.1218770128744","68.7897214082572","69.9039252214524","70.7436987090122","71.4848147520743","72.2042326541177","72.752669352593","73.3749697105424","73.8769967539523","74.3340575749309","74.7260535567223","75.1310842334705","75.4722079747015","75.8763356521376","76.2506160162826","76.6594354710988","77.0943652578341","76.2923448059431","70.6916905365992","78.623677552398","79.1363011702825","79.6804664388189","",
"Sub-Saharan Africa (IDA & IBRD countries)","TSS","Survival to age 65, female (% of cohort)","SP.DYN.TO65.FE.ZS","36.071721285348","36.5082100995369","36.9667593399074","37.4001516816273","37.8766167715201","38.270331524969","38.341251558158","38.9226972388585","39.6090321962815","39.9544921419306","40.4489608858584","40.8927328619765","41.0263404469778","41.7707615933011","42.1430194716531","42.6218717889819","43.4850730834312","44.124915563716","44.6489834383941","45.2515715858899","45.8633425069457","46.3075289993175","46.7319593732357","45.6405756724748","45.8425346787787","46.1197694581025","46.5459296360365","47.3448479632952","47.2178769598574","47.3526515947287","46.9630568795743","46.4989292826185","46.1801419873135","46.3766771480768","46.1810384946001","46.2154117991129","45.8471942071724","45.7910028411615","45.5077438659227","45.8744918525389","46.2694964744704","46.4404020079241","46.7742726057689","47.2566503858048","47.9223394089047","48.7170210879175","49.7587039407282","50.8905904497823","51.9914867704867","52.9777011486038","54.1988834301137","54.9814451782882","56.2849018021478","57.2741183128533","57.96151495159","58.700201766976","59.5084909738957","60.2375198737387","61.2891377006413","62.0232541059291","62.0360087588394","60.4932180701484","63.4522839591507","64.7401024520099","64.978038843419","",
"Trinidad and Tobago","TTO","Survival to age 65, female (% of cohort)","SP.DYN.TO65.FE.ZS","63.947691","64.889114","65.91677","65.861238","66.361293","66.769488","66.947653","67.185179","67.316615","67.4696","67.442413","67.437916","67.896379","68.238633","68.578341","68.816968","69.537195","70.013473","70.369325","70.633744","71.182465","71.422654","71.042706","71.096844","71.423804","71.469546","71.311414","71.707313","72.084216","72.162929","72.43884","72.671605","72.458461","72.15511","72.152256","72.096316","72.1928","72.286579","72.897207","73.251638","73.950647","74.66401","75.691556","76.480806","77.629436","78.254942","78.992517","79.889699","80.604586","81.077033","81.816468","82.395694","82.780408","83.003622","83.162831","83.122973","83.092498","83.031279","82.673226","82.612503","82.586441","79.457662","83.336843","83.573439","84.111584","",
"Tunisia","TUN","Survival to age 65, female (% of cohort)","SP.DYN.TO65.FE.ZS","37.785569","38.781143","40.054354","41.297271","42.561923","43.920285","45.339812","46.816916","48.639022","50.270023","52.962449","55.14391","57.365783","59.092298","60.93653","62.684495","64.243322","65.838054","67.384083","68.81962","70.056978","71.155623","72.169472","73.275641","74.291455","75.295112","76.266859","77.286448","78.146838","78.891221","79.46418","79.989946","80.400951","80.935674","81.631816","82.513559","83.290809","83.893546","84.383426","84.686645","84.994497","85.225384","85.51412","85.783496","86.027514","86.248763","86.457915","86.642081","86.838672","87.008126","87.148387","87.203592","87.356606","87.488871","87.645261","87.839728","88.073234","88.31638","88.525075","88.775682","88.098056","85.339398","89.196152","89.65073","90.067872","",
"Turkiye","TUR","Survival to age 65, female (% of cohort)","SP.DYN.TO65.FE.ZS","55.414265","56.376922","57.218543","58.376675","58.934866","59.474436","59.911641","60.702394","61.386949","62.060134","62.662969","63.325607","64.319805","65.121048","65.892609","66.46139","67.102786","68.396046","69.572713","70.231333","70.860302","71.360163","71.974753","72.715051","73.580448","74.28089","74.977003","75.654017","76.457647","77.122107","77.768666","78.429039","78.96691","79.6073","80.217226","80.812507","81.461726","82.05003","82.63466","81.525443","83.755447","84.278019","84.795286","85.288405","85.739706","86.227831","86.621035","87.058114","87.391478","87.763766","88.027316","87.935453","88.683144","89.27544","89.62896","89.823298","89.974917","90.394163","90.79082","91.068643","90.616501","88.853835","90.84317","88.607063","90.486062","",
"Tuvalu","TUV","Survival to age 65, female (% of cohort)","SP.DYN.TO65.FE.ZS","44.468029","45.469571","46.462882","47.584803","48.579342","49.592254","50.577672","51.461819","52.429898","53.39566","54.336025","55.350344","52.259897","57.189941","57.654326","58.328986","59.005074","59.521159","59.96696","60.268095","60.73082","61.017007","61.460078","61.795951","61.978276","62.209128","62.332479","62.447634","62.490693","62.717642","62.864657","63.109299","60.155405","63.455927","63.664388","63.872868","64.135339","64.465783","64.669246","64.938577","65.190424","65.499552","65.767274","65.934424","66.136852","66.383859","66.641798","66.92784","67.204695","67.539501","67.914562","68.245924","68.620441","68.900448","69.22407","69.593968","69.922271","70.218961","70.60996","70.978807","71.354679","69.608762","72.116111","72.604073","72.895509","",
"Tanzania","TZA","Survival to age 65, female (% of cohort)","SP.DYN.TO65.FE.ZS","35.172613","35.440314","35.990076","36.665037","37.349556","38.014843","38.662332","39.355693","40.402995","41.194414","42.139866","42.985683","43.748632","44.655401","45.537217","46.319598","47.345867","48.201823","48.896837","49.439388","50.677429","51.797725","52.596411","53.098555","52.844936","52.515167","52.040118","51.338291","50.692475","49.819882","49.146452","48.275964","47.007018","45.811549","44.846265","44.105321","43.576653","43.109852","43.331479","43.772563","45.114235","46.482558","47.524044","49.105593","50.526669","51.790094","53.348702","54.605701","55.589467","56.274191","57.51099","58.227904","59.704397","60.589095","62.146333","63.307318","64.371856","65.782302","67.139437","68.461364","70.356631","68.342314","69.256505","69.286895","69.661802","",
"Uganda","UGA","Survival to age 65, female (% of cohort)","SP.DYN.TO65.FE.ZS","41.463619","42.539387","43.522222","44.414","45.228724","45.945248","46.26493","47.070034","47.502097","47.865808","48.006931","45.286933","45.317919","43.689745","44.753572","42.967281","42.398445","41.840523","42.8324","42.33829","40.898975","40.601648","40.583233","40.394982","40.26886","41.898646","41.695404","41.883828","41.387516","40.748348","40.176766","39.615173","39.23334","38.673904","38.091372","37.533262","37.195063","37.146371","37.073193","37.951041","38.86453","40.128926","41.536588","43.054075","44.969704","46.924831","48.778443","50.507042","52.125236","53.680185","55.072939","56.297919","57.744929","59.204961","60.645502","62.074446","63.419575","64.670117","65.852613","67.111064","67.784757","67.019078","69.60101","70.449053","70.825647","",
"Ukraine","UKR","Survival to age 65, female (% of cohort)","SP.DYN.TO65.FE.ZS","78.707831","79.71205","80.280862","80.632327","81.088401","81.247346","81.439417","81.467999","81.586422","81.429245","81.519241","81.380539","81.58586","81.40268","81.298564","81.065764","81.041031","80.9607","80.783281","80.648551","80.641272","80.736323","80.886911","80.931019","80.942005","81.288036","81.760658","82.199541","82.23792","82.156743","81.753712","81.046088","80.130069","79.265289","78.200088","77.633698","77.589611","78.447328","78.973734","79.221243","79.009304","78.875527","78.750323","78.485555","78.146407","78.168594","78.201754","78.535844","79.236918","80.415624","81.749023","82.406814","82.758475","83.280747","83.753384","84.533936","85.046713","85.579044","85.623963","86.119178","85.063732","82.675406","85.928165","86.775174","86.909752","",
"Upper middle income","UMC","Survival to age 65, female (% of cohort)","SP.DYN.TO65.FE.ZS","37.2048319240975","42.4822399490479","51.2520446203047","52.2105361095892","53.1451859507899","53.4133916319683","54.5786840022224","55.8159448808257","56.6545830527037","57.5861362537642","58.4340587922599","59.5901507465044","60.6821362633159","61.9502159382303","63.0364130342039","64.0489451022193","64.3785269112125","66.0949408306535","66.9216381447848","67.8246285557089","68.6121090634885","69.392688162515","70.1613294412723","70.9904908313798","71.7341807022536","72.3789349563387","73.113833568367","73.7833765731326","74.2503882934028","74.8428165774106","75.0664988881915","75.7808897621787","76.3043255398357","76.9657495540156","77.3985637964047","77.9707482503521","78.4879258106965","78.967555767236","79.3942027600749","79.673503410395","80.1644094305809","80.59640797878","81.0357083028764","81.3513897481542","81.4564133260862","82.2704422004246","82.6752959030675","83.1004655147671","83.2788402418308","83.8465591752531","84.2285906618658","84.6501820758397","85.0602415896444","85.3935543565203","85.7414058960947","86.0029498054569","86.2009912780889","86.4499204227406","86.6987587230959","86.8987983340737","85.8947357392725","84.4845089696467","86.9069631934997","87.1835092106078","87.2814515218669","",
"Uruguay","URY","Survival to age 65, female (% of cohort)","SP.DYN.TO65.FE.ZS","76.001711","76.234162","76.423469","76.592467","76.744297","76.896459","77.049053","77.205754","77.382021","77.534026","77.788206","78.074517","78.413936","78.681205","78.94153","79.197934","79.456085","79.778274","80.157418","80.229538","80.479288","80.956453","81.764573","82.13559","82.420958","82.506552","82.813214","82.941374","83.258236","83.522295","83.608371","83.95203","84.094942","84.294891","84.311698","84.584896","84.903171","84.916257","85.156356","85.394074","85.691289","85.713827","85.608296","85.745094","85.8342","86.333352","86.395115","86.573053","86.5219","86.847486","86.969054","87.054451","87.021352","87.224314","87.286165","87.302864","87.218544","87.299254","87.422518","87.394223","87.813433","85.065377","86.208192","87.996718","88.247774","",
"United States","USA","Survival to age 65, female (% of cohort)","SP.DYN.TO65.FE.ZS","78.217351","78.842304","78.614493","78.398526","78.678819","78.905771","79.084443","79.448876","79.030193","79.485345","79.621836","80.063825","80.355632","80.577302","81.269686","81.938968","82.264434","82.665173","82.900822","83.483615","83.412445","83.701062","84.067376","84.134416","84.267374","84.335492","84.471199","84.583587","84.553999","84.859","85.145083","85.266684","85.551791","85.388443","85.542187","85.594196","85.861594","86.122082","86.393867","86.408461","86.515621","86.546664","86.659299","86.699123","87.053591","87.099775","87.271537","87.546887","87.649289","87.754436","88.066423","88.028523","88.081335","88.042553","87.888605","87.757762","87.548253","87.558712","87.740089","87.818219","86.083526","84.585182","86.451241","88.080396","88.437398","",
"Uzbekistan","UZB","Survival to age 65, female (% of cohort)","SP.DYN.TO65.FE.ZS","58.6045","59.170453","59.757349","60.365834","61.001943","61.630697","62.26475","62.913047","63.559264","64.212899","64.888959","65.541674","66.159931","66.714323","67.254512","67.763236","68.250095","68.750417","69.219447","69.700932","70.155169","70.564962","70.977021","71.444448","72.097189","72.833528","73.508365","74.009839","74.181349","74.019021","73.683751","73.497476","72.712657","71.935522","71.089246","71.603722","72.207191","72.571029","72.248825","72.154148","72.389712","73.013606","73.876481","74.348054","74.623439","74.678529","75.344026","76.552161","77.378175","78.013748","78.10997","78.50261","78.874203","79.249732","79.570996","79.863582","80.199418","80.602417","81.31407","81.536681","80.86448","80.60358","80.977719","81.729905","81.805518","",
"St. Vincent and the Grenadines","VCT","Survival to age 65, female (% of cohort)","SP.DYN.TO65.FE.ZS","60.65671","61.73711","62.713042","63.594662","64.348653","64.969074","65.578755","66.089669","66.747414","67.283277","67.849497","68.19023","68.523518","68.82461","69.194998","69.831667","70.872885","71.363754","71.821633","77.269534","72.644569","73.01234","73.352565","73.477096","74.272263","75.460495","76.306126","77.291698","77.919861","77.992528","77.898624","77.789146","73.982682","77.521396","77.361838","77.184193","77.377189","77.677514","77.626013","77.831242","78.072327","78.303239","75.99082","78.735757","78.937845","79.130779","79.181835","79.160568","79.100808","79.113932","78.911041","78.840062","78.744651","77.865404","78.487054","79.461356","77.735571","78.97786","79.045506","79.114202","80.230099","76.13358","79.219034","79.257889","79.554233","",
"Venezuela, RB","VEN","Survival to age 65, female (% of cohort)","SP.DYN.TO65.FE.ZS","56.603801","57.816511","58.930118","60.190022","61.401652","62.621114","64.819901","65.94582","66.037692","65.500736","68.135215","68.767106","69.783066","70.435118","71.462486","72.334","73.579325","74.935973","75.657453","75.91521","76.214898","76.774797","77.398936","78.303877","78.472942","78.64712","79.660461","79.634365","79.662788","79.812965","79.924365","80.384237","80.715599","81.236946","80.904802","81.454077","81.613235","82.432408","82.962188","82.183318","83.315405","82.070158","84.42138","83.151551","84.069395","84.118057","84.320172","85.243265","84.236928","84.303861","84.525222","84.939352","84.715269","84.482665","84.279846","84.509769","83.398641","82.597874","83.185972","83.41981","83.160238","81.471758","83.167078","83.121696","83.304379","",
"British Virgin Islands","VGB","Survival to age 65, female (% of cohort)","SP.DYN.TO65.FE.ZS","66.13735","67.111772","67.892083","68.601137","69.218626","69.824365","70.42139","71.006184","71.653813","72.194514","72.899723","73.528557","74.144521","74.765305","75.451176","75.972102","76.510526","76.970167","77.448523","77.877813","78.370459","78.738968","79.094626","79.389803","79.599872","79.834399","80.070212","80.408376","80.81911","81.311907","81.814973","82.447847","83.003035","83.553609","84.327492","85.004046","85.514266","85.901415","86.135981","86.24445","86.318747","86.398071","86.695613","87.093182","87.625395","88.08689","88.498297","88.786918","89.14843","89.414886","89.574803","89.719067","89.857631","89.889956","89.949235","89.964846","89.996589","87.842561","90.108563","90.190121","90.26821","87.897801","90.475594","90.590465","90.73406","",
"Virgin Islands (U.S.)","VIR","Survival to age 65, female (% of cohort)","SP.DYN.TO65.FE.ZS","67.639442","67.451913","64.917288","61.571867","67.897976","72.874659","66.948567","68.823075","70.823238","72.494578","74.170618","75.653934","70.625697","76.64842","76.890758","77.183868","77.406117","77.608055","77.791871","77.982783","78.577514","78.842591","79.113902","79.42565","79.81245","79.874258","80.466475","80.848453","81.330026","81.505199","81.66631","81.865738","82.058615","82.183073","82.349808","82.03867","82.697175","82.537022","82.463027","82.773142","84.243427","84.259503","84.295588","83.290806","83.314508","84.076505","84.812565","85.256859","85.629051","86.327883","87.039935","87.409667","88.017149","88.610051","89.100151","89.536125","89.942461","89.948565","90.542547","90.703575","90.810931","90.254666","90.751691","91.223671","91.342566","",
"Viet Nam","VNM","Survival to age 65, female (% of cohort)","SP.DYN.TO65.FE.ZS","60.625392","61.441109","61.528295","60.362701","60.969609","61.048337","61.318411","61.301438","56.571701","59.462456","59.855567","60.854048","56.475311","61.425071","60.504983","69.531758","71.990088","72.799635","73.720382","74.651081","75.271259","75.83898","76.23126","76.47286","76.888585","77.358451","77.959754","78.59494","79.155531","79.40424","79.835132","80.155444","80.383079","80.658704","80.949475","81.763953","82.401341","83.023554","84.17029","84.9368","85.280706","85.748288","86.14842","86.341101","85.894815","86.059941","86.167077","86.29253","86.360548","86.427518","86.550024","86.62148","86.655589","86.722273","86.8085","86.921345","86.989958","87.022567","87.108092","87.229146","88.499837","86.802638","87.494845","87.556897","87.686787","",
"Vanuatu","VUT","Survival to age 65, female (% of cohort)","SP.DYN.TO65.FE.ZS","43.13416","43.900998","44.723765","45.580609","46.588576","47.47614","48.368976","49.2663","50.12588","50.852037","51.698793","52.576858","53.373362","54.424399","55.32867","56.28979","57.204334","58.306887","59.6497","61.856669","63.005494","64.132657","65.253635","66.431594","67.478091","68.39481","69.840784","69.161782","71.833696","72.505478","73.778486","74.540304","75.139045","75.522777","76.057415","76.011974","75.960452","75.739797","75.609701","74.284008","75.634833","75.716397","75.833504","75.833208","75.749832","76.125839","76.251915","76.619794","77.030664","77.233077","77.464107","77.679747","77.965191","77.951091","77.830593","77.926882","78.117217","78.087082","78.285933","78.525497","78.468119","76.247188","79.232324","79.492048","79.789839","",
"World","WLD","Survival to age 65, female (% of cohort)","SP.DYN.TO65.FE.ZS","51.3682436450105","53.5964805303543","56.9150787549832","57.4579638449791","58.1661582627024","58.1249342601348","58.7582050419915","59.472783921823","60.0677675469635","60.5040680700252","60.8251722544638","61.2191243707612","62.1866966974177","62.9261168760581","63.5622195716619","64.2202158967373","64.6107156893432","65.5669843469649","66.1383914134776","66.8350315686023","67.3550805894226","67.9800105193109","68.5473457691544","68.9710802355852","69.4531569939295","69.9048061976816","70.505399236704","70.9905565770091","71.3073717858684","71.6901386352504","71.8530428390615","72.1026532293108","72.4553847252035","72.6995027488606","72.9148375971109","73.2147307404337","73.6176034385909","74.0257989388205","74.3610952661009","74.663417750072","75.1037485685066","75.4722275659181","75.8942610096694","76.3034031304986","76.5955300284289","77.180074307381","77.68623561917","78.1468904886348","78.3529118107191","78.8772435192297","79.199006140242","79.5711017162662","79.9306918607292","80.2156206890969","80.4689253653989","80.6755571311441","80.8935013571438","81.1462319711774","81.3879004458727","81.607310668295","80.7351427191746","78.4091946199846","81.7843551721466","82.3143901023037","82.5106424243999","",
"Samoa","WSM","Survival to age 65, female (% of cohort)","SP.DYN.TO65.FE.ZS","53.166537","54.069784","55.053811","55.908082","49.608606","57.565625","57.986241","59.218745","60.070148","60.917083","61.794335","62.666657","63.450248","64.398402","65.259711","66.089686","66.922144","67.717927","68.485179","69.210982","69.911741","70.571839","71.247932","71.844087","72.418803","72.961308","73.48312","73.979798","74.456836","74.93065","75.137614","75.503436","76.457823","77.025253","77.629566","78.180098","78.681487","79.119397","79.502509","79.854775","80.172971","80.488895","80.747804","81.019897","81.007867","80.858878","81.044274","80.901633","80.577502","76.063323","80.098954","79.751534","78.981042","78.889268","78.429648","78.002626","77.651564","77.433086","77.391316","75.922212","77.129653","77.014648","78.040632","78.307756","78.569653","",
"Kosovo","XKX","Survival to age 65, female (% of cohort)","SP.DYN.TO65.FE.ZS","49.125496","51.681375","47.09793","50.995359","53.597667","56.56049","57.414914","58.303153","58.683659","58.891525","58.995479","62.8884","61.303362","63.813674","64.208826","66.275273","66.050704","68.086618","67.683085","68.634711","70.419322","70.427437","67.675777","70.299883","70.434544","69.100721","71.494165","73.474688","74.55455","75.993674","78.933249","78.494565","79.593645","80.742066","80.879921","80.613661","80.834393","81.446045","81.473952","71.026908","83.469585","83.947861","84.406238","84.930068","85.356014","85.318316","85.798143","87.412595","88.048462","87.554728","86.959899","88.035874","88.539482","89.525627","89.382021","88.352173","89.487635","89.807094","89.796416","89.957983","88.162065","85.888671","90.990768","90.662615","90.934549","",
"Yemen, Rep.","YEM","Survival to age 65, female (% of cohort)","SP.DYN.TO65.FE.ZS","31.115503","31.738148","31.538438","31.240255","32.691389","33.550619","34.217861","35.161875","36.116579","37.961417","38.824436","39.991631","41.073937","42.083842","43.094542","44.052024","45.080592","46.262253","47.567273","48.750064","50.091947","51.37945","51.994881","53.732887","54.967063","56.031927","56.451148","57.930544","58.659117","59.5615","60.212471","60.963598","61.61348","62.262727","62.857256","63.614475","64.18593","64.872995","65.495931","66.160133","66.820484","67.532794","68.429668","69.389358","70.058426","70.844389","71.520598","72.215076","72.773452","73.247305","73.774","74.160203","74.481029","74.96203","75.149055","74.501289","74.922371","75.156762","74.661667","74.977681","74.218857","72.561975","75.086716","77.289568","77.532473","",
"South Africa","ZAF","Survival to age 65, female (% of cohort)","SP.DYN.TO65.FE.ZS","49.383833","50.390298","51.106658","51.674946","52.166922","52.512981","53.033631","53.455543","53.883974","54.311434","54.745907","55.237067","55.629424","56.046396","56.60702","57.262267","58.044054","58.991034","59.816343","60.577931","61.543633","62.292826","63.106538","63.855485","64.715656","65.530083","66.135653","66.530072","67.174706","67.394959","67.344408","67.306646","66.847886","66.091001","64.887839","63.072816","61.671572","59.880659","58.251241","56.517507","54.889603","51.987401","48.726313","46.098828","44.597025","43.784505","44.223334","45.702182","47.643868","50.090078","52.84774","55.828458","58.507062","60.186383","61.891691","63.078146","64.343349","65.400996","66.208822","67.134392","64.152868","58.39042","67.756465","69.09985","67.721222","",
"Zambia","ZMB","Survival to age 65, female (% of cohort)","SP.DYN.TO65.FE.ZS","49.057232","49.575333","50.015387","50.348887","50.000846","51.168468","51.463304","51.824727","52.048994","52.573408","53.013925","53.695972","54.404674","55.063099","55.78101","56.365134","57.119077","57.59779","57.753984","57.563818","56.549279","55.676834","54.665921","53.171513","51.762814","49.869179","47.930815","46.248555","44.431856","42.584306","40.833415","39.051241","37.718883","36.815939","35.503688","34.454205","33.109683","32.648806","31.757001","31.496205","32.074097","33.023216","34.57884","36.512458","36.996923","38.415814","40.646429","42.524013","45.217625","47.2924","49.79929","52.52804","54.613852","56.379646","58.290868","60.18051","61.0642","62.451424","64.005619","66.220287","67.260429","64.584766","71.40193","73.505401","73.834741","",
"Zimbabwe","ZWE","Survival to age 65, female (% of cohort)","SP.DYN.TO65.FE.ZS","52.723504","53.486032","54.272217","55.068056","55.86269","56.627855","57.371461","58.076309","58.744215","59.208349","59.670332","60.066885","60.375777","60.600099","60.836007","61.006722","61.024386","61.036036","60.578687","60.722558","62.40985","62.848152","63.398442","63.625129","64.469896","64.874346","64.835508","64.108267","62.785746","60.631114","57.367322","53.948157","50.205897","46.083232","42.461663","39.072098","34.431532","32.255811","30.238344","27.33907","25.92163","21.480119","24.706592","22.750701","24.16618","25.09826","25.954757","26.518881","28.94386","31.873077","36.244406","41.503142","43.81265","47.18836","49.811485","51.531251","53.524173","54.617645","56.202386","56.835005","58.024161","54.143421","59.856195","60.70458","61.220035","",
